{
	"gsaa": [
		-9.215686274509803,
		-9.144736842105262,
		-8.823529411764707,
		-7.8632478632478655,
		-6.160714285714285,
		-5.714285714285714,
		-5.221238938053096,
		-4.736842105263159,
		-4.536082474226802,
		-4.13793103448276,
		-4.117647058823531,
		-3.969465648854964,
		-3.956043956043958,
		-3.725490196078432,
		-3.7254901960784284,
		-3.5869565217391273,
		-3.434343434343433,
		-3.2867132867132884,
		-3.278688524590164,
		-3.263888888888891,
		-3.2631578947368434,
		-3.225806451612903,
		-2.968749999999998,
		-2.9655172413793083,
		-2.923076923076921,
		-2.8888888888888906,
		-2.46987951807229,
		-2.247191011235955,
		-2.0000000000000018,
		-1.9047619047619029,
		-1.8644067796610195,
		-1.8253968253968231,
		-1.7699115044247788,
		-1.7346938775510197,
		-1.7142857142857133,
		-1.6981132075471705,
		-1.6265060240963871,
		-1.609195402298853,
		-1.467889908256882,
		-1.4545454545454493,
		-1.4393939393939383,
		-1.4141414141414126,
		-1.3636363636363615,
		-1.25,
		-1.1320754716981114,
		-0.7894736842105251,
		-0.7017543859649129,
		-0.6896551724137907,
		-0.5487804878048772,
		-0.5426356589147254,
		-0.35211267605633806,
		-0.1694915254237272,
		-0.12048192771084508,
		0,
		0,
		0,
		0.07407407407407512,
		0.0763358778625965,
		0.08196721311474944,
		0.13605442176870458,
		0.22058823529411556,
		0.27027027027026934,
		0.47945205479451763,
		0.489130434782608,
		0.5263157894736842,
		0.5263157894736855,
		0.5376344086021506,
		0.736842105263161,
		0.7594936708860778,
		0.8441558441558469,
		0.9150326797385657,
		1.1818181818181857,
		1.2121212121212133,
		1.2244897959183654,
		1.2499999999999987,
		1.4124293785310735,
		1.5591397849462358,
		1.7821782178217793,
		1.9858156028368823,
		2.01754385964912,
		2.058823529411759,
		2.0634920634920664,
		2.1311475409836094,
		2.1341463414634148,
		2.539682539682542,
		2.7777777777777777,
		2.7950310559006213,
		2.9069767441860463,
		2.9670329670329663,
		3.095238095238094,
		3.2283464566929148,
		3.3333333333333317,
		3.4285714285714266,
		3.432835820895523,
		3.591549295774649,
		3.6405529953917077,
		4.031007751937986,
		4.079601990049753,
		4.096385542168672,
		4.186046511627908,
		4.415584415584418,
		4.6258503401360525,
		5.123966942148763,
		5.263157894736842,
		5.312499999999998,
		5.909090909090909,
		8.217054263565892,
		8.571428571428571,
		9.514563106796112,
		10.357142857142856
	],
	"crossStopRate": [
		3.0690537084398977,
		3.225806451612903,
		3.4129692832764507,
		3.8095238095238098,
		3.861003861003861,
		3.932584269662921,
		4.0201005025125625,
		4.184100418410042,
		4.504504504504505,
		4.607046070460704,
		4.644808743169399,
		4.672897196261682,
		4.9504950495049505,
		4.953560371517028,
		5.027932960893855,
		5.079365079365079,
		5.092592592592593,
		5.164319248826291,
		5.194805194805195,
		5.208333333333334,
		5.223880597014925,
		5.2805280528052805,
		5.3627760252365935,
		5.46448087431694,
		5.49738219895288,
		5.543237250554324,
		5.5762081784386615,
		5.649717514124294,
		5.82010582010582,
		5.844155844155844,
		5.86080586080586,
		6,
		6.028368794326241,
		6.206896551724138,
		6.230529595015576,
		6.26865671641791,
		6.374501992031872,
		6.451612903225806,
		6.484641638225256,
		6.521739130434782,
		6.5420560747663545,
		6.544502617801047,
		6.585365853658537,
		6.613756613756613,
		6.620209059233449,
		6.626506024096386,
		6.666666666666667,
		6.692913385826772,
		6.705539358600583,
		6.756756756756757,
		6.896551724137931,
		7.03125,
		7.05521472392638,
		7.094594594594595,
		7.174887892376682,
		7.18562874251497,
		7.251908396946565,
		7.2992700729927,
		7.310704960835509,
		7.43801652892562,
		7.473309608540925,
		7.555555555555555,
		7.584269662921349,
		7.6,
		7.6190476190476195,
		7.636363636363637,
		7.643312101910828,
		7.751937984496124,
		7.784431137724551,
		7.8125,
		7.8431372549019605,
		7.8817733990147785,
		7.903780068728522,
		7.936507936507936,
		7.954545454545454,
		8.020050125313283,
		8.02919708029197,
		8.058608058608058,
		8.333333333333332,
		8.433734939759036,
		8.59106529209622,
		8.741258741258742,
		8.771929824561402,
		8.881578947368421,
		8.978328173374612,
		9.06344410876133,
		9.090909090909092,
		9.170305676855897,
		9.491525423728813,
		9.539473684210527,
		9.608540925266903,
		9.94475138121547,
		10,
		10.08174386920981,
		10.176991150442479,
		10.196078431372548,
		10.232558139534884,
		10.256410256410255,
		10.4,
		10.46831955922865,
		10.619469026548673,
		11.44578313253012,
		11.76470588235294,
		11.76470588235294,
		12.237762237762238,
		12.280701754385964,
		12.745098039215685,
		14.136125654450263,
		14.209115281501342,
		14.374999999999998
	],
	"gkPassSuccRateAboveExpected": [
		-56.07813302910767,
		-20.34529212658331,
		-17.198062790764887,
		-13.147000299828592,
		-11.839544635055663,
		-11.578232739241244,
		-9.395651842485659,
		-9.08405513880756,
		-8.856979729062427,
		-8.41103013410185,
		-7.841079313028916,
		-6.847566251709517,
		-6.358302208841296,
		-6.152657000613749,
		-6.03203317512809,
		-5.456327984208807,
		-5.415591988286702,
		-5.346168347066102,
		-5.091885458192617,
		-5.03828535405358,
		-4.938909265031998,
		-4.683344724705173,
		-4.305373446801012,
		-4.0477980290355315,
		-3.7524544322183573,
		-3.712056045959859,
		-3.7096494492041097,
		-3.687543188138946,
		-3.6362952256699477,
		-3.60079166175554,
		-3.1815354151195616,
		-3.175730416668613,
		-3.073147734315769,
		-2.9562002886548635,
		-2.7667354693491495,
		-2.703706028343305,
		-2.7033443672286572,
		-2.599723443047496,
		-2.4146235418046667,
		-2.394777363521071,
		-2.3749413716960905,
		-2.343992088846435,
		-2.2263606696926987,
		-2.165610682596517,
		-2.067330195172527,
		-2.05945159958893,
		-1.6566069769190455,
		-1.6023282465389224,
		-1.3173310442174497,
		-1.2318350002322238,
		-1.1565079006346102,
		-1.112140212424418,
		-1.0831341968048962,
		-0.976110108214123,
		-0.9455025772143345,
		-0.7368596873897696,
		-0.6322573843597307,
		-0.5609025439575817,
		-0.48938285885493016,
		-0.3710829116092921,
		-0.33749964271889593,
		-0.2694212123280033,
		-0.19594743138124557,
		-0.16936505425119563,
		0.0025356861607406245,
		0.006172656310828491,
		0.08380580272206548,
		0.20431193675838122,
		0.2431663142539653,
		0.33813782262933567,
		0.39456608034500723,
		0.49985630080602256,
		0.5961349744521165,
		0.6123928574780242,
		0.616407139255923,
		0.8058380945335178,
		0.9339141883707359,
		0.9731754983000699,
		1.1650747621653406,
		1.5704715071536728,
		2.1837875889208016,
		2.221257300577412,
		2.6062616192735573,
		2.9023400907371713,
		3.324229398620505,
		3.336141621198608,
		3.4017788437474805,
		3.4434391131386834,
		3.6060985315262,
		3.6402188723005726,
		3.757369416497743,
		4.042923143695612,
		4.128355613561285,
		4.488278690432666,
		4.580501549693462,
		4.84375491370808,
		4.863648143713581,
		4.881990584041271,
		5.325112810701177,
		5.574077807580415,
		7.284178374175979,
		7.610755876376743,
		7.62333523669199,
		7.630826412286841,
		7.686879218893675,
		9.165042449445474,
		12.515965953087344,
		18.0424409844842,
		18.776163893461476,
		52.78047760780497
	]
}