{
	"gsaa": [
		-9.215686274509803,
		-9.144736842105262,
		-8.823529411764707,
		-7.8632478632478655,
		-6.160714285714285,
		-5.714285714285714,
		-5.221238938053096,
		-4.736842105263159,
		-4.536082474226802,
		-4.13793103448276,
		-4.117647058823531,
		-3.969465648854964,
		-3.956043956043958,
		-3.725490196078432,
		-3.7254901960784284,
		-3.5869565217391273,
		-3.434343434343433,
		-3.2867132867132884,
		-3.278688524590164,
		-3.263888888888891,
		-3.2631578947368434,
		-3.225806451612903,
		-2.968749999999998,
		-2.9655172413793083,
		-2.923076923076921,
		-2.8888888888888906,
		-2.46987951807229,
		-2.247191011235955,
		-2.0000000000000018,
		-1.9047619047619029,
		-1.8644067796610195,
		-1.8253968253968231,
		-1.7699115044247788,
		-1.7346938775510197,
		-1.7142857142857133,
		-1.6981132075471705,
		-1.6265060240963871,
		-1.609195402298853,
		-1.467889908256882,
		-1.4545454545454493,
		-1.4393939393939383,
		-1.4141414141414126,
		-1.3636363636363615,
		-1.25,
		-1.1320754716981114,
		-0.7894736842105251,
		-0.7017543859649129,
		-0.6896551724137907,
		-0.5487804878048772,
		-0.5426356589147254,
		-0.35211267605633806,
		-0.22598870056497095,
		-0.12048192771084508,
		-0.0529100529100499,
		0,
		0,
		0.07407407407407512,
		0.0763358778625965,
		0.08196721311474944,
		0.13605442176870458,
		0.22058823529411556,
		0.27027027027026934,
		0.47945205479451763,
		0.489130434782608,
		0.5263157894736842,
		0.5263157894736855,
		0.5376344086021506,
		0.736842105263161,
		0.7594936708860778,
		0.8441558441558469,
		0.9150326797385657,
		1.1818181818181857,
		1.2121212121212133,
		1.2244897959183654,
		1.2499999999999987,
		1.4124293785310735,
		1.5591397849462358,
		1.7821782178217793,
		1.9858156028368823,
		2.01754385964912,
		2.058823529411759,
		2.0634920634920664,
		2.1311475409836094,
		2.1341463414634148,
		2.539682539682542,
		2.7777777777777777,
		2.7950310559006213,
		2.9069767441860463,
		2.9670329670329663,
		3.095238095238094,
		3.2283464566929148,
		3.3333333333333317,
		3.4285714285714266,
		3.432835820895523,
		3.591549295774649,
		3.6405529953917077,
		4.031007751937986,
		4.079601990049753,
		4.096385542168672,
		4.186046511627908,
		4.415584415584418,
		4.6258503401360525,
		5.123966942148763,
		5.263157894736842,
		5.312499999999998,
		5.909090909090909,
		8.217054263565892,
		8.571428571428571,
		9.514563106796112,
		10.357142857142856
	],
	"crossStopRate": [
		3.0690537084398977,
		3.225806451612903,
		3.4129692832764507,
		3.8095238095238098,
		3.861003861003861,
		3.932584269662921,
		4.0201005025125625,
		4.184100418410042,
		4.504504504504505,
		4.607046070460704,
		4.644808743169399,
		4.672897196261682,
		4.9504950495049505,
		4.953560371517028,
		5.027932960893855,
		5.079365079365079,
		5.092592592592593,
		5.164319248826291,
		5.194805194805195,
		5.208333333333334,
		5.223880597014925,
		5.2805280528052805,
		5.3627760252365935,
		5.46448087431694,
		5.49738219895288,
		5.543237250554324,
		5.5762081784386615,
		5.649717514124294,
		5.82010582010582,
		5.844155844155844,
		5.86080586080586,
		6,
		6.028368794326241,
		6.172839506172839,
		6.206896551724138,
		6.26865671641791,
		6.374501992031872,
		6.451612903225806,
		6.484641638225256,
		6.521739130434782,
		6.5420560747663545,
		6.544502617801047,
		6.585365853658537,
		6.613756613756613,
		6.620209059233449,
		6.626506024096386,
		6.666666666666667,
		6.692913385826772,
		6.705539358600583,
		6.756756756756757,
		6.896551724137931,
		7.03125,
		7.05521472392638,
		7.094594594594595,
		7.174887892376682,
		7.18562874251497,
		7.251908396946565,
		7.2992700729927,
		7.310704960835509,
		7.43801652892562,
		7.473309608540925,
		7.555555555555555,
		7.584269662921349,
		7.6,
		7.6190476190476195,
		7.636363636363637,
		7.643312101910828,
		7.751937984496124,
		7.784431137724551,
		7.8125,
		7.8431372549019605,
		7.8431372549019605,
		7.903780068728522,
		7.936507936507936,
		7.954545454545454,
		8.020050125313283,
		8.02919708029197,
		8.058608058608058,
		8.333333333333332,
		8.433734939759036,
		8.59106529209622,
		8.741258741258742,
		8.771929824561402,
		8.881578947368421,
		8.978328173374612,
		9.06344410876133,
		9.090909090909092,
		9.170305676855897,
		9.491525423728813,
		9.539473684210527,
		9.608540925266903,
		9.94475138121547,
		10,
		10.08174386920981,
		10.176991150442479,
		10.196078431372548,
		10.232558139534884,
		10.256410256410255,
		10.4,
		10.46831955922865,
		10.619469026548673,
		11.44578313253012,
		11.76470588235294,
		11.76470588235294,
		12.237762237762238,
		12.280701754385964,
		12.745098039215685,
		14.136125654450263,
		14.209115281501342,
		14.374999999999998
	],
	"launchedPassSuccRate": [
		26.880222841225628,
		28.000000000000004,
		29.041916167664674,
		29.54279015240328,
		29.805013927576603,
		30.33033033033033,
		30.38167938931298,
		31.113537117903928,
		32.4228028503563,
		32.79352226720648,
		32.800000000000004,
		32.81452658884565,
		32.923832923832926,
		33.007334963325185,
		33.02564102564103,
		33.38278931750742,
		33.52272727272727,
		33.59375,
		34.303534303534306,
		34.60620525059666,
		34.66135458167331,
		34.66334164588529,
		34.70031545741325,
		35.22727272727273,
		35.60709413369714,
		35.61151079136691,
		35.78431372549019,
		36.30705394190871,
		36.31578947368421,
		36.31713554987212,
		36.37992831541219,
		36.80709534368071,
		36.853448275862064,
		36.88969258589512,
		36.91813804173354,
		36.95652173913043,
		37.010159651669085,
		37.12871287128713,
		37.17277486910995,
		37.2495446265938,
		37.368421052631575,
		37.38532110091743,
		37.526205450733755,
		37.53753753753754,
		37.76978417266187,
		37.91773778920309,
		38.1489841986456,
		38.15165876777251,
		38.17829457364341,
		38.75278396436526,
		39.80582524271845,
		39.9234693877551,
		39.955357142857146,
		40.19370460048426,
		40.317460317460316,
		40.93023255813954,
		41.52542372881356,
		41.584158415841586,
		41.5929203539823,
		41.91852825229961,
		42.241379310344826,
		42.42424242424242,
		42.857142857142854,
		43.203883495145625,
		43.25396825396825,
		43.27485380116959,
		43.40344168260038,
		43.40909090909091,
		43.46764346764347,
		43.47826086956522,
		43.93063583815029,
		44.072164948453604,
		44.26966292134831,
		44.28857715430862,
		44.306930693069305,
		44.33781190019194,
		44.39918533604888,
		44.54545454545455,
		44.62809917355372,
		44.642857142857146,
		44.827586206896555,
		45.605700712589076,
		46.29213483146067,
		46.2962962962963,
		46.41255605381166,
		46.774193548387096,
		47.07792207792208,
		47.33475479744136,
		47.63231197771588,
		47.67857142857143,
		47.706422018348626,
		47.868852459016395,
		47.91318864774624,
		48.676171079429736,
		48.97540983606557,
		49.11032028469751,
		49.36507936507937,
		49.59349593495935,
		49.6,
		50.526315789473685,
		51.30434782608696,
		51.61290322580645,
		51.71503957783641,
		51.8348623853211,
		52.74463007159904,
		53.191489361702125,
		55.067567567567565,
		55.74468085106383,
		57.389162561576356,
		60.198019801980195
	]
}