{
	"gsaa": [
		-12.656250000000002,
		-10.155038759689923,
		-8.571428571428573,
		-7.72727272727273,
		-7.534246575342466,
		-6.567164179104476,
		-5.968992248062017,
		-5.894736842105265,
		-5.806451612903228,
		-5.217391304347828,
		-5.189873417721521,
		-4.886363636363638,
		-4.311926605504589,
		-4.144144144144145,
		-4.100719424460434,
		-3.958333333333334,
		-3.8235294117647083,
		-3.7704918032786896,
		-3.7391304347826058,
		-3.627906976744185,
		-3.5502958579881656,
		-3.481481481481483,
		-3.3082706766917283,
		-3.2558139534883743,
		-3.1884057971014483,
		-3.185840707964603,
		-3.0985915492957736,
		-3.0909090909090895,
		-3.0534351145038165,
		-3.0000000000000044,
		-2.97872340425532,
		-2.840909090909091,
		-2.7027027027027026,
		-2.6857142857142873,
		-2.5,
		-2.468354430379746,
		-2.2289156626506044,
		-2.2277227722772275,
		-2.095238095238098,
		-2.0645161290322553,
		-2.031250000000001,
		-2.0000000000000027,
		-1.9199999999999988,
		-1.7741935483870992,
		-1.7518248175182525,
		-1.6923076923076943,
		-1.6666666666666667,
		-1.6176470588235317,
		-1.467889908256882,
		-1.4383561643835627,
		-1.3913043478260883,
		-1.2244897959183665,
		-1.168831168831167,
		-1.0526315789473695,
		-0.9929078014184387,
		-0.9868421052631579,
		-0.7236842105263167,
		-0.7185628742514988,
		-0.6666666666666667,
		-0.5555555555555536,
		-0.5504587155963316,
		-0.41420118343195017,
		-0.37593984962406013,
		-0.25157232704402427,
		-0.21428571428571225,
		-0.09433962264151077,
		-0.07352941176470693,
		0.05988023952095894,
		0.10416666666666814,
		0.11764705882353109,
		0.13071895424836788,
		0.2857142857142847,
		0.3125000000000008,
		0.48543689320388345,
		0.5050505050505051,
		0.6060606060606075,
		0.69182389937107,
		0.8571428571428591,
		0.9036144578313252,
		1.2765957446808502,
		1.3043478260869557,
		1.4399999999999977,
		1.4499999999999993,
		1.6339869281045754,
		1.6528925619834711,
		1.674641148325359,
		1.6842105263157907,
		1.7419354838709697,
		2.564102564102564,
		2.586206896551724,
		2.669902912621359,
		2.7672955974842757,
		2.8169014084507045,
		2.857142857142857,
		3.1325301204819294,
		3.4782608695652155,
		3.705882352941175,
		3.71900826446281,
		3.867924528301888,
		4.029850746268656,
		4.294871794871797,
		4.302325581395348,
		4.6875,
		4.770642201834862,
		5.094339622641508,
		5.347593582887701,
		5.3781512605042,
		6.133333333333335,
		6.2337662337662305,
		6.41221374045802,
		7.181208053691276
	],
	"crossStopRate": [
		2.0408163265306123,
		2.7777777777777777,
		2.8708133971291865,
		3.1791907514450863,
		3.3333333333333335,
		3.4482758620689653,
		3.5211267605633805,
		3.535353535353535,
		3.873239436619718,
		3.8910505836575875,
		3.908794788273615,
		4.25531914893617,
		4.304635761589404,
		4.310344827586207,
		4.41988950276243,
		4.504504504504505,
		4.651162790697675,
		4.658385093167702,
		4.672897196261682,
		4.761904761904762,
		4.792332268370607,
		5,
		5.106382978723404,
		5.10752688172043,
		5.118110236220472,
		5.144694533762058,
		5.208333333333334,
		5.384615384615385,
		5.517241379310345,
		5.625,
		5.673758865248227,
		5.675675675675676,
		5.691056910569105,
		5.747126436781609,
		5.932203389830509,
		5.965909090909091,
		6.008583690987124,
		6.028368794326241,
		6.037735849056604,
		6.0402684563758395,
		6.042296072507553,
		6.182795698924731,
		6.206896551724138,
		6.353591160220995,
		6.374501992031872,
		6.493506493506493,
		6.493506493506493,
		6.521739130434782,
		6.529209621993128,
		6.557377049180328,
		6.584362139917696,
		6.63265306122449,
		6.666666666666667,
		6.694560669456067,
		6.713780918727916,
		6.774193548387098,
		6.8493150684931505,
		6.918238993710692,
		6.933333333333333,
		6.976744186046512,
		7.096774193548387,
		7.172995780590717,
		7.4074074074074066,
		7.508532423208192,
		7.560137457044673,
		7.608695652173914,
		7.6923076923076925,
		7.857142857142857,
		7.868852459016394,
		7.958477508650519,
		7.981220657276995,
		8.035714285714286,
		8.056872037914692,
		8.076923076923077,
		8.152173913043478,
		8.25082508250825,
		8.30860534124629,
		8.415841584158416,
		8.51063829787234,
		8.571428571428571,
		8.585858585858585,
		8.641975308641975,
		8.680555555555555,
		8.727272727272728,
		8.823529411764707,
		8.870967741935484,
		8.967391304347826,
		9.01639344262295,
		9.022556390977442,
		9.126984126984127,
		9.157509157509157,
		9.230769230769232,
		9.25925925925926,
		9.318181818181818,
		9.56175298804781,
		9.6,
		9.62566844919786,
		10.211267605633804,
		10.227272727272728,
		10.526315789473683,
		10.579345088161208,
		10.793650793650794,
		10.952380952380953,
		10.975609756097562,
		11.18421052631579,
		11.570247933884298,
		11.67192429022082,
		12.408759124087592,
		14.715719063545151,
		15.425531914893616,
		16.292134831460675
	],
	"launchedPassSuccRate": [
		25.55205047318612,
		26.71232876712329,
		30.970149253731343,
		31.30952380952381,
		31.715210355987054,
		31.757575757575758,
		31.95435092724679,
		32.4853228962818,
		33.198380566801625,
		33.5483870967742,
		33.78119001919386,
		33.84615384615385,
		33.878887070376436,
		33.91812865497076,
		34.08408408408408,
		34.106728538283065,
		34.15637860082305,
		34.193548387096776,
		34.357541899441344,
		34.66257668711656,
		34.75513428120063,
		35.12396694214876,
		35.44457978075518,
		35.51637279596977,
		35.65891472868217,
		35.9375,
		36.21103117505996,
		36.70520231213873,
		37.086092715231786,
		37.52276867030965,
		37.52913752913753,
		37.66233766233766,
		37.82234957020057,
		37.87638668779715,
		38.05774278215223,
		38.144329896907216,
		38.160919540229884,
		38.377192982456144,
		38.55421686746988,
		38.57442348008386,
		38.58585858585858,
		38.59397417503587,
		38.775510204081634,
		39.1869918699187,
		39.38053097345133,
		39.58333333333333,
		39.586919104991395,
		39.84732824427481,
		39.8936170212766,
		40.29363784665579,
		40.46345811051694,
		40.62863795110594,
		40.66193853427896,
		41.42011834319527,
		41.69054441260745,
		41.75152749490835,
		41.95402298850575,
		42.185792349726775,
		42.198581560283685,
		42.36641221374045,
		42.3828125,
		42.487046632124354,
		42.54473161033797,
		42.65536723163842,
		42.92035398230089,
		43.02884615384615,
		43.07692307692308,
		43.08093994778068,
		43.25068870523416,
		43.314500941619585,
		43.389830508474574,
		43.47826086956522,
		43.53741496598639,
		43.790849673202615,
		43.947858472998135,
		44.0207972270364,
		44.409937888198755,
		44.73684210526316,
		45.02074688796681,
		45.182012847965744,
		45.32967032967033,
		45.36862003780718,
		45.6,
		45.76271186440678,
		46.15384615384615,
		46.22093023255814,
		46.546546546546544,
		46.558704453441294,
		46.651532349602725,
		47.474747474747474,
		47.540983606557376,
		47.697974217311234,
		47.85046728971963,
		48.06122448979592,
		48.18181818181818,
		48.275862068965516,
		48.55072463768116,
		48.64864864864865,
		48.64864864864865,
		49.29133858267716,
		49.395509499136445,
		49.46091644204852,
		49.62025316455696,
		50.08976660682226,
		51.724137931034484,
		53.96825396825397,
		54.395604395604394,
		55.172413793103445,
		57.34463276836158,
		57.73420479302832,
		59.580052493438316
	]
}