{
	"gsaa": [
		-13.0188679245283,
		-9.911504424778764,
		-9.316239316239315,
		-8.571428571428573,
		-7.115384615384614,
		-6.806722689075631,
		-6.714285714285713,
		-6.714285714285713,
		-6.567164179104476,
		-5.942028985507249,
		-5.806451612903228,
		-5.638297872340426,
		-5.581395348837211,
		-5.454545454545453,
		-5.189873417721521,
		-5.185185185185186,
		-5.1020408163265305,
		-4.999999999999998,
		-4.954128440366971,
		-4.905660377358493,
		-4.6629213483146055,
		-4.647887323943663,
		-4.646464646464648,
		-4.262295081967215,
		-4.249999999999998,
		-4.249999999999998,
		-4.029850746268656,
		-3.749999999999998,
		-3.435114503816794,
		-3.1372549019607834,
		-3.0909090909090895,
		-3.082706766917289,
		-2.8169014084507045,
		-2.803030303030305,
		-2.6881720430107525,
		-2.682926829268292,
		-2.6388888888888866,
		-2.500000000000002,
		-2.5,
		-2.4742268041237097,
		-2.4074074074074088,
		-2.3076923076923066,
		-1.874999999999999,
		-1.8103448275862082,
		-1.5573770491803267,
		-1.4736842105263144,
		-1.4130434782608703,
		-1.1764705882352928,
		-1.1570247933884286,
		-1.0084033613445342,
		-0.8080808080808052,
		-0.7964601769911492,
		-0.7746478873239446,
		-0.7142857142857135,
		-0.5982905982906007,
		-0.5454545454545467,
		-0.49999999999999817,
		-0.33333333333333215,
		-0.2380952380952415,
		-0.2020202020202013,
		-0.09174311926605636,
		-0.08695652173913167,
		0,
		0.35398230088495447,
		0.3797468354430389,
		0.48543689320388345,
		0.5333333333333314,
		0.6923076923076912,
		0.6936416184971115,
		0.8181818181818169,
		0.8849557522123894,
		0.9803921568627451,
		1.0000000000000018,
		1.212121212121215,
		1.2396694214876034,
		1.4814814814814816,
		1.4893617021276582,
		1.525423728813557,
		1.5789473684210502,
		1.5789473684210515,
		1.6470588235294101,
		1.6528925619834711,
		1.72661870503597,
		1.8181818181818181,
		1.9298245614035112,
		1.9999999999999987,
		2.749999999999998,
		2.9447852760736177,
		3.3116883116883127,
		3.437500000000001,
		3.6893203883495116,
		3.9215686274509802,
		4.029850746268656,
		4.062500000000002,
		4.189189189189191,
		4.2105263157894735,
		4.409448818897639,
		4.471544715447155,
		4.534883720930235,
		4.601769911504424,
		4.8113207547169825,
		4.93150684931507,
		5.121951219512194,
		5.347222222222224,
		5.470588235294116,
		5.523809523809525,
		5.571428571428569,
		5.853658536585367,
		7.129629629629629,
		7.903225806451611,
		8.560000000000002
	],
	"crossStopRate": [
		1.8779342723004695,
		2.8708133971291865,
		2.898550724637681,
		2.9702970297029703,
		2.9702970297029703,
		3.3333333333333335,
		3.4482758620689653,
		3.5294117647058822,
		3.557312252964427,
		3.7267080745341614,
		3.825136612021858,
		4.119850187265917,
		4.18848167539267,
		4.329004329004329,
		4.395604395604396,
		4.504504504504505,
		4.57516339869281,
		4.577464788732395,
		4.580152671755725,
		4.651162790697675,
		4.721030042918455,
		4.868913857677903,
		4.918032786885246,
		4.946996466431095,
		5,
		5.0761421319796955,
		5.179282868525896,
		5.223880597014925,
		5.238095238095238,
		5.263157894736842,
		5.555555555555555,
		5.6000000000000005,
		5.691056910569105,
		5.7324840764331215,
		5.785123966942149,
		5.797101449275362,
		5.932203389830509,
		6.015037593984962,
		6.015037593984962,
		6.0606060606060606,
		6.071428571428571,
		6.134969325153374,
		6.161137440758294,
		6.211180124223603,
		6.319702602230483,
		6.3559322033898304,
		6.36042402826855,
		6.363636363636363,
		6.363636363636363,
		6.514657980456026,
		6.521739130434782,
		6.701030927835052,
		6.726457399103139,
		6.844106463878327,
		6.8493150684931505,
		6.912442396313365,
		6.918238993710692,
		6.923076923076923,
		7.28476821192053,
		7.352941176470589,
		7.4074074074074066,
		7.453416149068323,
		7.480314960629922,
		7.490636704119851,
		7.5,
		7.526881720430108,
		7.531380753138076,
		7.5396825396825395,
		7.59493670886076,
		7.647058823529412,
		7.6923076923076925,
		7.738095238095238,
		7.849829351535837,
		8.035714285714286,
		8.125,
		8.187134502923977,
		8.23045267489712,
		8.359133126934983,
		8.411214953271028,
		8.45771144278607,
		8.51063829787234,
		8.73015873015873,
		8.73362445414847,
		8.743169398907105,
		8.787878787878787,
		8.88888888888889,
		8.921933085501859,
		9.126984126984127,
		9.205020920502092,
		9.230769230769232,
		9.395973154362416,
		9.433962264150944,
		9.63302752293578,
		9.6875,
		9.698996655518394,
		9.782608695652174,
		9.90990990990991,
		9.947643979057592,
		10.087719298245613,
		10.21671826625387,
		10.689655172413794,
		10.74766355140187,
		10.81081081081081,
		11.678832116788321,
		12.021857923497267,
		12.5,
		12.592592592592592,
		12.669683257918551,
		12.796208530805686,
		14.606741573033707,
		15.584415584415584
	],
	"gkPassSuccRateAboveExpected": [
		-34.86610165984307,
		-22.58589546575178,
		-16.384238659446545,
		-14.171377053128435,
		-12.095007464049964,
		-11.359570933032808,
		-11.326892267332207,
		-11.000668124157325,
		-9.69231976577945,
		-7.257065838626491,
		-6.668310127822921,
		-6.507263770522089,
		-6.2927220311912695,
		-5.822494452534676,
		-5.778010597851043,
		-5.2492607964435045,
		-5.242139146643984,
		-4.915934007107008,
		-4.279538789779546,
		-4.052087191166804,
		-3.8742627459503574,
		-3.7359565420350593,
		-3.7151284008977234,
		-3.610317343959494,
		-3.6069409189139567,
		-3.583399739055633,
		-3.489880175251842,
		-3.4808125927106124,
		-3.2722576533144387,
		-3.2054396696083725,
		-3.1969252915507775,
		-2.811800369650537,
		-2.575986536636965,
		-2.551233724003136,
		-2.5138774459631428,
		-2.1069994802216057,
		-2.0391027236582455,
		-1.9920387176645638,
		-1.8705458348229014,
		-1.7115068177863482,
		-1.62727443960217,
		-1.5504741885638043,
		-1.474116842318803,
		-1.4448882207407638,
		-1.2650597151569556,
		-1.1988048276420142,
		-1.1172302007877317,
		-0.9946141159339813,
		-0.9545877708205808,
		-0.8623851526074824,
		-0.7283841104832507,
		-0.7096656607233544,
		-0.6724478937835567,
		-0.4820364504927075,
		-0.4490523295960551,
		-0.3954901416775139,
		-0.3773984256805421,
		-0.1863455983756027,
		-0.11595457356969438,
		-0.04912583476413891,
		-0.048375211995328876,
		-0.04218233938921113,
		0.1566995283874261,
		0.16199309632963124,
		0.16893498329743084,
		0.18907375945780056,
		0.2393636912553295,
		0.3088431909560759,
		0.34060961724478683,
		0.41824451889315933,
		0.4404209497381744,
		0.47346596700251764,
		0.5871808763075936,
		0.6065450629188363,
		0.6210433736731182,
		0.7006251174037121,
		0.9728757981024763,
		1.1047690975781872,
		1.181814295488164,
		1.1925325460350888,
		1.317679382959571,
		1.324949322371288,
		1.398135802465051,
		1.4011669302855314,
		1.4220724124253572,
		1.538163153196053,
		1.6429730043602704,
		2.157263476535696,
		2.1981301904675155,
		2.262514201372329,
		2.3352105119830977,
		2.392121719300713,
		2.433791444656148,
		2.540912857442419,
		2.5941176967035315,
		2.7455346927863893,
		3.0396819094337415,
		3.347229607934648,
		3.440397212692802,
		4.269478032733046,
		4.375853280876084,
		4.491505482326496,
		4.659680963724484,
		5.238039324001472,
		6.63272204587815,
		7.939201399196024,
		10.478927675712495,
		12.993670464840651,
		14.041856403030645,
		14.233931380441176,
		14.477216427289493
	]
}