{
	"gsaa": [
		-13.0188679245283,
		-9.911504424778764,
		-9.316239316239315,
		-8.571428571428573,
		-7.115384615384614,
		-6.806722689075631,
		-6.714285714285713,
		-6.714285714285713,
		-6.567164179104476,
		-5.942028985507249,
		-5.806451612903228,
		-5.638297872340426,
		-5.581395348837211,
		-5.454545454545453,
		-5.189873417721521,
		-5.185185185185186,
		-5.1020408163265305,
		-4.999999999999998,
		-4.954128440366971,
		-4.905660377358493,
		-4.6629213483146055,
		-4.647887323943663,
		-4.646464646464648,
		-4.262295081967215,
		-4.249999999999998,
		-4.249999999999998,
		-4.029850746268656,
		-3.749999999999998,
		-3.435114503816794,
		-3.1372549019607834,
		-3.0909090909090895,
		-3.082706766917289,
		-2.8169014084507045,
		-2.803030303030305,
		-2.6881720430107525,
		-2.682926829268292,
		-2.6388888888888866,
		-2.500000000000002,
		-2.5,
		-2.4742268041237097,
		-2.4074074074074088,
		-2.3076923076923066,
		-1.874999999999999,
		-1.8103448275862082,
		-1.5573770491803267,
		-1.4736842105263144,
		-1.4130434782608703,
		-1.1764705882352928,
		-1.1570247933884286,
		-1.0084033613445342,
		-0.8080808080808052,
		-0.7964601769911492,
		-0.7746478873239446,
		-0.7142857142857135,
		-0.5982905982906007,
		-0.5454545454545467,
		-0.49999999999999817,
		-0.33333333333333215,
		-0.2380952380952415,
		-0.2020202020202013,
		-0.09174311926605636,
		-0.08695652173913167,
		0,
		0.35398230088495447,
		0.3797468354430389,
		0.48543689320388345,
		0.5333333333333314,
		0.6923076923076912,
		0.6936416184971115,
		0.8181818181818169,
		0.8849557522123894,
		0.9803921568627451,
		1.0000000000000018,
		1.212121212121215,
		1.2396694214876034,
		1.4814814814814816,
		1.4893617021276582,
		1.525423728813557,
		1.5789473684210502,
		1.5789473684210515,
		1.6470588235294101,
		1.6528925619834711,
		1.72661870503597,
		1.8181818181818181,
		1.9298245614035112,
		1.9999999999999987,
		2.749999999999998,
		2.9447852760736177,
		3.3116883116883127,
		3.437500000000001,
		3.6893203883495116,
		3.9215686274509802,
		4.029850746268656,
		4.062500000000002,
		4.189189189189191,
		4.2105263157894735,
		4.409448818897639,
		4.471544715447155,
		4.534883720930235,
		4.601769911504424,
		4.8113207547169825,
		4.93150684931507,
		5.121951219512194,
		5.347222222222224,
		5.470588235294116,
		5.523809523809525,
		5.571428571428569,
		5.853658536585367,
		7.129629629629629,
		7.903225806451611,
		8.560000000000002
	],
	"crossStopRate": [
		1.8779342723004695,
		2.8708133971291865,
		2.898550724637681,
		2.9702970297029703,
		2.9702970297029703,
		3.3333333333333335,
		3.4482758620689653,
		3.5294117647058822,
		3.557312252964427,
		3.7267080745341614,
		3.825136612021858,
		4.119850187265917,
		4.18848167539267,
		4.329004329004329,
		4.395604395604396,
		4.504504504504505,
		4.57516339869281,
		4.577464788732395,
		4.580152671755725,
		4.651162790697675,
		4.721030042918455,
		4.868913857677903,
		4.918032786885246,
		4.946996466431095,
		5,
		5.0761421319796955,
		5.179282868525896,
		5.223880597014925,
		5.238095238095238,
		5.263157894736842,
		5.555555555555555,
		5.6000000000000005,
		5.691056910569105,
		5.7324840764331215,
		5.785123966942149,
		5.797101449275362,
		5.932203389830509,
		6.015037593984962,
		6.015037593984962,
		6.0606060606060606,
		6.071428571428571,
		6.134969325153374,
		6.161137440758294,
		6.211180124223603,
		6.319702602230483,
		6.3559322033898304,
		6.36042402826855,
		6.363636363636363,
		6.363636363636363,
		6.514657980456026,
		6.521739130434782,
		6.701030927835052,
		6.726457399103139,
		6.844106463878327,
		6.8493150684931505,
		6.912442396313365,
		6.918238993710692,
		6.923076923076923,
		7.28476821192053,
		7.352941176470589,
		7.4074074074074066,
		7.453416149068323,
		7.480314960629922,
		7.490636704119851,
		7.5,
		7.526881720430108,
		7.531380753138076,
		7.5396825396825395,
		7.59493670886076,
		7.647058823529412,
		7.6923076923076925,
		7.738095238095238,
		7.849829351535837,
		8.035714285714286,
		8.125,
		8.187134502923977,
		8.23045267489712,
		8.359133126934983,
		8.411214953271028,
		8.45771144278607,
		8.51063829787234,
		8.73015873015873,
		8.73362445414847,
		8.743169398907105,
		8.787878787878787,
		8.88888888888889,
		8.921933085501859,
		9.126984126984127,
		9.205020920502092,
		9.230769230769232,
		9.395973154362416,
		9.433962264150944,
		9.63302752293578,
		9.6875,
		9.698996655518394,
		9.782608695652174,
		9.90990990990991,
		9.947643979057592,
		10.087719298245613,
		10.21671826625387,
		10.689655172413794,
		10.74766355140187,
		10.81081081081081,
		11.678832116788321,
		12.021857923497267,
		12.5,
		12.592592592592592,
		12.669683257918551,
		12.796208530805686,
		14.606741573033707,
		15.584415584415584
	],
	"launchedPassSuccRate": [
		25.55205047318612,
		27.00729927007299,
		29.87551867219917,
		31.03448275862069,
		32.07171314741036,
		32.76955602536998,
		32.81733746130031,
		32.896652110625915,
		32.93556085918855,
		32.98153034300791,
		33.198380566801625,
		33.5483870967742,
		34.10714285714286,
		34.12162162162162,
		34.34903047091413,
		34.66135458167331,
		34.82688391038696,
		35,
		35.176991150442475,
		35.294117647058826,
		35.38083538083538,
		35.45279383429673,
		35.51637279596977,
		35.785953177257525,
		35.831381733021075,
		36.10503282275711,
		36.23853211009174,
		36.31123919308357,
		36.734693877551024,
		36.86440677966102,
		37.00787401574803,
		37.270341207349084,
		37.5,
		37.83231083844581,
		38.05031446540881,
		38.287153652392945,
		38.291139240506325,
		38.53503184713376,
		38.60103626943005,
		38.704819277108435,
		38.83495145631068,
		38.961038961038966,
		39.130434782608695,
		39.35599284436494,
		39.42307692307692,
		39.603960396039604,
		39.8936170212766,
		40,
		40.1673640167364,
		40.4040404040404,
		40.563380281690144,
		41.113490364025694,
		41.265822784810126,
		41.27906976744186,
		41.33099824868651,
		41.45873320537428,
		41.534988713318285,
		41.6,
		41.74311926605505,
		41.95402298850575,
		42.17252396166134,
		42.241379310344826,
		42.315369261477045,
		42.3562412342216,
		42.487046632124354,
		42.68656716417911,
		42.730496453900706,
		42.83513097072419,
		42.857142857142854,
		42.857142857142854,
		43.042671614100186,
		43.27731092436975,
		43.471074380165284,
		43.526785714285715,
		44.109589041095894,
		44.21965317919075,
		44.312796208530806,
		44.5945945945946,
		44.6524064171123,
		44.662921348314605,
		44.73684210526316,
		44.84126984126984,
		45.111111111111114,
		45.57640750670242,
		45.614035087719294,
		45.91836734693878,
		46.18055555555556,
		46.187363834422655,
		47.23756906077348,
		47.30769230769231,
		47.68292682926829,
		47.686832740213525,
		48.11031664964249,
		48.64864864864865,
		48.75690607734807,
		48.86363636363637,
		49.336283185840706,
		49.51456310679612,
		49.78165938864629,
		51.55807365439094,
		51.60427807486631,
		51.724137931034484,
		53.170731707317074,
		53.94045534150613,
		54.252199413489734,
		54.395604395604394,
		54.43645083932853,
		55.833333333333336,
		58.26771653543307,
		58.606557377049185,
		59.06249999999999
	]
}