{
	"gsaa": [
		-18.108108108108105,
		-13.243243243243244,
		-11.818181818181817,
		-11.600000000000001,
		-11.428571428571429,
		-10.81081081081081,
		-10.645161290322584,
		-10.555555555555557,
		-10.377358490566039,
		-10.188679245283016,
		-9.999999999999998,
		-9.814814814814817,
		-9.13793103448276,
		-8.214285714285717,
		-8.18181818181818,
		-8.13953488372093,
		-8.085106382978726,
		-7.666666666666669,
		-7.042253521126761,
		-6.842105263157894,
		-6.499999999999999,
		-6.296296296296294,
		-5.937500000000001,
		-5.789473684210524,
		-5.517241379310343,
		-5.434782608695652,
		-4.8837209302325615,
		-4.827586206896553,
		-4.642857142857145,
		-4.509803921568629,
		-4.385964912280701,
		-4.3478260869565215,
		-4.313725490196077,
		-4.130434782608693,
		-3.9583333333333304,
		-3.666666666666665,
		-3.52941176470588,
		-3.500000000000001,
		-2.7272727272727284,
		-2.6470588235294077,
		-2.3404255319148928,
		-2.2580645161290303,
		-2.203389830508476,
		-1.81818181818182,
		-1.7777777777777795,
		-1.7142857142857133,
		-1.3513513513513513,
		-0.9302325581395358,
		-0.7692307692307698,
		-0.6249999999999978,
		-0.6249999999999978,
		-0.2777777777777768,
		-0.23255813953488289,
		0,
		0,
		0.16393442622950471,
		0.39999999999999863,
		0.5263157894736824,
		0.9302325581395358,
		1.1111111111111105,
		1.142857142857144,
		1.9047619047619064,
		1.9565217391304357,
		1.999999999999997,
		2.162162162162164,
		2.200000000000003,
		2.3999999999999986,
		2.5531914893617005,
		2.619047619047618,
		2.790697674418603,
		2.9629629629629624,
		3.095238095238097,
		3.1999999999999993,
		3.437499999999999,
		4.3636363636363615,
		4.444444444444445,
		4.878048780487805,
		4.905660377358493,
		5.263157894736842,
		5.384615384615389,
		5.476190476190477,
		5.777777777777777,
		5.952380952380952,
		6.774193548387101,
		6.799999999999998,
		7.272727272727271,
		7.435897435897437,
		7.499999999999998,
		8.24561403508772,
		8.936170212765957,
		9.696969696969694,
		10,
		11.249999999999998,
		14.444444444444441
	],
	"crossStopRate": [
		0,
		0.9803921568627451,
		1.5151515151515151,
		2.0618556701030926,
		2.1739130434782608,
		2.3255813953488373,
		2.7777777777777777,
		2.941176470588235,
		3.0303030303030303,
		3.076923076923077,
		3.125,
		3.1746031746031744,
		3.225806451612903,
		3.260869565217391,
		3.418803418803419,
		3.4482758620689653,
		3.8461538461538463,
		4,
		4.040404040404041,
		4.081632653061225,
		4.10958904109589,
		4.123711340206185,
		4.166666666666666,
		4.225352112676056,
		4.411764705882353,
		4.411764705882353,
		4.464285714285714,
		4.477611940298507,
		4.672897196261682,
		4.672897196261682,
		5,
		5.084745762711865,
		5.172413793103448,
		5.3097345132743365,
		5.4945054945054945,
		5.633802816901409,
		5.633802816901409,
		5.660377358490567,
		5.785123966942149,
		6.0606060606060606,
		6.0606060606060606,
		6.086956521739131,
		6.122448979591836,
		6.185567010309279,
		6.25,
		6.25,
		6.382978723404255,
		6.578947368421052,
		6.779661016949152,
		6.796116504854369,
		6.8181818181818175,
		6.8493150684931505,
		7.142857142857142,
		7.207207207207207,
		7.4074074074074066,
		7.446808510638298,
		7.462686567164178,
		7.954545454545454,
		8.256880733944955,
		8.333333333333332,
		8.333333333333332,
		8.403361344537815,
		8.620689655172415,
		8.75,
		8.849557522123893,
		9.090909090909092,
		9.30232558139535,
		9.45945945945946,
		9.523809523809524,
		9.63855421686747,
		9.821428571428571,
		10,
		10,
		10,
		10.344827586206897,
		10.416666666666668,
		10.465116279069768,
		10.625,
		11.267605633802818,
		11.607142857142858,
		11.864406779661017,
		11.956521739130435,
		12.149532710280374,
		12.32876712328767,
		12.345679012345679,
		13.20754716981132,
		13.580246913580247,
		13.953488372093023,
		14.17910447761194,
		14.285714285714285,
		16,
		17.1875,
		17.441860465116278,
		17.97752808988764
	],
	"launchedPassSuccRate": [
		25.945945945945947,
		27.22222222222222,
		28.865979381443296,
		29.55665024630542,
		30,
		31.25,
		31.818181818181817,
		31.818181818181817,
		32.62411347517731,
		32.88288288288289,
		33.116883116883116,
		33.33333333333333,
		34.146341463414636,
		34.177215189873415,
		34.375,
		34.68468468468468,
		34.8936170212766,
		35.15981735159817,
		35.55555555555556,
		35.92233009708738,
		36.140350877192986,
		36.19402985074627,
		36.55913978494624,
		36.58536585365854,
		36.89320388349515,
		37.03703703703704,
		37.07865168539326,
		37.547892720306514,
		37.77777777777778,
		38.06818181818182,
		38.125,
		38.17204301075269,
		38.46153846153847,
		38.9344262295082,
		39.04109589041096,
		39.224137931034484,
		39.24050632911392,
		39.91031390134529,
		40.36697247706422,
		40.44117647058824,
		40.625,
		40.78947368421053,
		41,
		41.17647058823529,
		41.42011834319527,
		41.44144144144144,
		41.48936170212766,
		41.732283464566926,
		41.904761904761905,
		41.91919191919192,
		41.91919191919192,
		41.92139737991266,
		42.14876033057851,
		42.857142857142854,
		43.75,
		44.339622641509436,
		44.36619718309859,
		44.44444444444444,
		44.52054794520548,
		44.85981308411215,
		44.966442953020135,
		45.22292993630573,
		45.28301886792453,
		45.45454545454545,
		45.63758389261745,
		45.83333333333333,
		46.20253164556962,
		46.26865671641791,
		46.31578947368421,
		46.666666666666664,
		46.666666666666664,
		46.71052631578947,
		46.72131147540984,
		46.93877551020408,
		47.22222222222222,
		47.368421052631575,
		47.42268041237113,
		47.5,
		47.540983606557376,
		47.77777777777778,
		48.214285714285715,
		48.45360824742268,
		48.739495798319325,
		49.10394265232975,
		52.10084033613446,
		52.70935960591133,
		52.752293577981646,
		53.333333333333336,
		53.42465753424658,
		53.84615384615385,
		54.47761194029851,
		55.0561797752809,
		55.12820512820513,
		63.33333333333333
	]
}