{
	"gsaa": [
		-20.625,
		-16.249999999999996,
		-16.153846153846153,
		-16,
		-13.023255813953488,
		-11.875000000000002,
		-11.600000000000001,
		-11.521739130434785,
		-10.869565217391305,
		-10.645161290322584,
		-9.523809523809524,
		-9.433962264150944,
		-8.399999999999999,
		-8.333333333333332,
		-8.064516129032258,
		-7.317073170731707,
		-7.027027027027026,
		-6.944444444444445,
		-6.923076923076921,
		-6.842105263157894,
		-6.363636363636363,
		-6.333333333333334,
		-6.190476190476189,
		-6.08695652173913,
		-6.071428571428572,
		-5.937500000000001,
		-5.686274509803919,
		-5,
		-4.999999999999999,
		-4.871794871794872,
		-4.799999999999997,
		-4.166666666666666,
		-3.968253968253968,
		-3.666666666666665,
		-3.4482758620689653,
		-3.3333333333333335,
		-2.799999999999997,
		-2.4137931034482736,
		-2.3999999999999986,
		-2.307692307692313,
		-2.285714285714288,
		-2.2580645161290303,
		-2.051282051282053,
		-1.9354838709677407,
		-1.81818181818182,
		-1.6326530612244914,
		-1.5625,
		-1.4705882352941175,
		-0.7692307692307698,
		-0.4166666666666652,
		-0.3571428571428559,
		-0.2083333333333326,
		0,
		0.33333333333333215,
		0.370370370370369,
		0.39999999999999863,
		0.7999999999999973,
		1.0000000000000024,
		1.2903225806451626,
		1.8421052631578978,
		2.0000000000000018,
		2.1951219512195133,
		2.3076923076923084,
		2.4242424242424265,
		2.8205128205128194,
		2.857142857142857,
		2.9629629629629624,
		3.125,
		3.2352941176470575,
		3.4285714285714266,
		3.8235294117647083,
		3.9393939393939417,
		4.130434782608693,
		4.186046511627908,
		4.666666666666668,
		4.857142857142859,
		4.999999999999998,
		5.217391304347823,
		5.312499999999998,
		5.714285714285711,
		6.363636363636363,
		7.500000000000001,
		7.619047619047617,
		7.714285714285713,
		8.000000000000002,
		9.230769230769234,
		10,
		10.227272727272728,
		11.73913043478261
	],
	"crossStopRate": [
		0,
		1.2658227848101267,
		1.3888888888888888,
		2.1739130434782608,
		2.5974025974025974,
		2.857142857142857,
		2.9702970297029703,
		2.9850746268656714,
		3.076923076923077,
		3.125,
		3.225806451612903,
		3.3333333333333335,
		3.4482758620689653,
		3.7735849056603774,
		4.081632653061225,
		4.166666666666666,
		4.23728813559322,
		4.545454545454546,
		4.545454545454546,
		4.615384615384616,
		4.651162790697675,
		4.878048780487805,
		4.878048780487805,
		4.878048780487805,
		5,
		5.128205128205128,
		5.172413793103448,
		5.194805194805195,
		5.263157894736842,
		5.263157894736842,
		5.263157894736842,
		5.555555555555555,
		5.555555555555555,
		5.633802816901409,
		5.952380952380952,
		6,
		6,
		6.024096385542169,
		6.153846153846154,
		6.25,
		6.329113924050633,
		6.329113924050633,
		6.382978723404255,
		6.578947368421052,
		6.666666666666667,
		6.8181818181818175,
		6.896551724137931,
		6.944444444444445,
		7.017543859649122,
		7.142857142857142,
		7.228915662650602,
		7.462686567164178,
		7.462686567164178,
		7.526881720430108,
		7.526881720430108,
		7.608695652173914,
		7.777777777777778,
		8.620689655172415,
		8.75,
		8.823529411764707,
		9.090909090909092,
		9.090909090909092,
		9.230769230769232,
		9.45945945945946,
		9.67741935483871,
		9.782608695652174,
		9.836065573770492,
		10,
		10.112359550561797,
		10.126582278481013,
		10.526315789473683,
		10.526315789473683,
		10.588235294117647,
		10.81081081081081,
		11.11111111111111,
		11.428571428571429,
		11.666666666666666,
		11.76470588235294,
		11.827956989247312,
		12.080536912751679,
		12.307692307692308,
		13.513513513513514,
		13.559322033898304,
		13.953488372093023,
		14.0625,
		14.084507042253522,
		17.02127659574468,
		17.94871794871795,
		20
	],
	"launchedPassSuccRate": [
		25.675675675675674,
		25.675675675675674,
		28.666666666666668,
		29.605263157894733,
		30,
		30.57851239669421,
		31.147540983606557,
		31.25,
		31.25,
		32.89473684210527,
		32.97872340425532,
		33.33333333333333,
		33.663366336633665,
		33.80281690140845,
		34.35114503816794,
		34.61538461538461,
		34.92063492063492,
		35.18518518518518,
		35.42857142857142,
		35.77235772357724,
		36.144578313253014,
		36.29032258064516,
		36.36363636363637,
		36.486486486486484,
		36.81592039800995,
		37.16814159292036,
		37.2972972972973,
		37.39837398373984,
		37.56345177664975,
		37.704918032786885,
		37.87234042553192,
		38.35616438356164,
		38.392857142857146,
		38.497652582159624,
		38.78787878787879,
		39.743589743589745,
		39.81481481481482,
		40,
		40,
		40,
		40.804597701149426,
		40.909090909090914,
		41.1214953271028,
		41.333333333333336,
		41.41414141414141,
		41.52046783625731,
		41.66666666666667,
		41.9753086419753,
		42.25352112676056,
		42.7536231884058,
		42.857142857142854,
		43.22033898305085,
		43.47826086956522,
		43.69747899159664,
		43.82022471910113,
		43.97590361445783,
		44.18604651162791,
		44.31818181818182,
		44.339622641509436,
		44.36619718309859,
		44.44444444444444,
		44.71544715447154,
		44.776119402985074,
		45.13274336283185,
		45.13274336283185,
		45.28301886792453,
		45.3125,
		46.25,
		46.85714285714286,
		46.98795180722892,
		47.77777777777778,
		48.45360824742268,
		48.52320675105485,
		48.68421052631579,
		48.95833333333333,
		49.18032786885246,
		50.48543689320388,
		50.526315789473685,
		50.79365079365079,
		50.943396226415096,
		51.02040816326531,
		51.68539325842697,
		52.459016393442624,
		53.84615384615385,
		54.074074074074076,
		54.32098765432099,
		55.81395348837209,
		58.282208588957054,
		63.63636363636363
	]
}