{
	"gsaa": [
		-22,
		-21.818181818181817,
		-18.260869565217387,
		-16.785714285714285,
		-15,
		-13.750000000000002,
		-12.380952380952378,
		-11.818181818181817,
		-11.600000000000001,
		-11.578947368421053,
		-11.304347826086955,
		-10.263157894736844,
		-9.500000000000002,
		-8.695652173913043,
		-8.666666666666666,
		-8.571428571428571,
		-8.333333333333332,
		-8.157894736842104,
		-7.777777777777777,
		-7.41935483870968,
		-7.33333333333333,
		-7.2413793103448265,
		-6.857142857142858,
		-6.8181818181818175,
		-6.086956521739132,
		-5.517241379310343,
		-5.000000000000001,
		-5.000000000000001,
		-5,
		-4.848484848484847,
		-4.782608695652173,
		-4.516129032258066,
		-4.166666666666666,
		-4.090909090909093,
		-3.9130434782608714,
		-3.7500000000000013,
		-3.571428571428571,
		-3.571428571428571,
		-3.0769230769230793,
		-3.0303030303030303,
		-2.6666666666666687,
		-2.068965517241378,
		-1.9354838709677407,
		-1.9230769230769231,
		-1.874999999999999,
		-1.81818181818182,
		-1.81818181818182,
		-1.7391304347826102,
		-1.666666666666668,
		-1.142857142857144,
		-0.7692307692307698,
		-0.6451612903225784,
		0,
		0,
		0,
		0,
		0.3124999999999989,
		0.512820512820511,
		0.7317073170731724,
		1.2903225806451626,
		1.4285714285714235,
		1.42857142857143,
		1.4705882352941175,
		1.6216216216216206,
		1.7857142857142856,
		2.0000000000000018,
		2.1428571428571437,
		2.500000000000002,
		2.69230769230769,
		2.69230769230769,
		2.799999999999997,
		2.903225806451608,
		3.125,
		3.1999999999999993,
		3.3333333333333335,
		3.4285714285714266,
		3.6842105263157907,
		3.8235294117647083,
		3.999999999999996,
		3.9999999999999996,
		4.3902439024390265,
		4.444444444444442,
		4.444444444444442,
		4.999999999999999,
		5.000000000000001,
		5.517241379310343,
		5.600000000000001,
		6.153846153846152,
		7.931034482758623,
		10,
		11.034482758620687,
		11.363636363636363,
		11.428571428571432,
		15.555555555555554
	],
	"crossStopRate": [
		0,
		0,
		0,
		1.6666666666666667,
		1.7241379310344827,
		1.8518518518518516,
		1.9607843137254901,
		2.0408163265306123,
		2.1739130434782608,
		2.272727272727273,
		2.3255813953488373,
		3.0303030303030303,
		3.076923076923077,
		3.4482758620689653,
		3.7037037037037033,
		3.9473684210526314,
		4.081632653061225,
		4.123711340206185,
		4.166666666666666,
		4.166666666666666,
		4.166666666666666,
		4.25531914893617,
		4.3478260869565215,
		4.651162790697675,
		4.761904761904762,
		4.938271604938271,
		5,
		5.263157894736842,
		5.263157894736842,
		5.405405405405405,
		5.47945205479452,
		5.555555555555555,
		5.769230769230769,
		5.769230769230769,
		5.88235294117647,
		5.88235294117647,
		5.88235294117647,
		5.88235294117647,
		6.122448979591836,
		6.153846153846154,
		6.25,
		6.25,
		6.25,
		6.451612903225806,
		6.451612903225806,
		6.593406593406594,
		6.666666666666667,
		6.666666666666667,
		6.756756756756757,
		6.779661016949152,
		6.944444444444445,
		6.944444444444445,
		7.142857142857142,
		7.142857142857142,
		7.317073170731707,
		7.462686567164178,
		7.5,
		7.547169811320755,
		7.8125,
		7.936507936507936,
		8.045977011494253,
		8.333333333333332,
		8.333333333333332,
		8.47457627118644,
		8.620689655172415,
		8.620689655172415,
		8.771929824561402,
		8.860759493670885,
		8.860759493670885,
		9.090909090909092,
		9.230769230769232,
		9.230769230769232,
		9.523809523809524,
		9.58904109589041,
		10,
		10.526315789473683,
		11.11111111111111,
		11.475409836065573,
		11.627906976744185,
		12,
		12,
		12.048192771084338,
		12.195121951219512,
		12.658227848101266,
		12.727272727272727,
		12.903225806451612,
		13.131313131313133,
		13.157894736842104,
		14.084507042253522,
		14.285714285714285,
		17.24137931034483,
		18,
		18.055555555555554,
		18.91891891891892
	],
	"launchedPassSuccRate": [
		27.536231884057973,
		27.64227642276423,
		28.205128205128204,
		29.411764705882355,
		29.545454545454547,
		30,
		30.303030303030305,
		30.357142857142854,
		31.25,
		31.343283582089555,
		31.53153153153153,
		32.407407407407405,
		33.33333333333333,
		33.33333333333333,
		33.33333333333333,
		33.5483870967742,
		33.91812865497076,
		33.9622641509434,
		34.065934065934066,
		34.355828220858896,
		34.58646616541353,
		34.61538461538461,
		34.883720930232556,
		35,
		35.44303797468354,
		36.054421768707485,
		36.27450980392157,
		36.283185840707965,
		36.36363636363637,
		36.79245283018868,
		37.34939759036144,
		37.735849056603776,
		37.7906976744186,
		37.86407766990291,
		38.23529411764706,
		38.25503355704698,
		38.59649122807017,
		39.325842696629216,
		39.35483870967742,
		39.436619718309856,
		39.58333333333333,
		39.58333333333333,
		40,
		40.21739130434783,
		40.526315789473685,
		40.74074074074074,
		41.42857142857143,
		41.46341463414634,
		41.48936170212766,
		41.52046783625731,
		41.83673469387755,
		41.891891891891895,
		42.016806722689076,
		42.028985507246375,
		42.3728813559322,
		42.68292682926829,
		42.857142857142854,
		42.857142857142854,
		43.225806451612904,
		43.24324324324324,
		43.75,
		43.80165289256198,
		44.339622641509436,
		44.44444444444444,
		44.71544715447154,
		44.871794871794876,
		45,
		45.04504504504504,
		45.714285714285715,
		45.794392523364486,
		45.94594594594595,
		47.22222222222222,
		47.337278106508876,
		47.43589743589743,
		47.706422018348626,
		47.84688995215311,
		47.94520547945205,
		48.45360824742268,
		48.760330578512395,
		50,
		50,
		50.495049504950494,
		50.51546391752577,
		50.588235294117645,
		51.31578947368421,
		51.68539325842697,
		54.054054054054056,
		54.32098765432099,
		54.41176470588235,
		54.61538461538461,
		60,
		60.56338028169014,
		63.1578947368421,
		64.7887323943662
	]
}