{
	"gsaa": [
		-27.391304347826086,
		-22,
		-20.73170731707317,
		-20.25,
		-17,
		-16.818181818181817,
		-14.000000000000002,
		-12.692307692307692,
		-12.631578947368421,
		-12.5,
		-12.5,
		-12.399999999999999,
		-11.818181818181817,
		-11.600000000000001,
		-11.578947368421053,
		-11.578947368421053,
		-11.428571428571425,
		-10.769230769230766,
		-10.357142857142858,
		-10.000000000000002,
		-9.999999999999998,
		-9.615384615384617,
		-9.310344827586205,
		-8.96551724137931,
		-7.777777777777777,
		-7.391304347826087,
		-6.896551724137931,
		-6.774193548387096,
		-6.551724137931035,
		-6.4444444444444455,
		-6.399999999999999,
		-5.588235294117648,
		-5.499999999999998,
		-5.454545454545456,
		-5.384615384615383,
		-5.208333333333334,
		-5.128205128205128,
		-5.000000000000001,
		-4.333333333333336,
		-4,
		-3.9130434782608714,
		-3.7837837837837847,
		-3.7500000000000013,
		-3.6585365853658534,
		-3.571428571428571,
		-3.437499999999999,
		-2.2580645161290303,
		-2.083333333333333,
		-1.9230769230769231,
		-1.81818181818182,
		-1.81818181818182,
		-1.7241379310344827,
		-1.6000000000000014,
		-1.5384615384615397,
		-1.2903225806451626,
		-1.071428571428574,
		-0.7692307692307698,
		-0.4761904761904745,
		-0.4347826086956506,
		-0.3225806451612892,
		0,
		0.6451612903225784,
		1.034482758620689,
		1.4285714285714286,
		1.5789473684210515,
		1.6666666666666705,
		1.9999999999999987,
		2.222222222222221,
		2.4324324324324333,
		2.962962962962959,
		3.125,
		3.157894736842103,
		3.461538461538463,
		3.63636363636364,
		3.6842105263157907,
		3.7837837837837847,
		3.8235294117647083,
		4.399999999999999,
		4.500000000000002,
		5.517241379310343,
		5.6756756756756745,
		5.833333333333335,
		6.428571428571431,
		6.499999999999999,
		6.499999999999999,
		6.666666666666665,
		7.727272727272728,
		10.454545454545453,
		13.076923076923075,
		15.000000000000002
	],
	"crossStopRate": [
		0,
		0,
		1.7543859649122806,
		1.8181818181818181,
		1.9607843137254901,
		1.9607843137254901,
		2.127659574468085,
		2.380952380952381,
		2.4390243902439024,
		2.5,
		2.564102564102564,
		2.7027027027027026,
		2.7027027027027026,
		2.7777777777777777,
		3.3333333333333335,
		3.571428571428571,
		3.6363636363636362,
		3.7037037037037033,
		3.7735849056603774,
		3.9473684210526314,
		4.166666666666666,
		4.3478260869565215,
		4.444444444444445,
		4.477611940298507,
		4.545454545454546,
		4.878048780487805,
		5,
		5.128205128205128,
		5.128205128205128,
		5.263157894736842,
		5.405405405405405,
		5.454545454545454,
		5.454545454545454,
		5.47945205479452,
		5.555555555555555,
		5.555555555555555,
		5.555555555555555,
		5.555555555555555,
		5.769230769230769,
		6,
		6.25,
		6.349206349206349,
		6.382978723404255,
		6.451612903225806,
		6.521739130434782,
		6.779661016949152,
		6.8181818181818175,
		6.8493150684931505,
		7.017543859649122,
		7.142857142857142,
		7.2727272727272725,
		7.462686567164178,
		7.5,
		7.5,
		7.547169811320755,
		7.6923076923076925,
		7.8125,
		7.8125,
		8.333333333333332,
		8.333333333333332,
		8.47457627118644,
		8.51063829787234,
		8.620689655172415,
		8.928571428571429,
		8.974358974358974,
		9.090909090909092,
		9.375,
		9.433962264150944,
		9.67741935483871,
		10.344827586206897,
		10.526315789473683,
		10.714285714285714,
		11.29032258064516,
		11.363636363636363,
		11.538461538461538,
		11.627906976744185,
		11.864406779661017,
		12.5,
		12.5,
		13.461538461538462,
		13.513513513513514,
		13.793103448275861,
		14.705882352941178,
		15.384615384615385,
		16.216216216216218,
		16.666666666666664,
		18.055555555555554,
		18.91891891891892,
		19.11764705882353,
		20
	],
	"launchedPassSuccRate": [
		27.64227642276423,
		28.000000000000004,
		29.411764705882355,
		30,
		30.76923076923077,
		30.76923076923077,
		30.76923076923077,
		30.927835051546392,
		31.25,
		31.313131313131315,
		32.142857142857146,
		32.857142857142854,
		33.05084745762712,
		33.33333333333333,
		33.65384615384615,
		33.69565217391305,
		34.065934065934066,
		34.48275862068966,
		34.73684210526316,
		35.22727272727273,
		35.44303797468354,
		35.75757575757576,
		36.0655737704918,
		36.2962962962963,
		36.84210526315789,
		37.5,
		38.12154696132597,
		38.23529411764706,
		38.311688311688314,
		38.4,
		39,
		39.21568627450981,
		39.325842696629216,
		39.53488372093023,
		39.849624060150376,
		40,
		40,
		40.21739130434783,
		40.298507462686565,
		40.74074074074074,
		41.02564102564102,
		41.208791208791204,
		41.25,
		41.37931034482759,
		41.77215189873418,
		41.81818181818181,
		41.86046511627907,
		41.891891891891895,
		41.9753086419753,
		42.10526315789473,
		42.10526315789473,
		42.30769230769231,
		42.57425742574257,
		42.857142857142854,
		43.28358208955223,
		43.63636363636363,
		43.859649122807014,
		43.93939393939394,
		44,
		44.71544715447154,
		45.23809523809524,
		45.714285714285715,
		46.15384615384615,
		46.236559139784944,
		46.7032967032967,
		46.728971962616825,
		46.875,
		47.368421052631575,
		47.368421052631575,
		47.69230769230769,
		47.72727272727273,
		47.88732394366197,
		47.91666666666667,
		48.38709677419355,
		48.45360824742268,
		49.26470588235294,
		50,
		50,
		50.602409638554214,
		52.5,
		53.2258064516129,
		53.77358490566038,
		54.78260869565217,
		55.00000000000001,
		55.46218487394958,
		55.69620253164557,
		60,
		60.3448275862069,
		65.38461538461539,
		66.66666666666666
	]
}