{
	"gsaa": [
		-20,
		-15.714285714285714,
		-12.5,
		-12.040816326530612,
		-11.81818181818182,
		-11.785714285714288,
		-11.600000000000001,
		-11.489361702127656,
		-11.052631578947366,
		-10.645161290322584,
		-9.622641509433961,
		-8.727272727272728,
		-8.620689655172415,
		-8.214285714285717,
		-7.894736842105263,
		-7.368421052631581,
		-7.297297297297295,
		-7.11111111111111,
		-6.744186046511624,
		-6.6666666666666705,
		-6.086956521739132,
		-5.454545454545456,
		-5.277777777777773,
		-5.121951219512194,
		-5.000000000000002,
		-4.999999999999999,
		-4.848484848484847,
		-4.8148148148148175,
		-4.333333333333333,
		-3.968253968253968,
		-3.962264150943399,
		-3.9024390243902434,
		-3.7037037037037033,
		-3.666666666666665,
		-3.243243243243241,
		-3.200000000000003,
		-3.1578947368421066,
		-3.125,
		-2.9629629629629624,
		-2.903225806451614,
		-2.363636363636365,
		-2.222222222222224,
		-2.162162162162164,
		-2.0689655172413843,
		-1.8518518518518516,
		-1.81818181818182,
		-1.3953488372093015,
		-0.8571428571428591,
		-0.7692307692307698,
		-0.6249999999999978,
		-0.5882352941176484,
		-0.512820512820511,
		0,
		0,
		0.2941176470588277,
		0.39999999999999863,
		1.081081081081082,
		1.3043478260869557,
		1.3333333333333344,
		1.3725490196078418,
		1.7142857142857133,
		1.9047619047619064,
		2.162162162162164,
		2.564102564102564,
		2.6000000000000014,
		2.799999999999997,
		2.9629629629629624,
		3.3333333333333335,
		3.421052631578949,
		3.437499999999999,
		3.6585365853658534,
		3.75,
		3.7931034482758608,
		3.863636363636362,
		4.186046511627908,
		4.473684210526314,
		4.545454545454546,
		4.864864864864867,
		5.8974358974359,
		6.111111111111109,
		6.25,
		6.363636363636366,
		7.428571428571427,
		7.6923076923076925,
		8.787878787878789,
		9.090909090909092,
		9.26829268292683,
		9.64285714285714,
		10,
		10.869565217391305,
		11.249999999999998
	],
	"crossStopRate": [
		0,
		1.0869565217391304,
		1.9607843137254901,
		2.5,
		2.5,
		2.5316455696202533,
		2.564102564102564,
		2.7027027027027026,
		2.8301886792452833,
		2.941176470588235,
		3.076923076923077,
		3.4482758620689653,
		3.4482758620689653,
		3.8461538461538463,
		4.3478260869565215,
		4.395604395604396,
		4.444444444444445,
		4.444444444444445,
		4.444444444444445,
		4.545454545454546,
		4.545454545454546,
		4.6875,
		4.761904761904762,
		4.761904761904762,
		4.838709677419355,
		4.938271604938271,
		5,
		5.084745762711865,
		5.172413793103448,
		5.172413793103448,
		5.263157894736842,
		5.319148936170213,
		5.333333333333334,
		5.376344086021505,
		5.405405405405405,
		5.617977528089887,
		5.633802816901409,
		5.970149253731343,
		5.970149253731343,
		6.172839506172839,
		6.25,
		6.25,
		6.315789473684211,
		6.422018348623854,
		6.8181818181818175,
		6.8181818181818175,
		6.862745098039216,
		6.862745098039216,
		6.896551724137931,
		7.142857142857142,
		7.142857142857142,
		7.4074074074074066,
		7.462686567164178,
		7.6923076923076925,
		7.6923076923076925,
		7.865168539325842,
		7.894736842105263,
		8.536585365853659,
		8.620689655172415,
		8.791208791208792,
		8.91089108910891,
		8.91089108910891,
		8.955223880597014,
		8.974358974358974,
		9.090909090909092,
		9.183673469387756,
		9.210526315789473,
		9.45945945945946,
		9.722222222222223,
		9.859154929577464,
		10,
		10,
		10.416666666666668,
		10.784313725490197,
		11.11111111111111,
		11.409395973154362,
		11.428571428571429,
		11.594202898550725,
		11.702127659574469,
		12,
		12.121212121212121,
		12.345679012345679,
		13.333333333333334,
		14.102564102564102,
		14.516129032258066,
		14.893617021276595,
		15.217391304347828,
		15.384615384615385,
		16,
		17.56756756756757,
		18.6046511627907
	],
	"launchedPassSuccRate": [
		25.146198830409354,
		25.454545454545453,
		28.823529411764703,
		29.375,
		30,
		30.23255813953488,
		30.573248407643312,
		31.16883116883117,
		31.25,
		31.28205128205128,
		32.800000000000004,
		33.587786259541986,
		34.146341463414636,
		34.27230046948357,
		34.375,
		34.50704225352113,
		35.064935064935064,
		35.18518518518518,
		35.32338308457712,
		35.338345864661655,
		35.57046979865772,
		35.63218390804598,
		36.02150537634409,
		36.03603603603604,
		36.2962962962963,
		36.42857142857142,
		36.440677966101696,
		37.03703703703704,
		37.27272727272727,
		37.2972972972973,
		37.704918032786885,
		37.786259541984734,
		38.059701492537314,
		38.23529411764706,
		38.285714285714285,
		38.54166666666667,
		39.175257731958766,
		39.23076923076923,
		39.54545454545455,
		39.56043956043956,
		40.39408866995074,
		40.50632911392405,
		40.52863436123348,
		40.963855421686745,
		41.48936170212766,
		41.732283464566926,
		41.91919191919192,
		42.14876033057851,
		42.22222222222222,
		42.36111111111111,
		42.44604316546763,
		42.77456647398844,
		42.857142857142854,
		43.03030303030303,
		43.604651162790695,
		43.75,
		44.02985074626866,
		44.31818181818182,
		44.339622641509436,
		44.36619718309859,
		44.36619718309859,
		44.79166666666667,
		44.79166666666667,
		44.881889763779526,
		45.39877300613497,
		45.45454545454545,
		45.588235294117645,
		45.78313253012048,
		46.30541871921182,
		46.32352941176471,
		46.34146341463415,
		47.25274725274725,
		47.77777777777778,
		47.85992217898833,
		48.05194805194805,
		48.148148148148145,
		48.45360824742268,
		48.701298701298704,
		48.97959183673469,
		49.56521739130435,
		50.45871559633027,
		50.526315789473685,
		51.4018691588785,
		51.515151515151516,
		51.724137931034484,
		52.63157894736842,
		52.820512820512825,
		54.109589041095894,
		54.761904761904766,
		56.25,
		64.95726495726495
	]
}