{
	"gsaa": [
		-12.456140350877195,
		-12.178217821782175,
		-10.729166666666668,
		-7.8666666666666645,
		-6.999999999999999,
		-6.862745098039216,
		-6.8243243243243255,
		-6.200000000000003,
		-5.952380952380952,
		-5.87837837837838,
		-5.74074074074074,
		-5.683453237410071,
		-5.6020942408376975,
		-5.573770491803277,
		-5.217391304347823,
		-5.037593984962408,
		-5.000000000000002,
		-4.880000000000001,
		-4.545454545454546,
		-4.122807017543862,
		-3.980582524271846,
		-3.9766081871345014,
		-3.8297872340425525,
		-3.684210526315792,
		-3.5251798561151073,
		-3.4848484848484858,
		-3.3333333333333335,
		-3.3333333333333317,
		-3.170731707317072,
		-3.154362416107385,
		-3.111111111111113,
		-3.0088495575221224,
		-2.9347826086956554,
		-2.6984126984126973,
		-2.6785714285714284,
		-2.642857142857145,
		-2.6190476190476226,
		-2.564102564102564,
		-2.3893805309734537,
		-2.3456790123456774,
		-2,
		-1.8999999999999986,
		-1.739130434782607,
		-1.7241379310344827,
		-1.5662650602409647,
		-1.25,
		-1.1650485436893232,
		-0.9774436090225543,
		-0.9166666666666679,
		-0.8609271523178789,
		-0.8247422680412342,
		-0.8,
		-0.6622516556291391,
		-0.6451612903225784,
		-0.6034482758620714,
		-0.5797101449275341,
		-0.5194805194805177,
		-0.49180327868852386,
		-0.2962962962962952,
		-0.2941176470588225,
		-0.1999999999999981,
		-0.18867924528301708,
		-0.14084507042253722,
		0,
		0.08474576271186561,
		0.27522935779816254,
		0.3184713375796179,
		0.4026845637583902,
		0.6741573033707841,
		0.6790123456790133,
		0.7633587786259541,
		0.78125,
		0.8035714285714273,
		0.9677419354838676,
		1.094890510948905,
		1.1320754716981092,
		1.3533834586466198,
		1.4432989690721634,
		1.4965986394557842,
		1.5533980582524285,
		1.7346938775510232,
		1.834862385321101,
		1.875,
		2.3188405797101472,
		2.5203252032520336,
		2.575757575757573,
		2.6027397260273952,
		2.7338129496402854,
		2.7350427350427373,
		2.764705882352943,
		2.9861111111111094,
		3.0188679245283048,
		3.064516129032256,
		3.1182795698924717,
		3.61963190184049,
		3.6206896551724164,
		3.693693693693695,
		3.7931034482758608,
		4.225352112676056,
		4.388489208633095,
		4.6153846153846185,
		5.365853658536587,
		5.39568345323741,
		5.405405405405405,
		5.6363636363636385,
		5.641025641025642,
		5.714285714285714,
		5.915492957746478,
		6.311475409836068,
		8.627450980392155
	],
	"crossStopRate": [
		1.7857142857142856,
		3.389830508474576,
		3.4482758620689653,
		3.4722222222222223,
		3.6809815950920246,
		4.123711340206185,
		4.225352112676056,
		4.276315789473684,
		4.484304932735426,
		4.938271604938271,
		5.047318611987381,
		5.056179775280898,
		5.084745762711865,
		5.095541401273886,
		5.202312138728324,
		5.298013245033113,
		5.363984674329502,
		5.405405405405405,
		5.46448087431694,
		5.571847507331378,
		5.577689243027888,
		5.6716417910447765,
		5.68561872909699,
		5.6939501779359425,
		5.72289156626506,
		5.747126436781609,
		5.88235294117647,
		5.909090909090909,
		6.0402684563758395,
		6.0606060606060606,
		6.097560975609756,
		6.101694915254238,
		6.153846153846154,
		6.206896551724138,
		6.211180124223603,
		6.214689265536723,
		6.214689265536723,
		6.284153005464481,
		6.2857142857142865,
		6.299212598425196,
		6.299212598425196,
		6.306306306306306,
		6.333333333333334,
		6.4,
		6.461538461538462,
		6.532663316582915,
		6.550218340611353,
		6.666666666666667,
		6.7164179104477615,
		6.727828746177369,
		6.730769230769231,
		6.896551724137931,
		6.912442396313365,
		6.918238993710692,
		6.9306930693069315,
		7.002801120448179,
		7.03125,
		7.0754716981132075,
		7.2607260726072615,
		7.28476821192053,
		7.335907335907336,
		7.374631268436578,
		7.482993197278912,
		7.516339869281046,
		7.590759075907591,
		7.6158940397351,
		7.655502392344498,
		7.741935483870968,
		7.784431137724551,
		7.853403141361256,
		8.016877637130802,
		8.098591549295776,
		8.108108108108109,
		8.125,
		8.16326530612245,
		8.21529745042493,
		8.264462809917356,
		8.333333333333332,
		8.333333333333332,
		8.426966292134832,
		8.454810495626822,
		8.522727272727272,
		8.75,
		8.771929824561402,
		8.94308943089431,
		8.955223880597014,
		9,
		9.022556390977442,
		9.090909090909092,
		9.12280701754386,
		9.205020920502092,
		9.210526315789473,
		9.243697478991598,
		9.295774647887324,
		9.375,
		9.58904109589041,
		9.646302250803858,
		9.863945578231291,
		9.9644128113879,
		10.03584229390681,
		10.27027027027027,
		10.289389067524116,
		10.327455919395465,
		10.344827586206897,
		10.365853658536585,
		10.434782608695652,
		10.638297872340425,
		10.727969348659004,
		11.864406779661017,
		12.541254125412541
	],
	"launchedPassSuccRate": [
		27.956989247311824,
		28.418230563002684,
		29.352226720647774,
		30.76923076923077,
		31.4878892733564,
		31.88118811881188,
		32.242225859247135,
		32.89036544850498,
		33.18452380952381,
		33.202099737532805,
		33.33333333333333,
		34.511434511434516,
		34.58646616541353,
		34.68013468013468,
		34.68118195956454,
		34.69945355191257,
		34.79623824451411,
		34.876543209876544,
		35,
		35.01577287066246,
		35.20286396181384,
		35.66433566433567,
		35.810810810810814,
		36.241610738255034,
		36.48393194706994,
		36.95364238410596,
		37.24832214765101,
		37.28813559322034,
		37.5594294770206,
		37.693631669535286,
		37.81094527363184,
		37.83783783783784,
		37.84615384615385,
		37.893296853625166,
		38.010471204188484,
		38.03191489361702,
		38.45223700120919,
		38.714499252615845,
		38.87362637362637,
		38.88888888888889,
		38.92857142857143,
		39.46830265848671,
		39.51473136915078,
		39.568345323741006,
		39.81042654028436,
		39.872068230277186,
		40.28436018957346,
		40.45368620037807,
		40.5940594059406,
		41.21212121212121,
		41.24087591240876,
		41.35090609555189,
		41.36690647482014,
		41.44736842105263,
		41.509433962264154,
		41.88679245283019,
		41.9753086419753,
		41.99623352165725,
		42.093023255813954,
		42.733564013840834,
		42.81984334203655,
		42.857142857142854,
		42.926829268292686,
		43.031358885017426,
		43.08823529411765,
		43.54838709677419,
		43.62017804154303,
		43.66197183098591,
		43.89671361502347,
		44.26877470355731,
		44.675324675324674,
		44.88734835355286,
		45,
		45.03464203233256,
		45.09345794392524,
		45.111111111111114,
		45.1417004048583,
		45.43010752688172,
		45.67307692307692,
		45.78947368421053,
		45.95300261096606,
		45.9958932238193,
		46.103896103896105,
		46.14065180102916,
		46.31578947368421,
		46.33663366336634,
		46.97986577181208,
		47.12765957446808,
		47.35202492211838,
		47.38067520372526,
		47.5,
		47.77777777777778,
		47.82608695652174,
		47.85478547854785,
		48.07256235827664,
		48.10126582278481,
		48.32535885167464,
		48.63013698630137,
		48.725212464589234,
		50.28571428571429,
		50.57915057915058,
		50.88967971530249,
		50.90497737556561,
		51.19453924914675,
		52.879581151832454,
		53.44827586206896,
		55.30035335689046,
		57.14285714285714,
		59.591836734693885,
		60.698689956331876
	]
}