{
	"gsaa": [
		-14.705882352941178,
		-13.6734693877551,
		-12.528735632183906,
		-9.777777777777779,
		-9.684210526315793,
		-8.974358974358974,
		-8.461538461538463,
		-8.309859154929576,
		-6.999999999999999,
		-6.666666666666668,
		-6.25,
		-6.25,
		-6.1946902654867255,
		-5.797101449275362,
		-5.606060606060605,
		-5.37878787878788,
		-5.348837209302327,
		-5.2586206896551735,
		-5.153846153846156,
		-4.863013698630138,
		-4.79289940828402,
		-4.545454545454546,
		-4.437500000000001,
		-4.3750000000000036,
		-4.3478260869565215,
		-3.963963963963963,
		-3.9130434782608683,
		-3.7962962962962976,
		-3.684210526315786,
		-3.600000000000001,
		-3.589743589743592,
		-3.5294117647058836,
		-3.3644859813084125,
		-3.3333333333333335,
		-3.109243697478994,
		-2.8571428571428585,
		-2.8205128205128194,
		-2.735042735042734,
		-2.7184466019417446,
		-2.6785714285714284,
		-2.5714285714285725,
		-2.5242718446601953,
		-2.5000000000000013,
		-2.371134020618557,
		-2.235294117647057,
		-2.222222222222223,
		-2.1487603305785075,
		-2.083333333333333,
		-1.885245901639342,
		-1.8399999999999979,
		-1.8390804597701167,
		-1.7460317460317483,
		-1.6129032258064515,
		-1.5094339622641524,
		-1.2244897959183665,
		-1.171875,
		-1.1023622047244084,
		-1.0687022900763348,
		-0.9278350515463903,
		-0.8247422680412378,
		-0.7236842105263167,
		-0.5882352941176484,
		-0.35211267605633806,
		-0.15748031496063214,
		-0.0909090909090922,
		0,
		0.1418439716312077,
		0.2777777777777751,
		0.5343511450381702,
		0.5384615384615407,
		0.8450704225352133,
		0.8510638297872309,
		1.2631578947368414,
		1.3274336283185841,
		1.4563106796116505,
		1.5789473684210515,
		1.7977528089887655,
		1.8633540372670807,
		1.9642857142857166,
		2.3300970873786393,
		2.3376623376623384,
		2.3655913978494656,
		2.4299065420560764,
		2.4561403508771904,
		2.58503401360544,
		2.685185185185184,
		2.765957446808512,
		2.7956989247311843,
		2.799999999999997,
		2.82258064516129,
		3.1730769230769202,
		3.1818181818181785,
		3.3684210526315814,
		3.4653465346534658,
		4.210526315789478,
		4.301075268817205,
		4.354838709677418,
		4.62962962962963,
		4.692307692307693,
		4.893617021276595,
		5.11627906976744,
		5.370370370370371,
		5.384615384615383,
		5.614035087719297,
		5.772357723577237,
		5.95744680851064,
		6.12903225806452,
		6.285714285714283
	],
	"crossStopRate": [
		2.380952380952381,
		2.666666666666667,
		3.669724770642202,
		3.741496598639456,
		4.026845637583892,
		4.225352112676056,
		4.245283018867925,
		4.296875,
		4.395604395604396,
		4.484304932735426,
		4.833836858006042,
		4.854368932038835,
		4.938271604938271,
		5.084745762711865,
		5.179282868525896,
		5.188679245283019,
		5.208333333333334,
		5.228758169934641,
		5.298013245033113,
		5.357142857142857,
		5.384615384615385,
		5.434782608695652,
		5.574912891986063,
		5.660377358490567,
		5.714285714285714,
		5.780346820809249,
		5.829596412556054,
		5.88235294117647,
		5.909090909090909,
		5.970149253731343,
		6.015037593984962,
		6.0402684563758395,
		6.153846153846154,
		6.25,
		6.269592476489027,
		6.341463414634147,
		6.375838926174497,
		6.440677966101695,
		6.451612903225806,
		6.474820143884892,
		6.504065040650407,
		6.513409961685824,
		6.5420560747663545,
		6.58682634730539,
		6.622516556291391,
		6.643356643356643,
		6.666666666666667,
		6.687898089171974,
		6.806282722513089,
		6.882591093117409,
		6.896551724137931,
		6.896551724137931,
		6.896551724137931,
		6.95970695970696,
		7.03125,
		7.037037037037037,
		7.114624505928854,
		7.142857142857142,
		7.167235494880546,
		7.169811320754717,
		7.373271889400922,
		7.428571428571429,
		7.518796992481203,
		7.547169811320755,
		7.6923076923076925,
		7.6923076923076925,
		7.719298245614035,
		7.758620689655173,
		7.782101167315175,
		7.894736842105263,
		8.088235294117647,
		8.13953488372093,
		8.19672131147541,
		8.333333333333332,
		8.396946564885496,
		8.411214953271028,
		8.433734939759036,
		8.540925266903916,
		8.737864077669903,
		8.780487804878048,
		8.783783783783784,
		8.823529411764707,
		8.91089108910891,
		8.91089108910891,
		9.004739336492891,
		9.012875536480687,
		9.090909090909092,
		9.12280701754386,
		9.205020920502092,
		9.205020920502092,
		9.243697478991598,
		9.278350515463918,
		9.734513274336283,
		9.748427672955975,
		9.813084112149532,
		9.854014598540147,
		10.043668122270741,
		10.181818181818182,
		10.44776119402985,
		10.548523206751055,
		10.59322033898305,
		10.822510822510822,
		10.87719298245614,
		10.897435897435898,
		11.16751269035533,
		12.222222222222221,
		12.686567164179104,
		13.600000000000001
	],
	"launchedPassSuccRate": [
		28.57142857142857,
		28.819444444444443,
		29.74137931034483,
		30.040322580645164,
		31.451612903225808,
		31.752577319587626,
		31.818181818181817,
		31.858407079646017,
		32.1078431372549,
		32.79132791327913,
		32.89036544850498,
		33.08383233532935,
		33.57664233576642,
		33.60655737704918,
		33.980582524271846,
		34.58646616541353,
		35,
		35.1010101010101,
		35.714285714285715,
		36.041666666666664,
		36.140350877192986,
		36.2589928057554,
		36.52694610778443,
		36.67334669338677,
		36.8,
		36.86708860759494,
		37.04819277108434,
		37.242798353909464,
		37.24832214765101,
		37.468982630272954,
		37.56476683937824,
		37.68352365415987,
		37.83783783783784,
		37.83783783783784,
		38.15384615384615,
		38.32752613240418,
		38.46153846153847,
		38.9937106918239,
		39.154929577464785,
		39.57446808510638,
		39.636913767019664,
		39.81481481481482,
		39.816513761467895,
		40,
		40.17857142857143,
		40.48964218455744,
		40.78212290502793,
		41.02564102564102,
		41.25874125874126,
		41.371158392434985,
		41.73027989821883,
		41.92307692307693,
		42.21453287197232,
		42.32209737827715,
		42.379958246346554,
		42.42424242424242,
		42.47787610619469,
		42.638623326959845,
		42.69406392694064,
		42.88537549407115,
		42.926829268292686,
		42.96296296296296,
		43.333333333333336,
		43.418467583497055,
		43.54838709677419,
		44.06332453825858,
		44.13793103448276,
		44.26877470355731,
		44.57831325301205,
		45.07042253521127,
		45.13064133016627,
		45.30892448512586,
		45.564516129032256,
		45.62647754137116,
		45.7286432160804,
		45.78947368421053,
		45.86466165413533,
		46.103896103896105,
		46.24277456647399,
		46.2962962962963,
		46.31578947368421,
		46.55172413793103,
		46.74329501915709,
		47.00239808153477,
		47.071129707112966,
		47.360912981455066,
		47.5206611570248,
		47.66666666666667,
		47.682119205298015,
		47.687861271676304,
		48.07692307692308,
		48.59154929577465,
		48.77384196185286,
		48.78048780487805,
		49.297573435504475,
		50.140845070422536,
		50.42553191489362,
		50.602409638554214,
		50.81967213114754,
		51.2396694214876,
		51.64113785557986,
		53.104925053533194,
		53.44827586206896,
		53.893442622950815,
		54.516129032258064,
		55.34591194968554,
		62.299465240641716,
		63.212435233160626
	]
}