{
	"gsaa": [
		-16.6,
		-15,
		-11.600000000000001,
		-11.153846153846153,
		-11.025641025641027,
		-10.666666666666664,
		-10.645161290322584,
		-9.999999999999998,
		-9.824561403508774,
		-9.30232558139535,
		-8.392857142857142,
		-8.285714285714281,
		-7.575757575757576,
		-7.499999999999998,
		-6.799999999999998,
		-6.749999999999997,
		-6.428571428571428,
		-6.341463414634145,
		-5.999999999999998,
		-5.833333333333333,
		-5.58139534883721,
		-5.357142857142857,
		-5.357142857142857,
		-5.084745762711865,
		-5.084745762711865,
		-5,
		-4.831460674157304,
		-4.807692307692308,
		-4.782608695652173,
		-4.754098360655735,
		-4.72972972972973,
		-4.428571428571431,
		-4.0196078431372495,
		-3.928571428571427,
		-3.8461538461538463,
		-3.7142857142857166,
		-3.653846153846151,
		-3.421052631578949,
		-3.3870967741935507,
		-2.7272727272727257,
		-2.6000000000000014,
		-2.278481012658229,
		-2.2413793103448287,
		-2.068965517241378,
		-1.9444444444444424,
		-1.9354838709677407,
		-1.8867924528301887,
		-1.81818181818182,
		-1.7910447761194073,
		-1.5384615384615385,
		-1.3636363636363615,
		-1.0769230769230758,
		-0.8333333333333304,
		-0.6122448979591851,
		-0.5813953488372093,
		-0.34482758620689535,
		-0.21276595744680774,
		-0.20408163265306412,
		-0.20408163265306412,
		0.13888888888889087,
		0.2857142857142847,
		0.2985074626865661,
		0.31746031746031633,
		0.3389830508474564,
		0.49999999999999817,
		0.8771929824561403,
		1.0144927536231874,
		1.551724137931032,
		1.6883116883116893,
		1.7142857142857133,
		1.7460317460317483,
		1.846153846153845,
		1.8604651162790715,
		1.8965517241379335,
		2.07547169811321,
		2.1333333333333306,
		2.4193548387096775,
		2.4390243902439024,
		2.459016393442623,
		3.157894736842103,
		3.278688524590164,
		3.437499999999999,
		3.559322033898307,
		3.7037037037037033,
		3.8888888888888897,
		3.9999999999999987,
		4.925373134328359,
		4.999999999999997,
		5.11627906976744,
		5.161290322580644,
		5.319148936170213,
		5.384615384615385,
		5.535714285714285,
		6.0714285714285685,
		7.11111111111111,
		7.543859649122808,
		7.647058823529412,
		7.962962962962965,
		8.49056603773585,
		9.04761904761905,
		9.318181818181817
	],
	"crossStopRate": [
		1.2345679012345678,
		1.5151515151515151,
		1.6,
		1.9607843137254901,
		2.380952380952381,
		2.4,
		2.857142857142857,
		2.8846153846153846,
		3.0303030303030303,
		3.278688524590164,
		3.4246575342465753,
		3.4482758620689653,
		3.546099290780142,
		3.6363636363636362,
		3.7037037037037033,
		3.90625,
		3.9215686274509802,
		4,
		4.10958904109589,
		4.166666666666666,
		4.25531914893617,
		4.316546762589928,
		4.504504504504505,
		4.580152671755725,
		4.724409448818897,
		4.761904761904762,
		4.761904761904762,
		5,
		5.063291139240507,
		5.147058823529411,
		5.172413793103448,
		5.208333333333334,
		5.298013245033113,
		5.421686746987952,
		5.511811023622047,
		5.511811023622047,
		5.555555555555555,
		5.594405594405594,
		5.594405594405594,
		5.617977528089887,
		5.633802816901409,
		5.699481865284974,
		5.9171597633136095,
		5.9259259259259265,
		5.932203389830509,
		5.970149253731343,
		6.015037593984962,
		6.0402684563758395,
		6.0606060606060606,
		6.153846153846154,
		6.299212598425196,
		6.5420560747663545,
		6.5420560747663545,
		6.7164179104477615,
		6.730769230769231,
		6.756756756756757,
		6.796116504854369,
		6.8181818181818175,
		6.8493150684931505,
		6.862745098039216,
		6.956521739130435,
		7.079646017699115,
		7.18562874251497,
		7.199999999999999,
		7.317073170731707,
		7.352941176470589,
		7.462686567164178,
		7.6923076923076925,
		7.746478873239436,
		7.746478873239436,
		7.913669064748201,
		7.926829268292683,
		8.13953488372093,
		8.208955223880597,
		8.256880733944955,
		8.383233532934131,
		8.396946564885496,
		8.536585365853659,
		8.771929824561402,
		9,
		9.027777777777777,
		9.210526315789473,
		9.333333333333334,
		9.401709401709402,
		9.67741935483871,
		9.923664122137405,
		9.95475113122172,
		10.084033613445378,
		10.294117647058822,
		10.344827586206897,
		10.38961038961039,
		11.29032258064516,
		11.363636363636363,
		11.538461538461538,
		11.842105263157894,
		12.5,
		14.0625,
		15.079365079365079,
		15.315315315315313,
		16.666666666666664,
		17.365269461077844
	],
	"launchedPassSuccRate": [
		25,
		26.666666666666668,
		30.573248407643312,
		31.25,
		31.40495867768595,
		31.538461538461537,
		31.70731707317073,
		31.818181818181817,
		31.983805668016196,
		32.269503546099294,
		32.27513227513227,
		32.72727272727273,
		33.587786259541986,
		33.65853658536586,
		33.663366336633665,
		33.88888888888889,
		34.75783475783476,
		35.39823008849557,
		35.43543543543544,
		35.507246376811594,
		35.714285714285715,
		35.815602836879435,
		36.01190476190476,
		36.8,
		37.16577540106952,
		37.17948717948718,
		37.39837398373984,
		37.5,
		37.93103448275862,
		38.666666666666664,
		38.79598662207358,
		38.82978723404255,
		38.88888888888889,
		38.90577507598784,
		39.06976744186046,
		39.130434782608695,
		39.19753086419753,
		39.30348258706468,
		39.31623931623932,
		39.43217665615142,
		39.436619718309856,
		39.54545454545455,
		39.55223880597015,
		40,
		40.119760479041915,
		40.136054421768705,
		40.42553191489361,
		40.44444444444444,
		40.86538461538461,
		41.637010676156585,
		41.87192118226601,
		42.083333333333336,
		42.124542124542124,
		42.14876033057851,
		42.391304347826086,
		42.465753424657535,
		42.758620689655174,
		42.95302013422819,
		43.38235294117647,
		43.39622641509434,
		44.339622641509436,
		44.36619718309859,
		44.50402144772118,
		44.76987447698745,
		45.28301886792453,
		45.45454545454545,
		45.714285714285715,
		45.812807881773395,
		45.812807881773395,
		45.85365853658537,
		46.07843137254902,
		46.34146341463415,
		46.34920634920635,
		46.90721649484536,
		47.43589743589743,
		47.482014388489205,
		47.71573604060914,
		47.72727272727273,
		47.82608695652174,
		48.07692307692308,
		48.5,
		48.68035190615836,
		48.99328859060403,
		49,
		49.37238493723849,
		49.63503649635037,
		49.685534591194966,
		50.212765957446805,
		50.29585798816568,
		51.07142857142857,
		51.68539325842697,
		51.746031746031754,
		53.04347826086957,
		53.42465753424658,
		53.896103896103895,
		54.966887417218544,
		55.865921787709496,
		56.390977443609025,
		62.16216216216216,
		64.81481481481481,
		65.34653465346535
	]
}