{
	"gsaa": [
		-16.6,
		-11.600000000000001,
		-11.153846153846153,
		-11.025641025641027,
		-11.000000000000004,
		-10.666666666666664,
		-10.645161290322584,
		-9.999999999999998,
		-9.824561403508774,
		-9.487179487179485,
		-8.604651162790695,
		-8.392857142857142,
		-7.575757575757576,
		-6.976744186046512,
		-6.799999999999998,
		-6.749999999999997,
		-6.530612244897958,
		-6.4444444444444455,
		-6.338028169014084,
		-5.857142857142859,
		-5.833333333333333,
		-5.357142857142857,
		-5.357142857142857,
		-5.084745762711865,
		-5.084745762711865,
		-5,
		-4.831460674157304,
		-4.754098360655735,
		-4.72972972972973,
		-4.150943396226413,
		-4.142857142857141,
		-4.0196078431372495,
		-4,
		-3.7142857142857166,
		-3.653846153846151,
		-3.617021276595743,
		-3.421052631578949,
		-3.220338983050845,
		-2.7272727272727257,
		-2.6000000000000014,
		-2.2413793103448287,
		-2.162162162162164,
		-1.9354838709677407,
		-1.81818181818182,
		-1.7910447761194073,
		-1.7857142857142856,
		-1.7647058823529411,
		-1.5384615384615385,
		-0.9375000000000022,
		-0.8333333333333304,
		-0.7575757575757576,
		-0.6451612903225784,
		-0.6122448979591851,
		-0.5813953488372093,
		-0.5263157894736824,
		-0.20408163265306412,
		0,
		0.23255813953488289,
		0.27777777777778173,
		0.31746031746031633,
		0.34482758620689535,
		0.408163265306121,
		0.5660377358490579,
		0.7499999999999973,
		0.7692307692307693,
		1.2280701754385952,
		1.3846153846153824,
		1.551724137931032,
		1.7142857142857133,
		1.846153846153845,
		1.8604651162790715,
		1.8965517241379335,
		1.9402985074626875,
		2.0779220779220795,
		2.1818181818181808,
		2.1951219512195133,
		2.380952380952381,
		2.459016393442623,
		2.53731343283582,
		2.8571428571428554,
		3.1034482758620703,
		3.404255319148939,
		3.437499999999999,
		3.559322033898307,
		4.0506329113924044,
		4.057971014492755,
		4.3902439024390265,
		4.461538461538459,
		4.499999999999999,
		5.161290322580644,
		5.208333333333334,
		5.384615384615385,
		5.535714285714285,
		6.0714285714285685,
		6.379310344827585,
		7.234042553191486,
		7.580645161290321,
		7.647058823529412,
		8.214285714285717,
		8.67924528301887,
		9.347826086956523
	],
	"crossStopRate": [
		1.5151515151515151,
		1.5625,
		2.380952380952381,
		2.4,
		2.8846153846153846,
		2.8901734104046244,
		2.923976608187134,
		3.4482758620689653,
		3.4482758620689653,
		3.546099290780142,
		3.6231884057971016,
		3.6363636363636362,
		3.79746835443038,
		3.9215686274509802,
		4,
		4.166666666666666,
		4.201680672268908,
		4.25531914893617,
		4.316546762589928,
		4.580152671755725,
		4.724409448818897,
		4.761904761904762,
		5,
		5,
		5.05050505050505,
		5.063291139240507,
		5.1020408163265305,
		5.147058823529411,
		5.172413793103448,
		5.208333333333334,
		5.421686746987952,
		5.421686746987952,
		5.47945205479452,
		5.511811023622047,
		5.511811023622047,
		5.555555555555555,
		5.633802816901409,
		5.633802816901409,
		5.660377358490567,
		5.660377358490567,
		5.755395683453238,
		5.9171597633136095,
		5.952380952380952,
		5.982905982905983,
		6.015037593984962,
		6.0402684563758395,
		6.0606060606060606,
		6.211180124223603,
		6.25,
		6.299212598425196,
		6.5420560747663545,
		6.5420560747663545,
		6.756756756756757,
		6.796116504854369,
		6.8181818181818175,
		6.8493150684931505,
		6.862745098039216,
		6.993006993006993,
		7.03125,
		7.079646017699115,
		7.18562874251497,
		7.18562874251497,
		7.199999999999999,
		7.246376811594203,
		7.317073170731707,
		7.333333333333333,
		7.462686567164178,
		7.638888888888889,
		7.6923076923076925,
		7.926829268292683,
		8.035714285714286,
		8.13953488372093,
		8.208955223880597,
		8.208955223880597,
		8.256880733944955,
		8.383233532934131,
		8.38709677419355,
		8.396946564885496,
		8.695652173913043,
		8.771929824561402,
		9,
		9.027777777777777,
		9.210526315789473,
		9.230769230769232,
		9.615384615384617,
		9.67741935483871,
		9.848484848484848,
		9.933774834437086,
		9.95475113122172,
		10.084033613445378,
		10.344827586206897,
		10.38961038961039,
		11.29032258064516,
		11.538461538461538,
		11.602209944751381,
		11.842105263157894,
		13.698630136986301,
		14.615384615384617,
		15.2,
		16.666666666666664,
		17.365269461077844
	],
	"launchedPassSuccRate": [
		28.08219178082192,
		28.467153284671532,
		30.573248407643312,
		31.25,
		31.40495867768595,
		31.70731707317073,
		31.818181818181817,
		31.983805668016196,
		32.27513227513227,
		32.72727272727273,
		32.88888888888889,
		33,
		33.587786259541986,
		33.641975308641975,
		33.663366336633665,
		33.66834170854271,
		35.32608695652174,
		35.39823008849557,
		35.43543543543544,
		35.714285714285715,
		35.815602836879435,
		36.01190476190476,
		36.25730994152047,
		36.91275167785235,
		36.93467336683417,
		36.96969696969697,
		37.5,
		37.567567567567565,
		37.93103448275862,
		37.95620437956204,
		38.00738007380074,
		38.30409356725146,
		38.48396501457726,
		38.67684478371501,
		38.82978723404255,
		38.88888888888889,
		38.90577507598784,
		39.0625,
		39.130434782608695,
		39.19753086419753,
		39.31623931623932,
		39.366515837104075,
		39.55223880597015,
		39.55696202531646,
		40.35874439461883,
		40.42553191489361,
		40.44444444444444,
		40.86538461538461,
		41.01123595505618,
		41.23376623376623,
		41.87192118226601,
		42.083333333333336,
		42.124542124542124,
		42.14876033057851,
		42.391304347826086,
		42.465753424657535,
		42.758620689655174,
		43.38235294117647,
		43.58974358974359,
		43.983402489626556,
		44.339622641509436,
		44.36619718309859,
		44.50402144772118,
		45.28301886792453,
		45.714285714285715,
		45.812807881773395,
		45.85365853658537,
		45.97701149425287,
		46.07843137254902,
		46.34146341463415,
		46.34920634920635,
		46.36363636363636,
		46.93877551020408,
		46.93877551020408,
		47.2972972972973,
		47.59036144578313,
		47.71573604060914,
		47.72727272727273,
		48.07692307692308,
		48.68035190615836,
		48.87892376681614,
		48.87892376681614,
		49,
		49.37238493723849,
		49.39759036144578,
		49.63503649635037,
		49.685534591194966,
		50.212765957446805,
		50.29585798816568,
		50.90909090909091,
		51.07142857142857,
		51.61290322580645,
		51.68539325842697,
		53.04347826086957,
		53.42465753424658,
		53.896103896103895,
		54.966887417218544,
		55.865921787709496,
		62.16216216216216,
		64.81481481481481,
		64.86486486486487
	]
}