{
	"gsaa": [
		-13,
		-12.580645161290327,
		-12.528735632183906,
		-8.461538461538463,
		-8.309859154929576,
		-7.999999999999999,
		-6.999999999999999,
		-6.666666666666668,
		-6.631578947368418,
		-6.428571428571428,
		-6.1946902654867255,
		-6.111111111111109,
		-6.029411764705885,
		-5.14018691588785,
		-4.999999999999998,
		-4.742268041237114,
		-4.605263157894736,
		-4.556213017751481,
		-4.545454545454546,
		-4.482758620689654,
		-4.253731343283585,
		-4.1025641025641,
		-3.9130434782608683,
		-3.693693693693695,
		-3.693693693693695,
		-3.684210526315786,
		-3.6363636363636354,
		-3.583333333333331,
		-3.3606557377049193,
		-3.3333333333333335,
		-3.1707317073170747,
		-3.1645569620253164,
		-3.0833333333333357,
		-2.83783783783784,
		-2.7777777777777777,
		-2.6785714285714284,
		-2.6262626262626276,
		-2.5714285714285725,
		-2.222222222222223,
		-2.142857142857144,
		-2.1367521367521367,
		-2.1176470588235303,
		-2.019230769230771,
		-1.9354838709677407,
		-1.8999999999999986,
		-1.7741935483870992,
		-1.7241379310344827,
		-1.7037037037037017,
		-1.42857142857143,
		-1.26126126126126,
		-1.0280373831775715,
		-0.9230769230769252,
		-0.9022556390977465,
		-0.8653846153846141,
		-0.8247422680412342,
		-0.7317073170731696,
		-0.7216494845360817,
		-0.3061224489795962,
		-0.1904761904761898,
		-0.17391304347826333,
		-0.13698630136986498,
		-0.06250000000000089,
		0,
		0,
		0.07633587786259108,
		0.2380952380952415,
		0.5479452054794501,
		0.5645161290322603,
		0.78125,
		0.8029197080291981,
		0.8823529411764727,
		1.0000000000000009,
		1.019108280254778,
		1.3861386138613847,
		1.3868613138686121,
		1.4606741573033715,
		1.5476190476190486,
		1.8571428571428583,
		2.027027027027027,
		2.031250000000001,
		2.0754716981132035,
		2.1052631578947367,
		2.314814814814815,
		2.432432432432435,
		2.4999999999999987,
		2.772277227722773,
		2.8703703703703716,
		2.9914529914529915,
		3.0693069306930707,
		3.1182795698924717,
		3.14285714285714,
		3.1707317073170747,
		3.3333333333333335,
		3.6231884057971016,
		3.8775510204081653,
		4.112149532710279,
		4.1860465116279055,
		4.270833333333331,
		4.536082474226802,
		4.590163934426231,
		5.084745762711865,
		5.227272727272729,
		5.316455696202531,
		5.575221238938051,
		5.74257425742574,
		6.266666666666667,
		6.49572649572649,
		6.717557251908395,
		7.156862745098036,
		7.6595744680851094
	],
	"crossStopRate": [
		2.380952380952381,
		2.4193548387096775,
		3.2653061224489797,
		3.9647577092511015,
		4.026845637583892,
		4.104477611940299,
		4.225352112676056,
		4.484304932735426,
		4.5584045584045585,
		4.62962962962963,
		4.761904761904762,
		4.905660377358491,
		4.946996466431095,
		4.953560371517028,
		5,
		5.0228310502283104,
		5.150214592274678,
		5.179282868525896,
		5.228758169934641,
		5.434782608695652,
		5.448717948717949,
		5.681818181818182,
		5.726872246696035,
		5.7507987220447285,
		5.776173285198556,
		5.909090909090909,
		5.921052631578947,
		5.947955390334572,
		6.015037593984962,
		6.015037593984962,
		6.0402684563758395,
		6.086956521739131,
		6.109324758842444,
		6.122448979591836,
		6.134969325153374,
		6.172839506172839,
		6.1946902654867255,
		6.217616580310881,
		6.280193236714976,
		6.329113924050633,
		6.367041198501873,
		6.382978723404255,
		6.422018348623854,
		6.532663316582915,
		6.5420560747663545,
		6.545454545454546,
		6.557377049180328,
		6.622516556291391,
		6.741573033707865,
		6.751054852320674,
		6.7669172932330826,
		6.811145510835913,
		6.896551724137931,
		6.896551724137931,
		7.03125,
		7.092198581560284,
		7.096774193548387,
		7.111111111111111,
		7.111111111111111,
		7.142857142857142,
		7.194244604316546,
		7.213114754098362,
		7.2727272727272725,
		7.394366197183098,
		7.457627118644068,
		7.608695652173914,
		7.638888888888889,
		7.836990595611286,
		7.894736842105263,
		8,
		8.064516129032258,
		8.092485549132949,
		8.11965811965812,
		8.135593220338983,
		8.148148148148149,
		8.333333333333332,
		8.411214953271028,
		8.461538461538462,
		8.527131782945736,
		8.637873754152823,
		8.677685950413224,
		8.794788273615636,
		8.823529411764707,
		8.866995073891626,
		8.88888888888889,
		8.91089108910891,
		8.928571428571429,
		8.96551724137931,
		9.032258064516128,
		9.049773755656108,
		9.205020920502092,
		9.243697478991598,
		9.278350515463918,
		9.623430962343097,
		9.63855421686747,
		9.765625,
		9.824561403508772,
		9.824561403508772,
		10.204081632653061,
		10.218978102189782,
		10.38961038961039,
		10.429447852760736,
		10.504201680672269,
		10.631229235880399,
		10.824742268041238,
		10.833333333333334,
		11.11111111111111,
		11.842105263157894,
		12.408759124087592,
		12.455516014234876
	],
	"launchedPassSuccRate": [
		27.683615819209038,
		28.39506172839506,
		28.57142857142857,
		29.74137931034483,
		30.53435114503817,
		31.451612903225808,
		31.54121863799283,
		31.718061674008812,
		32.27272727272727,
		32.418952618453865,
		32.66998341625207,
		32.798833819241985,
		32.89036544850498,
		33.27402135231316,
		33.931484502446985,
		34.58646616541353,
		34.876543209876544,
		35.13513513513514,
		35.25179856115108,
		35.66433566433567,
		35.66433566433567,
		35.98326359832636,
		36.140350877192986,
		36.417322834645674,
		36.68639053254438,
		36.70520231213873,
		36.8,
		36.87150837988827,
		36.87150837988827,
		36.87315634218289,
		37.183098591549296,
		37.24832214765101,
		37.56345177664975,
		37.613019891500905,
		37.83783783783784,
		37.93103448275862,
		38.006952491309384,
		38.27838827838828,
		38.392857142857146,
		38.4083044982699,
		39.15929203539823,
		39.31777378815081,
		39.79289940828402,
		39.87730061349693,
		40.07220216606498,
		40.07782101167315,
		40.33018867924528,
		40.38461538461539,
		41.00529100529101,
		41.05263157894737,
		41.12676056338028,
		41.25874125874126,
		41.3625304136253,
		41.46341463414634,
		41.68377823408625,
		41.983122362869196,
		42.17118997912318,
		42.277992277992276,
		42.33576642335766,
		42.38532110091743,
		42.926829268292686,
		42.94975688816856,
		43.115124153498876,
		43.288590604026844,
		43.33958724202627,
		43.54838709677419,
		44.128113879003564,
		44.26877470355731,
		44.38040345821326,
		44.44444444444444,
		44.51901565995526,
		44.565217391304344,
		45,
		45.1063829787234,
		45.20547945205479,
		45.42586750788644,
		45.78947368421053,
		45.89041095890411,
		46.0559796437659,
		46.336996336996336,
		46.36871508379888,
		46.3855421686747,
		46.386946386946384,
		46.559633027522935,
		46.96485623003195,
		47,
		47.071129707112966,
		47.10144927536232,
		47.61255115961801,
		47.647058823529406,
		47.66666666666667,
		48.091603053435115,
		48.517520215633425,
		48.59154929577465,
		48.64546525323911,
		48.83040935672515,
		48.94736842105264,
		49.31880108991826,
		49.63235294117647,
		50.38167938931297,
		50.679611650485434,
		51.578947368421055,
		51.62689804772235,
		52.8942115768463,
		53.44827586206896,
		53.9553752535497,
		54.51713395638629,
		56.024096385542165,
		61.21495327102804,
		61.53846153846154
	]
}