{
	"gsaa": [
		-14.0625,
		-12.903225806451612,
		-12.528735632183906,
		-11.025641025641027,
		-10.666666666666664,
		-10.645161290322584,
		-9.999999999999998,
		-9.824561403508774,
		-9.264705882352942,
		-7.666666666666669,
		-7.450980392156864,
		-7.285714285714288,
		-6.50793650793651,
		-6.000000000000001,
		-5.797101449275362,
		-5.600000000000001,
		-5.529411764705886,
		-5.072463768115942,
		-5.060240963855421,
		-5.000000000000002,
		-4.80392156862745,
		-4.719999999999999,
		-4.242424242424243,
		-4.065934065934066,
		-4.056603773584903,
		-3.9795918367346923,
		-3.9393939393939417,
		-3.749999999999998,
		-3.4285714285714266,
		-3.292682926829272,
		-3.2500000000000013,
		-3.2038834951456283,
		-3.1645569620253164,
		-3.1168831168831153,
		-2.631578947368421,
		-2.5742574257425757,
		-2.539682539682542,
		-2.5333333333333314,
		-2.222222222222223,
		-2.1739130434782608,
		-2.048192771084336,
		-1.9354838709677407,
		-1.827956989247315,
		-1.81818181818182,
		-1.7857142857142856,
		-1.6279069767441843,
		-1.4772727272727282,
		-1.3095238095238113,
		-1.0666666666666678,
		-1.0112359550561782,
		-1.0000000000000009,
		-0.9090909090909082,
		-0.8823529411764727,
		-0.5797101449275341,
		-0.5479452054794501,
		-0.5405405405405387,
		-0.370370370370369,
		-0.34090909090908766,
		-0.3124999999999989,
		-0.2985074626865661,
		-0.16129032258064746,
		-0.11764705882353109,
		0.2941176470588225,
		0.3061224489795889,
		0.3124999999999989,
		0.34482758620689735,
		0.454545454545453,
		0.5633802816901389,
		0.879120879120876,
		1.1578947368421066,
		1.2280701754385952,
		1.249999999999998,
		1.3750000000000018,
		1.7391304347826062,
		1.836734693877552,
		1.9298245614035112,
		2.0253164556962044,
		2.0430107526881702,
		2.0454545454545463,
		2.127659574468085,
		2.222222222222224,
		2.3456790123456774,
		2.380952380952381,
		2.4561403508771904,
		2.7027027027027026,
		2.8813559322033884,
		2.968749999999998,
		3.134328358208957,
		3.230769230769233,
		3.437499999999999,
		3.898305084745764,
		4.054054054054054,
		4.285714285714286,
		4.320987654320987,
		4.571428571428571,
		5.000000000000002,
		5.2542372881355925,
		5.483870967741933,
		5.824175824175825,
		6.329113924050633,
		6.704545454545453,
		6.896551724137931,
		7.09677419354839,
		7.5384615384615365,
		7.758620689655173,
		7.910447761194026,
		8.297872340425533,
		8.437499999999998
	],
	"crossStopRate": [
		2.380952380952381,
		2.5974025974025974,
		2.793296089385475,
		2.9069767441860463,
		2.923976608187134,
		3.389830508474576,
		3.571428571428571,
		3.619909502262444,
		3.6764705882352944,
		3.821656050955414,
		3.864734299516908,
		3.977272727272727,
		4.026845637583892,
		4.371584699453552,
		4.477611940298507,
		4.6875,
		4.72972972972973,
		4.739336492890995,
		4.761904761904762,
		4.761904761904762,
		4.864864864864865,
		4.918032786885246,
		4.938271604938271,
		4.968944099378882,
		5,
		5.031446540880504,
		5.092592592592593,
		5.154639175257731,
		5.172413793103448,
		5.208333333333334,
		5.384615384615385,
		5.405405405405405,
		5.517241379310345,
		5.555555555555555,
		5.58659217877095,
		5.612244897959184,
		5.617977528089887,
		5.714285714285714,
		5.813953488372093,
		5.88235294117647,
		6.0606060606060606,
		6.134969325153374,
		6.153846153846154,
		6.25,
		6.315789473684211,
		6.358381502890173,
		6.467661691542288,
		6.481481481481481,
		6.508875739644971,
		6.532663316582915,
		6.593406593406594,
		6.666666666666667,
		6.694560669456067,
		6.7669172932330826,
		6.770833333333333,
		6.796116504854369,
		6.832298136645963,
		6.837606837606838,
		6.896551724137931,
		6.896551724137931,
		7.017543859649122,
		7.03125,
		7.103825136612022,
		7.1065989847715745,
		7.179487179487179,
		7.262569832402235,
		7.2992700729927,
		7.446808510638298,
		7.462686567164178,
		7.5,
		7.6923076923076925,
		7.731958762886598,
		7.784431137724551,
		7.82608695652174,
		7.909604519774012,
		8.02139037433155,
		8.045977011494253,
		8.21917808219178,
		8.256880733944955,
		8.620689655172415,
		8.724832214765101,
		8.904109589041095,
		8.98876404494382,
		9,
		9.090909090909092,
		9.090909090909092,
		9.202453987730062,
		9.210526315789473,
		9.243697478991598,
		9.35960591133005,
		9.448818897637794,
		9.574468085106384,
		9.6,
		9.67741935483871,
		9.70873786407767,
		9.782608695652174,
		10.059171597633137,
		10.344827586206897,
		10.396039603960396,
		10.407239819004525,
		10.75268817204301,
		11.564625850340136,
		12,
		12.5,
		13.26530612244898,
		13.513513513513514,
		14.634146341463413,
		15.957446808510639
	],
	"launchedPassSuccRate": [
		28.57142857142857,
		29.009433962264154,
		31.25,
		31.25,
		31.554524361948953,
		31.818181818181817,
		31.818181818181817,
		32.17054263565892,
		32.240437158469945,
		33.0188679245283,
		33.192389006342495,
		33.55048859934853,
		33.57142857142857,
		33.88888888888889,
		34.02597402597402,
		34.85477178423236,
		34.87179487179487,
		35.53299492385787,
		35.714285714285715,
		35.81395348837209,
		36.140350877192986,
		36.23529411764706,
		36.41975308641975,
		36.486486486486484,
		36.69724770642202,
		36.78929765886287,
		36.831275720164605,
		37.264150943396224,
		37.35632183908046,
		37.41648106904232,
		37.878787878787875,
		37.903225806451616,
		38.08139534883721,
		38.13229571984436,
		38.37471783295711,
		38.46153846153847,
		38.55421686746988,
		39.03061224489796,
		39.130434782608695,
		39.48497854077253,
		39.686098654708516,
		39.85507246376812,
		40.116279069767444,
		40.15151515151515,
		40.282685512367486,
		40.42553191489361,
		40.55118110236221,
		40.683229813664596,
		40.75235109717868,
		41.007194244604314,
		41.03194103194103,
		41.432225063938624,
		41.584158415841586,
		41.714285714285715,
		41.84100418410041,
		42.038216560509554,
		42.21311475409836,
		42.22222222222222,
		42.465753424657535,
		42.46987951807229,
		42.926829268292686,
		42.95774647887324,
		43.05555555555556,
		43.18181818181818,
		44.09448818897638,
		44.11764705882353,
		44.34782608695652,
		44.36619718309859,
		44.60093896713615,
		44.680851063829785,
		45.2755905511811,
		45.48611111111111,
		45.689655172413794,
		46.07843137254902,
		46.2046204620462,
		46.44549763033176,
		46.58634538152611,
		46.796657381615596,
		47,
		47.093023255813954,
		47.12643678160919,
		47.337278106508876,
		47.38461538461539,
		47.58620689655172,
		47.752808988764045,
		47.82608695652174,
		47.82608695652174,
		48,
		48.25046040515654,
		48.888888888888886,
		48.9051094890511,
		49.31506849315068,
		49.523809523809526,
		49.6124031007752,
		50,
		50.38461538461539,
		50.81967213114754,
		51.04602510460251,
		51.6209476309227,
		51.902173913043484,
		51.91256830601093,
		53.04347826086957,
		54.75409836065573,
		56.38766519823789,
		57.89473684210527,
		58.139534883720934,
		63.70106761565836,
		65.35433070866141
	]
}