{
	"gsaa": [
		-14.40677966101695,
		-12.790697674418606,
		-12.528735632183906,
		-11.025641025641027,
		-10.666666666666664,
		-10.645161290322584,
		-9.999999999999998,
		-9.999999999999998,
		-9.824561403508774,
		-7.81818181818182,
		-7.666666666666669,
		-7.638888888888889,
		-7.000000000000002,
		-6.734693877551022,
		-6.666666666666668,
		-6.593406593406594,
		-6.46153846153846,
		-6.4444444444444455,
		-6.315789473684212,
		-5.873015873015872,
		-5.624999999999999,
		-5.409836065573772,
		-4.799999999999997,
		-4.673913043478262,
		-4.4827586206896575,
		-4.461538461538459,
		-4.262295081967215,
		-4,
		-3.982300884955752,
		-3.9240506329113938,
		-3.896103896103896,
		-3.432835820895523,
		-3.4285714285714266,
		-3.1884057971014483,
		-2.7631578947368443,
		-2.5000000000000013,
		-2.448979591836733,
		-2.4285714285714275,
		-2.4137931034482736,
		-2.187499999999998,
		-2.1739130434782608,
		-2.1568627450980418,
		-1.81818181818182,
		-1.5384615384615374,
		-1.4492753623188406,
		-1.3750000000000018,
		-1.3157894736842104,
		-1.2068965517241368,
		-1.1842105263157876,
		-0.8928571428571428,
		-0.8620689655172413,
		-0.7575757575757576,
		-0.740740740740738,
		-0.6250000000000016,
		-0.6122448979591851,
		-0.5405405405405387,
		-0.512820512820511,
		-0.370370370370369,
		-0.30303030303030193,
		-0.15873015873015817,
		-0.14705882352941385,
		0,
		0.34482758620689535,
		0.6097560975609756,
		0.6666666666666667,
		0.7142857142857117,
		0.7692307692307665,
		1.025641025641022,
		1.0416666666666665,
		1.093749999999999,
		1.555555555555554,
		1.6417910447761215,
		1.9117647058823541,
		2.168674698795182,
		2.34375,
		2.539682539682542,
		2.666666666666664,
		2.666666666666667,
		2.6744186046511595,
		2.8571428571428585,
		2.94871794871795,
		3.0588235294117663,
		3.125,
		3.3333333333333313,
		3.3333333333333335,
		3.571428571428571,
		3.8157894736842084,
		4.054054054054054,
		4.461538461538459,
		4.499999999999999,
		4.516129032258066,
		4.531249999999998,
		4.583333333333331,
		4.736842105263158,
		4.799999999999997,
		5.000000000000002,
		5.652173913043476,
		6.133333333333335,
		6.274509803921567,
		6.666666666666665,
		6.734693877551022,
		6.774193548387101,
		6.9841269841269815,
		7.368421052631581,
		8.11594202898551,
		8.644067796610171,
		10.789473684210526
	],
	"crossStopRate": [
		1.4598540145985401,
		2.380952380952381,
		2.9940119760479043,
		3.076923076923077,
		3.0864197530864197,
		3.1413612565445024,
		3.389830508474576,
		3.4482758620689653,
		3.4722222222222223,
		3.4722222222222223,
		3.7735849056603774,
		3.864734299516908,
		4.026845637583892,
		4.054054054054054,
		4.0650406504065035,
		4.166666666666666,
		4.225352112676056,
		4.424778761061947,
		4.545454545454546,
		4.545454545454546,
		4.761904761904762,
		4.918032786885246,
		4.9504950495049505,
		4.964539007092199,
		5.063291139240507,
		5.154639175257731,
		5.172413793103448,
		5.172413793103448,
		5.202312138728324,
		5.263157894736842,
		5.369127516778524,
		5.376344086021505,
		5.376344086021505,
		5.421686746987952,
		5.46448087431694,
		5.517241379310345,
		5.673758865248227,
		5.797101449275362,
		5.839416058394161,
		5.932203389830509,
		5.9405940594059405,
		6,
		6.11353711790393,
		6.172839506172839,
		6.185567010309279,
		6.25,
		6.25,
		6.289308176100629,
		6.41025641025641,
		6.493506493506493,
		6.508875739644971,
		6.557377049180328,
		6.593406593406594,
		6.6115702479338845,
		6.666666666666667,
		6.756756756756757,
		6.796116504854369,
		6.923076923076923,
		6.944444444444445,
		6.976744186046512,
		6.976744186046512,
		7.006369426751593,
		7.017543859649122,
		7.2727272727272725,
		7.303370786516854,
		7.4074074074074066,
		7.453416149068323,
		7.462686567164178,
		7.5,
		7.567567567567568,
		7.647058823529412,
		7.857142857142857,
		7.9470198675496695,
		8.035714285714286,
		8.080808080808081,
		8.208955223880597,
		8.208955223880597,
		8.241758241758241,
		8.256880733944955,
		8.333333333333332,
		8.374384236453201,
		8.588957055214724,
		8.620689655172415,
		8.620689655172415,
		8.633093525179856,
		8.724832214765101,
		8.771929824561402,
		9.210526315789473,
		9.25925925925926,
		9.32642487046632,
		9.340659340659341,
		9.580838323353294,
		9.63855421686747,
		9.67741935483871,
		9.714285714285714,
		9.803921568627452,
		10.256410256410255,
		10.344827586206897,
		10.576923076923077,
		11.11111111111111,
		11.811023622047244,
		11.842105263157894,
		12.658227848101266,
		13.157894736842104,
		14.285714285714285,
		15.846994535519126,
		16.666666666666664
	],
	"launchedPassSuccRate": [
		28.467153284671532,
		28.608923884514436,
		29.457364341085274,
		29.82456140350877,
		31.125827814569533,
		31.25,
		31.70103092783505,
		31.818181818181817,
		32.323232323232325,
		32.41106719367589,
		33.23262839879154,
		33.33333333333333,
		33.52941176470588,
		33.910034602076124,
		34.099616858237546,
		34.49197860962567,
		34.4988344988345,
		35,
		35.11705685618729,
		35.26570048309179,
		35.39823008849557,
		35.41666666666667,
		35.714285714285715,
		35.90909090909091,
		36,
		36.140350877192986,
		36.811594202898554,
		36.91275167785235,
		37.219730941704036,
		37.45704467353952,
		37.75,
		38.07106598984771,
		38.315789473684205,
		38.655462184873954,
		38.759689922480625,
		38.79781420765027,
		38.95348837209303,
		39.189189189189186,
		39.27125506072874,
		39.31623931623932,
		39.64646464646464,
		39.85507246376812,
		40.055248618784525,
		40.19933554817276,
		40.35714285714286,
		40.42553191489361,
		40.57971014492754,
		40.78947368421053,
		40.85106382978723,
		40.909090909090914,
		40.94488188976378,
		41.17647058823529,
		41.201716738197426,
		41.75257731958763,
		41.795665634674926,
		42.0353982300885,
		42.038216560509554,
		42.04545454545455,
		42.04545454545455,
		42.333333333333336,
		42.4812030075188,
		42.63803680981595,
		43.22033898305085,
		43.36283185840708,
		44.03292181069959,
		44.36619718309859,
		44.66019417475729,
		45.038167938931295,
		45.51282051282051,
		45.59748427672956,
		45.851528384279476,
		46.07843137254902,
		46.25550660792951,
		46.46017699115044,
		46.93877551020408,
		47.02549575070821,
		47.18614718614719,
		47.20812182741117,
		47.45762711864407,
		47.921225382932164,
		47.928994082840234,
		48.0225988700565,
		48.07692307692308,
		48.113207547169814,
		48.223350253807105,
		48.3271375464684,
		48.57142857142857,
		48.734177215189874,
		48.81656804733728,
		49.14529914529914,
		49.67741935483871,
		50,
		50.21459227467812,
		50.2283105022831,
		50.45045045045045,
		50.82872928176796,
		51.23287671232877,
		52.26130653266332,
		52.58620689655172,
		53.04347826086957,
		53.125,
		54.58015267175572,
		56.58536585365853,
		59.154929577464785,
		63.2,
		64,
		64.51612903225806
	]
}