{
	"gsaa": [
		-11.320754716981133,
		-10.588235294117645,
		-8.35526315789474,
		-7.235294117647058,
		-7.021276595744682,
		-6.875000000000002,
		-6.666666666666665,
		-6.557377049180328,
		-6.454545454545456,
		-6.106194690265485,
		-5.624999999999999,
		-5.571428571428569,
		-5.505617977528089,
		-5.403225806451615,
		-5.294117647058825,
		-4.671532846715327,
		-4.218749999999999,
		-4.123711340206185,
		-3.7931034482758625,
		-3.644067796610167,
		-3.541666666666665,
		-3.433734939759034,
		-2.857142857142854,
		-2.714285714285712,
		-2.477876106194688,
		-2.4050632911392387,
		-2.3684210526315796,
		-2.3076923076923093,
		-2.250000000000001,
		-2.105263157894736,
		-2.0610687022900787,
		-2.038834951456309,
		-1.953125,
		-1.8045112781954877,
		-1.7518248175182474,
		-1.6783216783216772,
		-1.6666666666666694,
		-1.6666666666666676,
		-1.5625,
		-1.5079365079365126,
		-1.4736842105263144,
		-1.4545454545454537,
		-1.3953488372093057,
		-1.2631578947368414,
		-1.2631578947368414,
		-1.2048192771084338,
		-1.195652173913045,
		-1.1494252873563218,
		-1.1034482758620698,
		-1.0619469026548698,
		-0.9923664122137382,
		-0.9090909090909103,
		-0.8163265306122469,
		-0.7339449541284377,
		-0.6603773584905688,
		-0.44444444444444287,
		-0.15151515151515366,
		-0.15151515151515366,
		-0.11627906976744351,
		0,
		0,
		0,
		0.06535947712418394,
		0.07042253521126861,
		0.13071895424836788,
		0.5487804878048772,
		0.5645161290322603,
		0.6923076923076912,
		0.9090909090909076,
		1.0000000000000024,
		1.044776119402984,
		1.1409395973154381,
		1.2000000000000008,
		1.6666666666666676,
		1.6981132075471714,
		1.705426356589144,
		2.0792079207920806,
		2.410714285714285,
		2.4242424242424265,
		2.4666666666666686,
		2.5,
		2.6595744680851063,
		2.660550458715595,
		2.9885057471264345,
		3.018867924528301,
		3.0246913580246906,
		3.0508474576271176,
		3.2183908045976977,
		3.399999999999999,
		3.4507042253521116,
		3.4710743801652915,
		3.6974789915966375,
		3.7142857142857166,
		3.7500000000000004,
		4.032258064516129,
		4.3646408839779,
		4.466019417475723,
		4.675324675324672,
		4.6987951807228905,
		4.725274725274726,
		5.071428571428573,
		5.2755905511811045,
		5.42857142857143,
		5.576923076923075,
		5.785123966942149,
		6.328125000000001,
		6.434108527131781,
		6.532258064516131,
		6.8674698795180715,
		6.965174129353234,
		8.834951456310682,
		9.999999999999998
	],
	"crossStopRate": [
		2.7777777777777777,
		3.151862464183381,
		3.225806451612903,
		3.5211267605633805,
		3.8095238095238098,
		3.861003861003861,
		3.910614525139665,
		3.932584269662921,
		3.982300884955752,
		4.487179487179487,
		4.607046070460704,
		4.610951008645533,
		4.672897196261682,
		4.797979797979798,
		4.9504950495049505,
		4.953560371517028,
		5.027932960893855,
		5.0359712230215825,
		5.090909090909091,
		5.194805194805195,
		5.333333333333334,
		5.405405405405405,
		5.555555555555555,
		5.5762081784386615,
		5.594405594405594,
		5.649717514124294,
		5.82010582010582,
		5.86080586080586,
		5.88235294117647,
		5.913978494623656,
		5.923344947735192,
		5.970149253731343,
		6.0344827586206895,
		6.206896551724138,
		6.25,
		6.440677966101695,
		6.472491909385113,
		6.477732793522267,
		6.484641638225256,
		6.493506493506493,
		6.5420560747663545,
		6.544502617801047,
		6.606606606606606,
		6.666666666666667,
		6.666666666666667,
		6.666666666666667,
		6.692913385826772,
		6.705539358600583,
		6.756756756756757,
		6.866952789699571,
		6.887052341597796,
		6.896551724137931,
		6.896551724137931,
		6.976744186046512,
		6.983240223463687,
		7.086614173228346,
		7.094594594594595,
		7.236842105263158,
		7.251908396946565,
		7.2992700729927,
		7.2992700729927,
		7.317073170731707,
		7.5,
		7.52212389380531,
		7.608695652173914,
		7.638888888888889,
		7.661290322580645,
		7.664233576642336,
		7.71513353115727,
		7.784431137724551,
		7.8125,
		7.818930041152264,
		7.894736842105263,
		7.943925233644859,
		8,
		8.088235294117647,
		8.108108108108109,
		8.108108108108109,
		8.185053380782918,
		8.264462809917356,
		8.398950131233596,
		8.433734939759036,
		8.727272727272728,
		8.75,
		8.794788273615636,
		8.81057268722467,
		8.881578947368421,
		8.984375,
		9.170305676855897,
		9.32642487046632,
		9.491525423728813,
		9.608540925266903,
		9.94475138121547,
		10,
		10.115606936416185,
		10.116731517509727,
		10.176991150442479,
		10.232558139534884,
		10.256410256410255,
		10.4,
		10.408921933085502,
		10.619469026548673,
		11.146496815286625,
		11.5625,
		11.578947368421053,
		11.76470588235294,
		11.985018726591761,
		12.075471698113208,
		12.237762237762238,
		13.432835820895523,
		13.812154696132598,
		14.136125654450263
	],
	"launchedPassSuccRate": [
		24.210526315789473,
		27.19033232628399,
		28.000000000000004,
		29.041916167664674,
		29.190751445086704,
		29.419035846724352,
		30.130293159609124,
		30.33033033033033,
		30.777903043968436,
		32.4228028503563,
		32.79352226720648,
		32.800000000000004,
		32.81452658884565,
		32.923832923832926,
		33.007334963325185,
		33.01075268817204,
		33.281972265023114,
		33.33333333333333,
		33.52272727272727,
		33.59375,
		34.303534303534306,
		34.60620525059666,
		34.66334164588529,
		34.70031545741325,
		34.84848484848485,
		35.22727272727273,
		35.50863723608445,
		35.546875,
		36.30705394190871,
		36.31578947368421,
		36.31713554987212,
		36.80709534368071,
		36.853448275862064,
		36.88969258589512,
		36.93931398416886,
		37.010159651669085,
		37.04318936877076,
		37.17277486910995,
		37.368421052631575,
		37.38532110091743,
		37.74131274131275,
		37.76978417266187,
		37.77173913043478,
		37.9454926624738,
		38.059701492537314,
		38.141025641025635,
		38.1489841986456,
		38.17829457364341,
		38.39080459770115,
		38.80208333333333,
		39.189189189189186,
		39.34837092731829,
		39.80582524271845,
		39.867549668874176,
		39.955357142857146,
		40.37267080745342,
		40.43092522179975,
		40.93023255813954,
		41.01694915254237,
		41.55405405405405,
		41.83673469387755,
		41.91852825229961,
		42.241379310344826,
		42.42424242424242,
		42.659974905897116,
		42.857142857142854,
		42.98642533936652,
		43.203883495145625,
		43.28358208955223,
		43.50797266514807,
		43.51297405189621,
		43.529411764705884,
		43.686868686868685,
		43.69565217391304,
		43.75,
		44.01041666666667,
		44.072164948453604,
		44.12955465587044,
		44.26229508196721,
		44.33781190019194,
		44.54545454545455,
		44.62809917355372,
		44.827586206896555,
		45.34005037783375,
		46.285714285714285,
		46.29213483146067,
		46.2962962962963,
		46.5324384787472,
		46.774193548387096,
		47.07792207792208,
		47.28260869565217,
		47.46376811594203,
		47.61904761904761,
		47.706422018348626,
		47.81021897810219,
		47.8125,
		47.91318864774624,
		49.00221729490023,
		49.130434782608695,
		49.17695473251029,
		49.523809523809526,
		50,
		50.40650406504065,
		50.526315789473685,
		51.8348623853211,
		52.17391304347826,
		52.74463007159904,
		52.86624203821656,
		55.4054054054054,
		55.47445255474452,
		58.333333333333336,
		60.17699115044248
	]
}