{
	"gsaa": [
		-14.80314960629921,
		-12.549019607843134,
		-11.320754716981133,
		-10.56603773584906,
		-9.775280898876408,
		-8.529411764705884,
		-8.468468468468467,
		-8.11965811965812,
		-7.948717948717948,
		-7.850467289719624,
		-7.637795275590547,
		-7.093023255813955,
		-7.000000000000002,
		-6.629213483146065,
		-6.5882352941176485,
		-6.447368421052635,
		-6.428571428571428,
		-5.961538461538464,
		-5.609756097560977,
		-5.16949152542373,
		-4.999999999999997,
		-4.9514563106796095,
		-4.909090909090908,
		-4.6017699115044275,
		-4.4954128440366965,
		-4.356435643564355,
		-3.362831858407077,
		-3.2,
		-2.8999999999999986,
		-2.803738317757009,
		-2.6470588235294126,
		-2.5490196078431384,
		-2.5263157894736827,
		-2.5,
		-2.3076923076923093,
		-2.2666666666666657,
		-1.6037735849056631,
		-1.530612244897959,
		-1.4893617021276582,
		-1.451612903225804,
		-1.2941176470588254,
		-1.2631578947368414,
		-1.2162162162162145,
		-1.1711711711711685,
		-1.1111111111111112,
		-1.025641025641022,
		-0.9090909090909113,
		-0.7999999999999973,
		-0.78125,
		-0.7438016528925607,
		-0.5343511450381702,
		-0.5154639175257731,
		-0.4761904761904762,
		-0.29702970297029424,
		-0.11363636363636526,
		-0.10101010101010244,
		-0.09433962264151077,
		0.24793388429751828,
		0.25000000000000355,
		0.28169014084506944,
		0.2857142857142864,
		0.37735849056603976,
		0.6024096385542169,
		0.6034482758620714,
		0.6999999999999993,
		1.0071942446043156,
		1.0891089108910905,
		1.1249999999999982,
		1.1627906976744187,
		1.2048192771084338,
		1.28787878787879,
		1.4285714285714295,
		1.5178571428571421,
		1.6176470588235317,
		1.794871794871796,
		1.8390804597701125,
		1.9708029197080312,
		2.0422535211267596,
		2.0689655172413763,
		2.142857142857144,
		2.4347826086956497,
		2.5688073394495388,
		2.5833333333333286,
		2.6771653543307075,
		2.7272727272727266,
		2.941176470588235,
		3.02325581395349,
		3.0864197530864197,
		3.1617647058823506,
		4.265734265734267,
		4.883720930232556,
		5.065789473684212,
		5.24271844660194,
		5.2755905511811045,
		5.535714285714288,
		5.783132530120483,
		6.024096385542169,
		6.388888888888891,
		6.406250000000002,
		6.527777777777777,
		6.938775510204079,
		7.032967032967032,
		7.169811320754717,
		9.999999999999998
	],
	"crossStopRate": [
		3.0864197530864197,
		3.1578947368421053,
		3.3457249070631967,
		3.5856573705179287,
		3.8793103448275863,
		3.910614525139665,
		3.9647577092511015,
		4.531722054380665,
		4.531722054380665,
		4.697986577181208,
		4.942965779467681,
		4.9504950495049505,
		5.027932960893855,
		5.240174672489083,
		5.263157894736842,
		5.454545454545454,
		5.4945054945054945,
		5.498281786941581,
		5.521472392638037,
		5.555555555555555,
		5.5762081784386615,
		5.6000000000000005,
		5.747126436781609,
		5.785123966942149,
		5.86080586080586,
		5.9760956175298805,
		6.018518518518518,
		6.140350877192982,
		6.198347107438017,
		6.206896551724138,
		6.217616580310881,
		6.224066390041494,
		6.3559322033898304,
		6.440677966101695,
		6.477732793522267,
		6.569343065693431,
		6.643356643356643,
		6.691449814126393,
		6.756756756756757,
		6.800000000000001,
		6.875000000000001,
		6.884057971014493,
		6.9306930693069315,
		6.989247311827956,
		7.048458149779736,
		7.086614173228346,
		7.142857142857142,
		7.142857142857142,
		7.179487179487179,
		7.234042553191489,
		7.2727272727272725,
		7.377049180327869,
		7.389162561576355,
		7.4074074074074066,
		7.471264367816093,
		7.5,
		7.518796992481203,
		7.52212389380531,
		7.59493670886076,
		7.608695652173914,
		7.665505226480835,
		7.6923076923076925,
		7.719298245614035,
		7.734806629834254,
		7.835820895522389,
		7.8817733990147785,
		7.894736842105263,
		7.943925233644859,
		8.02139037433155,
		8.02139037433155,
		8.108108108108109,
		8.270676691729323,
		8.292682926829269,
		8.370044052863436,
		8.433734939759036,
		8.81057268722467,
		8.823529411764707,
		8.881578947368421,
		8.928571428571429,
		8.96551724137931,
		9.090909090909092,
		9.170305676855897,
		9.25925925925926,
		9.747292418772563,
		9.95475113122172,
		10,
		10.116731517509727,
		10.16949152542373,
		10.176991150442479,
		10.185185185185185,
		10.232558139534884,
		10.4,
		10.44776119402985,
		10.638297872340425,
		11.200000000000001,
		11.594202898550725,
		11.76470588235294,
		11.797752808988763,
		11.855670103092782,
		12.237762237762238,
		12.941176470588237,
		13.261648745519713,
		14.136125654450263,
		15.492957746478872
	],
	"launchedPassSuccRate": [
		24.210526315789473,
		25.471698113207548,
		26.93877551020408,
		27.968749999999996,
		28.000000000000004,
		29.896907216494846,
		30,
		30.33033033033033,
		31.697054698457222,
		31.74193548387097,
		32.32963549920761,
		32.35294117647059,
		32.46329526916802,
		32.49299719887955,
		32.541133455210236,
		32.83898305084746,
		32.923832923832926,
		33.007334963325185,
		33.52112676056338,
		33.59375,
		33.87533875338754,
		33.95522388059701,
		34.241908006814306,
		34.303534303534306,
		34.66334164588529,
		34.70031545741325,
		35.22727272727273,
		35.64954682779456,
		36.188436830835116,
		36.31713554987212,
		36.3431151241535,
		36.43122676579926,
		36.869340232858995,
		36.875,
		36.98224852071006,
		37.0253164556962,
		37.234042553191486,
		37.5,
		37.53846153846154,
		37.74193548387097,
		37.95379537953795,
		37.98449612403101,
		38.095238095238095,
		38.17829457364341,
		38.5502471169687,
		38.80208333333333,
		38.81987577639752,
		39.097744360902254,
		39.34837092731829,
		39.61352657004831,
		39.71518987341772,
		39.955357142857146,
		40.44943820224719,
		41.208791208791204,
		41.33545310015898,
		41.59021406727829,
		41.7624521072797,
		42.01520912547528,
		42.0654911838791,
		42.69662921348314,
		42.813455657492355,
		42.857142857142854,
		42.89693593314763,
		42.98642533936652,
		43.07228915662651,
		43.13725490196079,
		43.203883495145625,
		43.27485380116959,
		43.569553805774284,
		43.712574850299404,
		44.33781190019194,
		44.54545454545455,
		44.57831325301205,
		44.62809917355372,
		44.65408805031446,
		44.827586206896555,
		45.0261780104712,
		45.40816326530612,
		46.285714285714285,
		46.2962962962963,
		46.5324384787472,
		46.9437652811736,
		47.03703703703704,
		47.20229555236729,
		47.26930320150659,
		47.62845849802372,
		47.706422018348626,
		47.7088948787062,
		48.10126582278481,
		48.275862068965516,
		48.451730418943534,
		48.792270531400966,
		49.163179916317986,
		49.57983193277311,
		49.586776859504134,
		49.72972972972973,
		51.8348623853211,
		52.03252032520326,
		52.74463007159904,
		54.54545454545454,
		54.97835497835498,
		56.49717514124294,
		57.432432432432435,
		60.43956043956044
	]
}