{
	"gsaa": [
		-11.320754716981133,
		-10.588235294117645,
		-9.411764705882355,
		-8.35526315789474,
		-8.290598290598293,
		-7.235294117647058,
		-6.875000000000002,
		-6.666666666666665,
		-6.557377049180328,
		-6.106194690265485,
		-5.571428571428569,
		-5.403225806451615,
		-5.393258426966293,
		-5.294117647058825,
		-4.807692307692308,
		-4.313725490196077,
		-4.25287356321839,
		-4.218749999999999,
		-4.123711340206185,
		-3.8000000000000007,
		-3.644067796610167,
		-3.433734939759034,
		-2.9496402877697854,
		-2.790697674418603,
		-2.653061224489797,
		-2.477876106194688,
		-2.4050632911392387,
		-2.3684210526315796,
		-2.3076923076923093,
		-2.187499999999998,
		-2.105263157894736,
		-2.0610687022900787,
		-2.038834951456309,
		-1.8181818181818188,
		-1.6783216783216772,
		-1.6666666666666694,
		-1.6666666666666676,
		-1.6279069767441872,
		-1.5625,
		-1.5000000000000009,
		-1.5000000000000009,
		-1.494252873563215,
		-1.4736842105263144,
		-1.3636363636363646,
		-1.28787878787879,
		-1.2631578947368414,
		-1.195652173913045,
		-1.176470588235295,
		-1.1627906976744187,
		-1.1494252873563218,
		-1.0619469026548698,
		-0.9923664122137382,
		-0.8163265306122469,
		-0.7339449541284377,
		-0.6603773584905688,
		-0.42553191489361547,
		-0.3787878787878788,
		-0.30864197530864196,
		-0.15151515151515366,
		0,
		0.07042253521126861,
		0.2290076335877841,
		0.2962962962962952,
		0.5161290322580627,
		0.6153846153846132,
		0.7432432432432442,
		0.777777777777777,
		0.8536585365853651,
		0.9090909090909076,
		0.9202453987730062,
		0.9638554216867478,
		1.2000000000000008,
		1.5873015873015872,
		1.5972222222222252,
		1.705426356589144,
		1.968503937007874,
		2.0792079207920806,
		2.3255813953488373,
		2.410714285714285,
		2.4226804123711356,
		2.4242424242424265,
		2.4666666666666686,
		2.6595744680851063,
		2.9885057471264345,
		3.0508474576271176,
		3.1182795698924717,
		3.1288343558282214,
		3.1818181818181843,
		3.2183908045976977,
		3.3802816901408432,
		3.399999999999999,
		3.4710743801652915,
		3.6974789915966375,
		3.7142857142857166,
		4.000000000000002,
		4.190476190476189,
		4.596774193548389,
		4.619565217391304,
		4.675324675324672,
		4.6987951807228905,
		4.725274725274726,
		4.758620689655172,
		5.2755905511811045,
		5.42857142857143,
		5.873015873015872,
		6.328125000000001,
		6.434108527131781,
		6.481481481481481,
		6.8674698795180715,
		6.915422885572138,
		8.834951456310682,
		9.999999999999998
	],
	"crossStopRate": [
		3.0386740331491713,
		3.225806451612903,
		3.484320557491289,
		3.8095238095238098,
		3.861003861003861,
		3.896103896103896,
		3.910614525139665,
		3.932584269662921,
		4.0201005025125625,
		4.607046070460704,
		4.632152588555858,
		4.672897196261682,
		4.679802955665025,
		4.891304347826087,
		4.9504950495049505,
		4.953560371517028,
		5.027932960893855,
		5.194805194805195,
		5.244755244755245,
		5.333333333333334,
		5.333333333333334,
		5.41871921182266,
		5.429864253393665,
		5.555555555555555,
		5.5762081784386615,
		5.594405594405594,
		5.649717514124294,
		5.762711864406779,
		5.785123966942149,
		5.82010582010582,
		5.86080586080586,
		5.970149253731343,
		6.206896551724138,
		6.25,
		6.41025641025641,
		6.415094339622642,
		6.440677966101695,
		6.477732793522267,
		6.484641638225256,
		6.493506493506493,
		6.5420560747663545,
		6.544502617801047,
		6.606606606606606,
		6.666666666666667,
		6.666666666666667,
		6.692913385826772,
		6.705539358600583,
		6.756756756756757,
		6.756756756756757,
		6.896551724137931,
		6.896551724137931,
		6.9306930693069315,
		7.086614173228346,
		7.094594594594595,
		7.142857142857142,
		7.168458781362006,
		7.18562874251497,
		7.251908396946565,
		7.2992700729927,
		7.30593607305936,
		7.427055702917771,
		7.5,
		7.52212389380531,
		7.526881720430108,
		7.6,
		7.605633802816901,
		7.608695652173914,
		7.6158940397351,
		7.661290322580645,
		7.6923076923076925,
		7.784431137724551,
		7.8431372549019605,
		7.876712328767123,
		7.894736842105263,
		8,
		8.064516129032258,
		8.088235294117647,
		8.108108108108109,
		8.16326530612245,
		8.4070796460177,
		8.433734939759036,
		8.633093525179856,
		8.727272727272728,
		8.75,
		8.77742946708464,
		8.81057268722467,
		8.881578947368421,
		9.170305676855897,
		9.195402298850574,
		9.32642487046632,
		9.491525423728813,
		9.608540925266903,
		9.722222222222223,
		9.94475138121547,
		10,
		10.116731517509727,
		10.176991150442479,
		10.232558139534884,
		10.256410256410255,
		10.30640668523677,
		10.4,
		10.619469026548673,
		10.876132930513595,
		11.44578313253012,
		11.76470588235294,
		11.76470588235294,
		11.785714285714285,
		12.237762237762238,
		12.745098039215685,
		13.774104683195592,
		13.928571428571429,
		14.136125654450263
	],
	"launchedPassSuccRate": [
		24.210526315789473,
		26.880222841225628,
		28.000000000000004,
		29.041916167664674,
		29.190751445086704,
		29.418886198547217,
		30.298273155416013,
		30.33033033033033,
		31.03448275862069,
		32.4228028503563,
		32.79352226720648,
		32.800000000000004,
		32.81452658884565,
		32.882414151925076,
		32.923832923832926,
		33.007334963325185,
		33.33333333333333,
		33.52272727272727,
		33.59375,
		33.84615384615385,
		34.303534303534306,
		34.60620525059666,
		34.66334164588529,
		34.70031545741325,
		35.13513513513514,
		35.22727272727273,
		35.33697632058288,
		36.095764272559855,
		36.30705394190871,
		36.31578947368421,
		36.31713554987212,
		36.80709534368071,
		36.853448275862064,
		36.88969258589512,
		36.91813804173354,
		37.010159651669085,
		37.12871287128713,
		37.17277486910995,
		37.368421052631575,
		37.38532110091743,
		37.69878391019644,
		37.735849056603776,
		37.76978417266187,
		37.95180722891566,
		38.1489841986456,
		38.170347003154575,
		38.17829457364341,
		38.266666666666666,
		38.297872340425535,
		38.75278396436526,
		38.80208333333333,
		39.34837092731829,
		39.80582524271845,
		39.84575835475578,
		39.955357142857146,
		40.09840098400984,
		40.317460317460316,
		40.66265060240964,
		40.93023255813954,
		41.34615384615385,
		41.41414141414141,
		41.91852825229961,
		42.241379310344826,
		42.42424242424242,
		42.659974905897116,
		42.857142857142854,
		42.98642533936652,
		43.203883495145625,
		43.50797266514807,
		43.51297405189621,
		43.53182751540041,
		43.80530973451327,
		43.942992874109265,
		43.962848297213625,
		44.072164948453604,
		44.12955465587044,
		44.166666666666664,
		44.33781190019194,
		44.44444444444444,
		44.54545454545455,
		44.62809917355372,
		44.64646464646464,
		44.827586206896555,
		46.285714285714285,
		46.29213483146067,
		46.2962962962963,
		46.5324384787472,
		46.774193548387096,
		47.07792207792208,
		47.27272727272727,
		47.46376811594203,
		47.544642857142854,
		47.61904761904761,
		47.706422018348626,
		47.91318864774624,
		48.25493171471928,
		48.58490566037736,
		48.723404255319146,
		48.927875243664715,
		49.141630901287556,
		49.523809523809526,
		50,
		50.526315789473685,
		50.59760956175299,
		51.8348623853211,
		52.74463007159904,
		52.84810126582279,
		53.191489361702125,
		54.60750853242321,
		55.50660792951542,
		58.333333333333336,
		60.17699115044248
	]
}