{
	"gsaa": [
		-12.450980392156866,
		-11.320754716981133,
		-9.775280898876408,
		-9.285714285714283,
		-8.656716417910449,
		-8.529411764705884,
		-8.11965811965812,
		-7.948717948717948,
		-7.857142857142854,
		-7.850467289719624,
		-7.802197802197804,
		-7.637795275590547,
		-7.391304347826087,
		-7.000000000000002,
		-6.629213483146065,
		-6.500000000000003,
		-6.428571428571428,
		-5.961538461538464,
		-5.853658536585367,
		-5.16949152542373,
		-4.9514563106796095,
		-4.909090909090908,
		-4.4954128440366965,
		-4.198473282442748,
		-4.190476190476189,
		-4.0869565217391335,
		-3.8709677419354813,
		-3.577235772357722,
		-3.362831858407077,
		-3.2,
		-3.149606299212598,
		-2.8999999999999986,
		-2.7096774193548407,
		-2.5490196078431384,
		-2.5263157894736827,
		-2.5242718446601953,
		-2.5,
		-2.3076923076923093,
		-2.2666666666666657,
		-1.6129032258064515,
		-1.6037735849056631,
		-1.3157894736842104,
		-1.2631578947368414,
		-1.2371134020618548,
		-1.2121212121212133,
		-1.1711711711711685,
		-1.025641025641022,
		-0.9090909090909113,
		-0.8264462809917356,
		-0.6451612903225784,
		-0.6250000000000026,
		-0.5154639175257731,
		-0.4761904761904762,
		-0.2419354838709712,
		-0.20408163265306412,
		-0.11363636363636526,
		-0.10101010101010244,
		-0.09433962264151077,
		0,
		0,
		0.09523809523809659,
		0.14084507042253722,
		0.24793388429751828,
		0.25000000000000355,
		0.28846153846153577,
		0.6024096385542169,
		0.6999999999999993,
		1.0891089108910905,
		1.1249999999999982,
		1.1363636363636365,
		1.2048192771084338,
		1.4285714285714277,
		1.5178571428571421,
		1.538461538461537,
		1.76470588235294,
		1.794871794871796,
		1.8390804597701125,
		1.9708029197080312,
		2.0422535211267596,
		2.0689655172413763,
		2.0879120879120863,
		2.142857142857144,
		2.4347826086956497,
		2.470588235294119,
		2.5688073394495388,
		2.624113475177307,
		2.6771653543307075,
		2.912621359223301,
		3.1617647058823506,
		3.2558139534883725,
		4.265734265734267,
		4.883720930232556,
		5.065789473684212,
		5.196850393700789,
		5.24271844660194,
		5.535714285714288,
		5.783132530120483,
		6.024096385542169,
		6.25,
		6.406250000000002,
		6.486486486486487,
		6.88622754491018,
		6.938775510204079,
		7.032967032967032,
		9.999999999999998
	],
	"crossStopRate": [
		3.0864197530864197,
		3.1914893617021276,
		3.3457249070631967,
		3.4782608695652173,
		3.8793103448275863,
		3.910614525139665,
		3.951367781155015,
		3.9647577092511015,
		4.531722054380665,
		4.697986577181208,
		4.705882352941177,
		4.9504950495049505,
		4.966887417218543,
		5.027932960893855,
		5.1194539249146755,
		5.244755244755245,
		5.291005291005291,
		5.394190871369295,
		5.498281786941581,
		5.555555555555555,
		5.5762081784386615,
		5.6000000000000005,
		5.747126436781609,
		5.785123966942149,
		5.86080586080586,
		6.028368794326241,
		6.140350877192982,
		6.206896551724138,
		6.217616580310881,
		6.217616580310881,
		6.224066390041494,
		6.395348837209303,
		6.440677966101695,
		6.451612903225806,
		6.477732793522267,
		6.530612244897959,
		6.614785992217899,
		6.643356643356643,
		6.691449814126393,
		6.756756756756757,
		6.7669172932330826,
		6.884057971014493,
		6.918238993710692,
		6.938775510204081,
		6.993006993006993,
		7.048458149779736,
		7.086614173228346,
		7.142857142857142,
		7.203389830508475,
		7.207207207207207,
		7.234042553191489,
		7.2727272727272725,
		7.389162561576355,
		7.471264367816093,
		7.5,
		7.518796992481203,
		7.52212389380531,
		7.5396825396825395,
		7.608695652173914,
		7.665505226480835,
		7.6923076923076925,
		7.719298245614035,
		7.734806629834254,
		7.758620689655173,
		7.835820895522389,
		7.8817733990147785,
		7.894736842105263,
		8.02139037433155,
		8.108108108108109,
		8.15450643776824,
		8.270676691729323,
		8.292682926829269,
		8.333333333333332,
		8.37696335078534,
		8.433734939759036,
		8.81057268722467,
		8.812260536398467,
		8.823529411764707,
		8.880308880308881,
		8.881578947368421,
		8.928571428571429,
		8.938547486033519,
		8.96551724137931,
		9.170305676855897,
		9.25925925925926,
		9.448818897637794,
		9.642857142857144,
		9.652509652509652,
		10,
		10.116731517509727,
		10.16949152542373,
		10.176991150442479,
		10.232558139534884,
		10.4,
		10.576923076923077,
		11.200000000000001,
		11.594202898550725,
		11.76470588235294,
		11.855670103092782,
		12.222222222222221,
		12.237762237762238,
		12.941176470588237,
		13.261648745519713,
		14.136125654450263,
		15.492957746478872
	],
	"launchedPassSuccRate": [
		24.210526315789473,
		25.471698113207548,
		26.53846153846154,
		27.968749999999996,
		28.000000000000004,
		29.896907216494846,
		30,
		30.33033033033033,
		31.697054698457222,
		31.74193548387097,
		32.26837060702875,
		32.32963549920761,
		32.35294117647059,
		32.541133455210236,
		32.83898305084746,
		32.923832923832926,
		33.007334963325185,
		33.2794830371567,
		33.42245989304813,
		33.59375,
		33.87533875338754,
		33.95522388059701,
		34.303534303534306,
		34.5959595959596,
		34.66334164588529,
		34.70031545741325,
		35.22727272727273,
		35.64954682779456,
		36.31713554987212,
		36.43122676579926,
		36.57505285412262,
		36.65987780040733,
		36.95652173913043,
		37.0253164556962,
		37.02770780856423,
		37.27272727272727,
		37.309644670050766,
		37.468982630272954,
		37.913486005089055,
		37.92325056433409,
		38.095238095238095,
		38.113207547169814,
		38.17829457364341,
		38.36477987421384,
		38.5502471169687,
		38.75,
		38.80208333333333,
		39.097744360902254,
		39.34837092731829,
		39.61352657004831,
		39.71518987341772,
		39.955357142857146,
		40.44943820224719,
		41.312741312741316,
		41.3953488372093,
		41.72794117647059,
		41.7624521072797,
		41.832669322709165,
		42.211055276381906,
		42.589118198874296,
		42.64705882352941,
		42.813455657492355,
		42.857142857142854,
		42.89693593314763,
		42.98642533936652,
		43.07228915662651,
		43.13725490196079,
		43.203883495145625,
		43.27485380116959,
		43.551797040169134,
		43.712574850299404,
		44.33781190019194,
		44.54545454545455,
		44.606413994169095,
		44.62809917355372,
		44.65408805031446,
		44.827586206896555,
		45.0261780104712,
		45.40816326530612,
		46.2,
		46.285714285714285,
		46.2962962962963,
		46.5324384787472,
		46.68304668304668,
		47.266313932980594,
		47.26930320150659,
		47.706422018348626,
		47.7088948787062,
		48.10126582278481,
		48.275862068965516,
		48.282097649186255,
		48.52173913043478,
		48.792270531400966,
		49.586776859504134,
		49.700598802395206,
		49.72972972972973,
		49.91119005328597,
		51.8348623853211,
		52.03252032520326,
		52.74463007159904,
		54.54545454545454,
		54.97835497835498,
		56.49717514124294,
		57.42574257425742,
		59.72222222222222
	]
}