{
	"gsaa": [
		-11.320754716981133,
		-10.490196078431376,
		-8.35526315789474,
		-7.294117647058823,
		-7.200000000000002,
		-7.021276595744682,
		-6.964285714285712,
		-6.842105263157892,
		-6.666666666666665,
		-6.557377049180328,
		-5.714285714285714,
		-5.588235294117648,
		-5.505617977528089,
		-5.403225806451615,
		-5.263157894736842,
		-5.161290322580646,
		-4.218749999999999,
		-3.7931034482758608,
		-3.4426229508196746,
		-3.112582781456951,
		-3.111111111111112,
		-2.945736434108525,
		-2.911392405063292,
		-2.8800000000000012,
		-2.8688524590163933,
		-2.6548672566371683,
		-2.631578947368421,
		-2.477876106194688,
		-2.3076923076923093,
		-2.0610687022900787,
		-2.038834951456309,
		-2.031250000000001,
		-2.01754385964912,
		-1.842105263157896,
		-1.8181818181818192,
		-1.6964285714285703,
		-1.5686274509803935,
		-1.4736842105263144,
		-1.3953488372093057,
		-1.3793103448275874,
		-1.3750000000000018,
		-1.282051282051282,
		-1.2631578947368414,
		-1.195652173913045,
		-1.1564625850340156,
		-1.025641025641022,
		-0.9009009009009009,
		-0.8333333333333353,
		-0.8333333333333325,
		-0.825688073394494,
		-0.6603773584905688,
		-0.4424778761061947,
		-0.26086956521738885,
		-0.15151515151515366,
		-0.0917431192660531,
		-0.08403361344537337,
		0,
		0.2678571428571403,
		0.43103448275862066,
		0.6779661016949128,
		0.7042253521126761,
		0.9090909090909076,
		0.9929078014184387,
		1.0833333333333368,
		1.1194029850746268,
		1.1428571428571428,
		1.550387596899225,
		1.6831683168316827,
		1.7647058823529425,
		1.8354430379746827,
		1.893939393939394,
		1.9310344827586188,
		1.9999999999999976,
		2.000000000000001,
		2.0792079207920806,
		2.115384615384618,
		2.3999999999999964,
		2.410714285714285,
		2.748091603053436,
		2.9378531073446306,
		2.9885057471264345,
		3.108108108108109,
		3.2183908045976977,
		3.285714285714287,
		3.302752293577983,
		3.3707865168539324,
		3.4507042253521116,
		3.6666666666666674,
		3.8461538461538463,
		4.675324675324672,
		4.6987951807228905,
		4.835164835164834,
		5.161290322580645,
		5.185185185185185,
		5.196850393700789,
		5.42857142857143,
		5.617977528089887,
		5.824175824175821,
		6.296296296296294,
		6.3809523809523805,
		6.406250000000002,
		6.434108527131781,
		6.933333333333333,
		6.987951807228916,
		7.156862745098036,
		7.567567567567568,
		7.699115044247789,
		9.56043956043956,
		9.999999999999998
	],
	"crossStopRate": [
		2.912621359223301,
		3.0864197530864197,
		3.225806451612903,
		3.8095238095238098,
		3.8461538461538463,
		3.910614525139665,
		3.9215686274509802,
		4.081632653061225,
		4.098360655737705,
		4.294478527607362,
		4.4692737430167595,
		4.672897196261682,
		4.9275362318840585,
		4.9504950495049505,
		4.953560371517028,
		5.027932960893855,
		5.039787798408488,
		5.1020408163265305,
		5.172413793103448,
		5.194805194805195,
		5.555555555555555,
		5.572755417956656,
		5.5762081784386615,
		5.6000000000000005,
		5.7251908396946565,
		5.7324840764331215,
		5.7507987220447285,
		5.86080586080586,
		5.88235294117647,
		5.970149253731343,
		6.0109289617486334,
		6.206896551724138,
		6.415094339622642,
		6.440677966101695,
		6.477732793522267,
		6.484641638225256,
		6.493506493506493,
		6.5420560747663545,
		6.666666666666667,
		6.690140845070422,
		6.692913385826772,
		6.73758865248227,
		6.756756756756757,
		6.7669172932330826,
		6.779661016949152,
		6.8807339449541285,
		6.896551724137931,
		6.896551724137931,
		6.9164265129683,
		7.06713780918728,
		7.086614173228346,
		7.094594594594595,
		7.112970711297072,
		7.167235494880546,
		7.236842105263158,
		7.251908396946565,
		7.303370786516854,
		7.450980392156863,
		7.5,
		7.5,
		7.52212389380531,
		7.608695652173914,
		7.655502392344498,
		7.657657657657657,
		7.661290322580645,
		7.666666666666666,
		7.718120805369128,
		7.87037037037037,
		7.894736842105263,
		8,
		8,
		8,
		8.108108108108109,
		8.108108108108109,
		8.148148148148149,
		8.19672131147541,
		8.214285714285714,
		8.333333333333332,
		8.433734939759036,
		8.441558441558442,
		8.547008547008547,
		8.71369294605809,
		8.727272727272728,
		8.81057268722467,
		8.881578947368421,
		9.170305676855897,
		9.32642487046632,
		9.491525423728813,
		9.81012658227848,
		9.9644128113879,
		10,
		10.116731517509727,
		10.176991150442479,
		10.232558139534884,
		10.4,
		10.407239819004525,
		10.59190031152648,
		10.619469026548673,
		10.72961373390558,
		11.194029850746269,
		11.206896551724139,
		11.255411255411255,
		11.313868613138686,
		11.76470588235294,
		12.237762237762238,
		13.170731707317074,
		13.712374581939798,
		14.136125654450263,
		15.151515151515152
	],
	"launchedPassSuccRate": [
		24.210526315789473,
		25.982905982905987,
		28.000000000000004,
		28.327645051194537,
		28.654970760233915,
		29.041916167664674,
		30.33033033033033,
		30.679611650485437,
		30.799475753604195,
		31.753554502369667,
		31.971995332555426,
		32.737276478679505,
		32.79352226720648,
		32.923832923832926,
		32.94629898403483,
		32.95292439372325,
		33.007334963325185,
		33.04042179261863,
		33.47547974413646,
		33.59375,
		33.62068965517241,
		34.303534303534306,
		34.42622950819672,
		34.60620525059666,
		34.66334164588529,
		34.70031545741325,
		35.22727272727273,
		35.59322033898305,
		36.31713554987212,
		36.86131386861314,
		36.90036900369004,
		36.93931398416886,
		36.97318007662835,
		37.06293706293706,
		37.07865168539326,
		37.29096989966555,
		37.368421052631575,
		37.38532110091743,
		37.52860411899314,
		37.53943217665615,
		37.66233766233766,
		37.76978417266187,
		37.86531130876747,
		37.9454926624738,
		38,
		38.1489841986456,
		38.17829457364341,
		38.46153846153847,
		38.78157503714711,
		38.80208333333333,
		39.34837092731829,
		39.40677966101695,
		39.80582524271845,
		39.955357142857146,
		40.44943820224719,
		40.78431372549019,
		40.93023255813954,
		40.96728307254623,
		41.11498257839721,
		41.52671755725191,
		42.004773269689736,
		42.241379310344826,
		42.32954545454545,
		42.42424242424242,
		42.62295081967213,
		42.659974905897116,
		42.857142857142854,
		42.857142857142854,
		42.98642533936652,
		43.16353887399464,
		43.203883495145625,
		43.455497382198956,
		43.51297405189621,
		43.604651162790695,
		43.63143631436314,
		44.29824561403509,
		44.33198380566802,
		44.33781190019194,
		44.44444444444444,
		44.54545454545455,
		44.62809917355372,
		44.655581947743464,
		44.827586206896555,
		46.285714285714285,
		46.29213483146067,
		46.2962962962963,
		46.5324384787472,
		46.774193548387096,
		46.93877551020408,
		47.07792207792208,
		47.4012474012474,
		47.40932642487047,
		47.46376811594203,
		47.706422018348626,
		47.81849912739965,
		47.91318864774624,
		48.792270531400966,
		49.056603773584904,
		49.523809523809526,
		49.808429118773944,
		50.526315789473685,
		50.74626865671642,
		51.8348623853211,
		52.74463007159904,
		54.54545454545454,
		55.078125,
		55.729166666666664,
		58.01749271137027,
		60.17699115044248
	]
}