{
	"gsaa": [
		-12.549019607843134,
		-12.33333333333333,
		-11.78217821782178,
		-11.320754716981133,
		-9.775280898876408,
		-8.529411764705884,
		-8.468468468468467,
		-8.11965811965812,
		-7.948717948717948,
		-7.850467289719624,
		-7.637795275590547,
		-7.000000000000002,
		-6.860465116279069,
		-6.629213483146065,
		-6.447368421052635,
		-6.428571428571428,
		-6.329113924050633,
		-6.116504854368929,
		-5.961538461538464,
		-5.609756097560977,
		-5.16949152542373,
		-4.9514563106796095,
		-4.909090909090908,
		-4.4954128440366965,
		-4.356435643564355,
		-4.018691588785044,
		-3.5238095238095264,
		-3.362831858407077,
		-3.2,
		-2.8999999999999986,
		-2.8787878787878767,
		-2.6470588235294126,
		-2.5490196078431384,
		-2.5263157894736827,
		-2.5,
		-2.3076923076923093,
		-2.2666666666666657,
		-1.7525773195876317,
		-1.6037735849056631,
		-1.451612903225804,
		-1.3829787234042523,
		-1.2941176470588254,
		-1.2631578947368414,
		-1.1711711711711685,
		-1.1111111111111112,
		-1.025641025641022,
		-0.9090909090909113,
		-0.7999999999999973,
		-0.78125,
		-0.7438016528925607,
		-0.5154639175257731,
		-0.4761904761904762,
		-0.46511627906976855,
		-0.29702970297029424,
		-0.11363636363636526,
		-0.10101010101010244,
		-0.09433962264151077,
		0.09615384615384752,
		0.24793388429751828,
		0.25000000000000355,
		0.28169014084506944,
		0.2857142857142864,
		0.6024096385542169,
		0.6034482758620714,
		0.6999999999999993,
		0.8433734939759028,
		1.0891089108910905,
		1.1249999999999982,
		1.2048192771084338,
		1.28787878787879,
		1.4285714285714295,
		1.42857142857143,
		1.6176470588235317,
		1.7391304347826078,
		1.794871794871796,
		1.8390804597701125,
		1.9708029197080312,
		2.0422535211267596,
		2.0689655172413763,
		2.142857142857144,
		2.4347826086956497,
		2.5688073394495388,
		2.6744186046511595,
		2.6771653543307075,
		2.877697841726619,
		2.941176470588235,
		3.0864197530864197,
		3.1617647058823506,
		3.1932773109243673,
		4.265734265734267,
		4.883720930232556,
		5.065789473684212,
		5.24271844660194,
		5.2755905511811045,
		5.446428571428573,
		5.783132530120483,
		6.024096385542169,
		6.388888888888891,
		6.406250000000002,
		6.527777777777777,
		6.938775510204079,
		7.032967032967032,
		7.169811320754717,
		9.999999999999998
	],
	"crossStopRate": [
		0.030864197530864196,
		0.03314917127071823,
		0.03345724907063197,
		0.035856573705179286,
		0.03879310344827586,
		0.03910614525139665,
		0.039647577092511016,
		0.045317220543806644,
		0.045317220543806644,
		0.04697986577181208,
		0.04950495049504951,
		0.04950495049504951,
		0.05027932960893855,
		0.05179282868525897,
		0.05240174672489083,
		0.05314009661835749,
		0.05454545454545454,
		0.054945054945054944,
		0.054982817869415807,
		0.05521472392638037,
		0.05555555555555555,
		0.055762081784386616,
		0.056,
		0.05649717514124294,
		0.056910569105691054,
		0.05747126436781609,
		0.05785123966942149,
		0.05860805860805861,
		0.05976095617529881,
		0.06140350877192982,
		0.06198347107438017,
		0.06206896551724138,
		0.06217616580310881,
		0.06224066390041494,
		0.0635593220338983,
		0.06440677966101695,
		0.06477732793522267,
		0.06643356643356643,
		0.06691449814126393,
		0.06756756756756757,
		0.068,
		0.06875,
		0.06884057971014493,
		0.07035175879396985,
		0.07048458149779736,
		0.07086614173228346,
		0.07142857142857142,
		0.07142857142857142,
		0.07234042553191489,
		0.07253886010362694,
		0.07272727272727272,
		0.07296137339055794,
		0.07377049180327869,
		0.07389162561576355,
		0.07407407407407407,
		0.07471264367816093,
		0.075,
		0.07518796992481203,
		0.0752212389380531,
		0.07608695652173914,
		0.07665505226480836,
		0.07692307692307693,
		0.07719298245614035,
		0.07734806629834254,
		0.07835820895522388,
		0.07881773399014778,
		0.07894736842105263,
		0.0794392523364486,
		0.08021390374331551,
		0.08021390374331551,
		0.08108108108108109,
		0.08270676691729323,
		0.08292682926829269,
		0.08433734939759036,
		0.08490566037735849,
		0.0881057268722467,
		0.08823529411764706,
		0.08837209302325581,
		0.08881578947368421,
		0.08928571428571429,
		0.0896551724137931,
		0.09170305676855896,
		0.09259259259259259,
		0.09747292418772563,
		0.09954751131221719,
		0.1,
		0.10116731517509728,
		0.1016949152542373,
		0.10176991150442478,
		0.10185185185185185,
		0.10218978102189781,
		0.10232558139534884,
		0.104,
		0.1044776119402985,
		0.112,
		0.11594202898550725,
		0.11764705882352941,
		0.11797752808988764,
		0.11855670103092783,
		0.12237762237762238,
		0.12941176470588237,
		0.13261648745519714,
		0.14136125654450263,
		0.15492957746478872
	],
	"launchedPassSuccRate": [
		24.210526315789473,
		25.471698113207548,
		26.93877551020408,
		27.968749999999996,
		28.000000000000004,
		29.896907216494846,
		30,
		30.33033033033033,
		31.697054698457222,
		31.74193548387097,
		32.32963549920761,
		32.35294117647059,
		32.46329526916802,
		32.49299719887955,
		32.541133455210236,
		32.83898305084746,
		32.923832923832926,
		33.007334963325185,
		33.59375,
		33.87533875338754,
		33.91304347826087,
		33.95522388059701,
		34.241908006814306,
		34.303534303534306,
		34.66334164588529,
		34.70031545741325,
		34.84320557491289,
		35.22727272727273,
		35.64954682779456,
		36.188436830835116,
		36.31713554987212,
		36.3431151241535,
		36.43122676579926,
		36.869340232858995,
		36.98224852071006,
		37.0253164556962,
		37.234042553191486,
		37.5,
		37.53846153846154,
		37.74193548387097,
		37.95379537953795,
		37.98449612403101,
		38.095238095238095,
		38.17829457364341,
		38.5502471169687,
		38.80208333333333,
		39.097744360902254,
		39.34837092731829,
		39.36507936507937,
		39.61352657004831,
		39.71518987341772,
		39.955357142857146,
		40.44943820224719,
		41.208791208791204,
		41.33545310015898,
		41.36904761904761,
		41.59021406727829,
		41.7624521072797,
		42.01520912547528,
		42.0654911838791,
		42.813455657492355,
		42.857142857142854,
		42.89693593314763,
		42.98642533936652,
		43.07228915662651,
		43.13725490196079,
		43.203883495145625,
		43.27485380116959,
		43.31550802139038,
		43.712574850299404,
		44.33781190019194,
		44.54545454545455,
		44.57831325301205,
		44.62809917355372,
		44.65408805031446,
		44.827586206896555,
		45.0261780104712,
		45.40816326530612,
		46.285714285714285,
		46.2962962962963,
		46.5324384787472,
		47.26930320150659,
		47.31457800511509,
		47.32824427480916,
		47.50378214826021,
		47.706422018348626,
		47.7088948787062,
		48.10126582278481,
		48.26086956521739,
		48.275862068965516,
		48.451730418943534,
		48.7551867219917,
		48.792270531400966,
		49.34497816593886,
		49.586776859504134,
		49.72972972972973,
		51.8348623853211,
		52.03252032520326,
		52.74463007159904,
		54.54545454545454,
		54.97835497835498,
		56.49717514124294,
		57.432432432432435,
		61.69590643274854
	]
}