{
	"gsaa": [
		-12.450980392156866,
		-11.320754716981133,
		-10.482758620689657,
		-9.775280898876408,
		-8.992248062015506,
		-8.529411764705884,
		-8.11965811965812,
		-7.948717948717948,
		-7.857142857142854,
		-7.850467289719624,
		-7.747747747747749,
		-7.637795275590547,
		-7.093023255813955,
		-7.000000000000002,
		-6.629213483146065,
		-6.447368421052635,
		-6.428571428571428,
		-5.961538461538464,
		-5.853658536585367,
		-5.16949152542373,
		-4.9514563106796095,
		-4.909090909090908,
		-4.732142857142855,
		-4.4954128440366965,
		-4.356435643564355,
		-4.080000000000001,
		-3.898305084745764,
		-3.362831858407077,
		-3.2,
		-3.1896551724137954,
		-3.154362416107385,
		-2.8999999999999986,
		-2.6470588235294126,
		-2.5490196078431384,
		-2.5263157894736827,
		-2.5,
		-2.3076923076923093,
		-2.2666666666666657,
		-1.6037735849056631,
		-1.4893617021276582,
		-1.451612903225804,
		-1.2631578947368414,
		-1.25,
		-1.1711711711711685,
		-1.1111111111111112,
		-1.0869565217391304,
		-1.025641025641022,
		-0.9090909090909113,
		-0.8264462809917356,
		-0.7999999999999973,
		-0.78125,
		-0.5154639175257731,
		-0.4761904761904762,
		-0.29702970297029424,
		-0.11363636363636526,
		-0.10101010101010244,
		-0.09433962264151077,
		0,
		0.16393442622950471,
		0.21505376344085944,
		0.24793388429751828,
		0.25000000000000355,
		0.28169014084506944,
		0.2857142857142864,
		0.5172413793103461,
		0.6024096385542169,
		0.6999999999999993,
		1.0891089108910905,
		1.1249999999999982,
		1.2048192771084338,
		1.2121212121212122,
		1.2781954887218065,
		1.28787878787879,
		1.5178571428571421,
		1.538461538461537,
		1.6176470588235317,
		1.794871794871796,
		1.8390804597701125,
		1.9708029197080312,
		2.0422535211267596,
		2.0689655172413763,
		2.142857142857144,
		2.4347826086956497,
		2.4418604651162807,
		2.5688073394495388,
		2.6771653543307075,
		2.941176470588235,
		2.9629629629629655,
		3.1617647058823506,
		3.293413173652695,
		4.265734265734267,
		4.883720930232556,
		5.065789473684212,
		5.196850393700789,
		5.24271844660194,
		5.535714285714288,
		5.783132530120483,
		6.024096385542169,
		6.388888888888891,
		6.406250000000002,
		6.527777777777777,
		6.938775510204079,
		7.032967032967032,
		7.232704402515723,
		9.999999999999998
	],
	"crossStopRate": [
		3.0864197530864197,
		3.1818181818181817,
		3.260869565217391,
		3.3457249070631967,
		3.8793103448275863,
		3.910614525139665,
		3.9647577092511015,
		4.037267080745342,
		4.531722054380665,
		4.531722054380665,
		4.697986577181208,
		4.778156996587031,
		4.9504950495049505,
		5.027932960893855,
		5.240174672489083,
		5.376344086021505,
		5.454545454545454,
		5.4945054945054945,
		5.498281786941581,
		5.555555555555555,
		5.5762081784386615,
		5.6000000000000005,
		5.747126436781609,
		5.747126436781609,
		5.785123966942149,
		5.86080586080586,
		5.9760956175298805,
		6.140350877192982,
		6.198347107438017,
		6.206896551724138,
		6.217616580310881,
		6.224066390041494,
		6.3559322033898304,
		6.440677966101695,
		6.477732793522267,
		6.6115702479338845,
		6.629834254143646,
		6.643356643356643,
		6.691449814126393,
		6.756756756756757,
		6.800000000000001,
		6.875000000000001,
		6.884057971014493,
		7.017543859649122,
		7.048458149779736,
		7.086614173228346,
		7.142857142857142,
		7.142857142857142,
		7.234042553191489,
		7.2727272727272725,
		7.339449541284404,
		7.377049180327869,
		7.389162561576355,
		7.4074074074074066,
		7.471264367816093,
		7.5,
		7.518796992481203,
		7.52212389380531,
		7.608695652173914,
		7.665505226480835,
		7.6923076923076925,
		7.719298245614035,
		7.734806629834254,
		7.835820895522389,
		7.8817733990147785,
		7.894736842105263,
		7.943925233644859,
		8.02139037433155,
		8.02139037433155,
		8.108108108108109,
		8.270676691729323,
		8.292682926829269,
		8.333333333333332,
		8.433734939759036,
		8.520179372197308,
		8.695652173913043,
		8.81057268722467,
		8.823529411764707,
		8.881578947368421,
		8.928571428571429,
		8.96551724137931,
		9.019607843137255,
		9.090909090909092,
		9.170305676855897,
		9.25925925925926,
		9.747292418772563,
		9.95475113122172,
		10,
		10.040160642570282,
		10.116731517509727,
		10.16949152542373,
		10.176991150442479,
		10.232558139534884,
		10.4,
		10.44776119402985,
		11.200000000000001,
		11.594202898550725,
		11.76470588235294,
		11.797752808988763,
		11.855670103092782,
		12.237762237762238,
		12.941176470588237,
		13.261648745519713,
		14.136125654450263,
		15.492957746478872
	],
	"launchedPassSuccRate": [
		24.210526315789473,
		25.471698113207548,
		26.93877551020408,
		27.968749999999996,
		28.000000000000004,
		29.896907216494846,
		30,
		30.33033033033033,
		31.697054698457222,
		31.74193548387097,
		32.32963549920761,
		32.35294117647059,
		32.46329526916802,
		32.49299719887955,
		32.541133455210236,
		32.83898305084746,
		32.923832923832926,
		33.007334963325185,
		33.59375,
		33.87533875338754,
		33.95522388059701,
		34.241908006814306,
		34.27835051546392,
		34.303534303534306,
		34.66334164588529,
		34.70031545741325,
		35.22727272727273,
		35.64954682779456,
		36.188436830835116,
		36.31713554987212,
		36.3431151241535,
		36.43122676579926,
		36.869340232858995,
		36.98224852071006,
		37.0253164556962,
		37.234042553191486,
		37.5,
		37.628865979381445,
		37.74193548387097,
		37.95379537953795,
		37.98449612403101,
		38.095238095238095,
		38.15165876777251,
		38.17829457364341,
		38.44086021505376,
		38.5502471169687,
		38.80208333333333,
		39.097744360902254,
		39.34837092731829,
		39.57446808510638,
		39.61352657004831,
		39.71518987341772,
		39.955357142857146,
		40.44943820224719,
		41.208791208791204,
		41.33545310015898,
		41.7624521072797,
		41.944074567243675,
		42.01520912547528,
		42.21218961625282,
		42.77456647398844,
		42.813455657492355,
		42.857142857142854,
		42.89693593314763,
		42.98642533936652,
		43.07228915662651,
		43.13725490196079,
		43.203883495145625,
		43.27485380116959,
		43.712574850299404,
		43.96551724137931,
		44.33781190019194,
		44.54545454545455,
		44.57831325301205,
		44.62809917355372,
		44.65408805031446,
		44.827586206896555,
		45.0261780104712,
		45.40816326530612,
		46.074380165289256,
		46.285714285714285,
		46.2962962962963,
		46.5324384787472,
		46.99872286079182,
		47.26930320150659,
		47.706422018348626,
		47.7088948787062,
		47.91288566243194,
		48.10126582278481,
		48.275862068965516,
		48.451730418943534,
		48.663101604278076,
		48.792270531400966,
		49.06832298136646,
		49.586776859504134,
		49.72972972972973,
		50.63752276867031,
		51.8348623853211,
		52.03252032520326,
		52.74463007159904,
		54.54545454545454,
		54.97835497835498,
		56.49717514124294,
		57.432432432432435,
		60.671462829736214
	]
}