{
	"gsaa": [
		-13.0188679245283,
		-9.07894736842105,
		-9.019607843137258,
		-8.882352941176471,
		-8.589743589743588,
		-8.030303030303031,
		-7.8632478632478655,
		-6.160714285714285,
		-5.686274509803925,
		-5.6428571428571415,
		-5.221238938053096,
		-4.736842105263159,
		-4.639175257731959,
		-4.25287356321839,
		-4.122137404580151,
		-4.117647058823531,
		-3.956043956043958,
		-3.8235294117647047,
		-3.725490196078432,
		-3.5869565217391273,
		-3.535353535353535,
		-3.3684210526315783,
		-3.2867132867132884,
		-3.278688524590164,
		-3.263888888888891,
		-3.225806451612903,
		-2.999999999999999,
		-2.968749999999998,
		-2.9655172413793083,
		-2.923076923076921,
		-2.5842696629213493,
		-2.5301204819277126,
		-2.123893805309733,
		-2.0000000000000018,
		-1.8867924528301887,
		-1.7796610169491536,
		-1.7687074829931932,
		-1.7460317460317483,
		-1.7346938775510197,
		-1.6265060240963871,
		-1.609195402298853,
		-1.5909090909090922,
		-1.467889908256882,
		-1.4545454545454493,
		-1.4285714285714286,
		-1.4141414141414126,
		-1.3636363636363615,
		-1.25,
		-1.1320754716981114,
		-0.8045977011494244,
		-0.7894736842105251,
		-0.6140350877192976,
		-0.5426356589147254,
		-0.3658536585365862,
		-0.35211267605633806,
		-0.1694915254237272,
		0,
		0,
		0,
		0,
		0,
		0.07407407407407512,
		0.10101010101010244,
		0.13605442176870458,
		0.20270270270270077,
		0.22058823529411556,
		0.4210526315789459,
		0.47945205479451763,
		0.489130434782608,
		0.5263157894736855,
		0.5376344086021506,
		0.736842105263161,
		0.7594936708860778,
		0.8441558441558469,
		0.9150326797385657,
		1.0000000000000013,
		1.2121212121212133,
		1.2244897959183654,
		1.2499999999999987,
		1.468926553672317,
		1.50537634408602,
		1.7821782178217793,
		1.9858156028368823,
		2.01754385964912,
		2.0634920634920664,
		2.1311475409836094,
		2.1341463414634148,
		2.539682539682542,
		2.732558139534885,
		2.7777777777777777,
		2.857142857142858,
		3.076923076923078,
		3.095238095238094,
		3.149606299212598,
		3.285714285714287,
		3.3333333333333317,
		3.5074626865671665,
		3.548387096774195,
		3.6619718309859177,
		4.031007751937986,
		4.096385542168672,
		4.1293532338308445,
		4.186046511627908,
		4.415584415584418,
		4.6258503401360525,
		5.041322314049588,
		5.263157894736842,
		5.312499999999998,
		5.909090909090909,
		8.13953488372093,
		8.571428571428571,
		9.514563106796112,
		10.476190476190476
	],
	"crossStopRate": [
		3.0690537084398977,
		3.225806451612903,
		3.4129692832764507,
		3.8095238095238098,
		3.861003861003861,
		3.910614525139665,
		3.932584269662921,
		4.0201005025125625,
		4.184100418410042,
		4.504504504504505,
		4.607046070460704,
		4.632152588555858,
		4.672897196261682,
		4.9504950495049505,
		4.953560371517028,
		5.027932960893855,
		5.079365079365079,
		5.092592592592593,
		5.164319248826291,
		5.194805194805195,
		5.208333333333334,
		5.2805280528052805,
		5.3627760252365935,
		5.46448087431694,
		5.49738219895288,
		5.543237250554324,
		5.5762081784386615,
		5.649717514124294,
		5.82010582010582,
		5.844155844155844,
		5.86080586080586,
		5.970149253731343,
		6.028368794326241,
		6.206896551724138,
		6.230529595015576,
		6.25,
		6.374501992031872,
		6.477732793522267,
		6.484641638225256,
		6.493506493506493,
		6.5420560747663545,
		6.544502617801047,
		6.601466992665037,
		6.606606606606606,
		6.613756613756613,
		6.666666666666667,
		6.666666666666667,
		6.692913385826772,
		6.705539358600583,
		6.756756756756757,
		6.796116504854369,
		6.896551724137931,
		7.05521472392638,
		7.086614173228346,
		7.094594594594595,
		7.174887892376682,
		7.18562874251497,
		7.251908396946565,
		7.2992700729927,
		7.310704960835509,
		7.4074074074074066,
		7.43801652892562,
		7.473309608540925,
		7.555555555555555,
		7.584269662921349,
		7.6,
		7.608695652173914,
		7.6190476190476195,
		7.643312101910828,
		7.722007722007722,
		7.784431137724551,
		7.8431372549019605,
		7.8817733990147785,
		7.894736842105263,
		7.903780068728522,
		7.936507936507936,
		7.954545454545454,
		8.020050125313283,
		8.02919708029197,
		8.058608058608058,
		8.108108108108109,
		8.333333333333332,
		8.433734939759036,
		8.561643835616438,
		8.741258741258742,
		8.81057268722467,
		8.881578947368421,
		8.978328173374612,
		9.06344410876133,
		9.090909090909092,
		9.170305676855897,
		9.477124183006536,
		9.491525423728813,
		9.608540925266903,
		9.94475138121547,
		10,
		10.08174386920981,
		10.116731517509727,
		10.176991150442479,
		10.232558139534884,
		10.256410256410255,
		10.4,
		10.43956043956044,
		10.619469026548673,
		11.44578313253012,
		11.76470588235294,
		11.76470588235294,
		12.237762237762238,
		12.237762237762238,
		12.745098039215685,
		14.136125654450263,
		14.209115281501342,
		14.374999999999998
	],
	"launchedPassSuccRate": [
		24.210526315789473,
		26.880222841225628,
		28.000000000000004,
		29.041916167664674,
		29.54279015240328,
		29.805013927576603,
		30.33033033033033,
		30.38167938931298,
		31.113537117903928,
		32.4228028503563,
		32.79352226720648,
		32.800000000000004,
		32.81452658884565,
		32.923832923832926,
		33.007334963325185,
		33.02564102564103,
		33.38278931750742,
		33.52272727272727,
		33.59375,
		34.303534303534306,
		34.60620525059666,
		34.66135458167331,
		34.66334164588529,
		34.70031545741325,
		35.22727272727273,
		35.431654676258994,
		35.60709413369714,
		35.78431372549019,
		36.30705394190871,
		36.31578947368421,
		36.31713554987212,
		36.37992831541219,
		36.7816091954023,
		36.80709534368071,
		36.853448275862064,
		36.88969258589512,
		36.91813804173354,
		37.010159651669085,
		37.12871287128713,
		37.17277486910995,
		37.2495446265938,
		37.368421052631575,
		37.38532110091743,
		37.526205450733755,
		37.53753753753754,
		37.76978417266187,
		37.91773778920309,
		38.1489841986456,
		38.17829457364341,
		38.297872340425535,
		38.75278396436526,
		38.80208333333333,
		39.34837092731829,
		39.80582524271845,
		39.9234693877551,
		39.955357142857146,
		40.19370460048426,
		40.317460317460316,
		40.93023255813954,
		41.52542372881356,
		41.584158415841586,
		41.5929203539823,
		41.91852825229961,
		42.241379310344826,
		42.42424242424242,
		42.857142857142854,
		43.203883495145625,
		43.25396825396825,
		43.27485380116959,
		43.40344168260038,
		43.40909090909091,
		43.46764346764347,
		43.47826086956522,
		43.93063583815029,
		44.072164948453604,
		44.26966292134831,
		44.28857715430862,
		44.306930693069305,
		44.33781190019194,
		44.39918533604888,
		44.54545454545455,
		44.62809917355372,
		44.642857142857146,
		44.827586206896555,
		45.605700712589076,
		46.29213483146067,
		46.2962962962963,
		46.41255605381166,
		46.774193548387096,
		47.07792207792208,
		47.33475479744136,
		47.63231197771588,
		47.67857142857143,
		47.706422018348626,
		47.868852459016395,
		47.91318864774624,
		48.676171079429736,
		48.97540983606557,
		49.11032028469751,
		49.523809523809526,
		49.59349593495935,
		49.6,
		50.526315789473685,
		51.445086705202314,
		51.61290322580645,
		51.71503957783641,
		51.8348623853211,
		52.74463007159904,
		53.191489361702125,
		55.067567567567565,
		55.74468085106383,
		57.389162561576356,
		60.198019801980195
	]
}