{
	"gsaa": [
		-11.320754716981133,
		-10.490196078431376,
		-7.473684210526317,
		-7.412587412587414,
		-7.261904761904764,
		-6.964285714285712,
		-6.915887850467288,
		-6.8085106382978715,
		-6.666666666666665,
		-6.41025641025641,
		-5.853658536585367,
		-5.714285714285714,
		-5.588235294117648,
		-5.505617977528089,
		-5.3781512605042,
		-4.946236559139786,
		-4.909090909090908,
		-4.578313253012049,
		-4.473684210526317,
		-4.460431654676256,
		-3.70967741935484,
		-3.211009174311927,
		-3.0578512396694237,
		-2.477876106194688,
		-2.465753424657535,
		-2.3076923076923093,
		-2.307692307692308,
		-2.2302158273381307,
		-2.1259842519685064,
		-2.038834951456309,
		-1.6666666666666667,
		-1.6190476190476217,
		-1.5822784810126582,
		-1.5686274509803935,
		-1.4736842105263144,
		-1.415929203539824,
		-1.2631578947368414,
		-1.1818181818181792,
		-1.176470588235295,
		-1.1711711711711685,
		-1.13821138211382,
		-1.0280373831775715,
		-1.025641025641022,
		-0.999999999999999,
		-0.9333333333333323,
		-0.8333333333333319,
		-0.825688073394494,
		-0.7547169811320728,
		-0.714285714285716,
		-0.6603773584905688,
		-0.27972027972027874,
		-0.15151515151515366,
		-0.11363636363636526,
		-0.09259259259259062,
		-0.09090909090908574,
		0,
		0.5555555555555536,
		0.5940594059405955,
		0.6481481481481508,
		0.8,
		0.8264462809917356,
		0.9090909090909076,
		1.0833333333333368,
		1.091954022988505,
		1.1450381679389312,
		1.1510791366906485,
		1.192660550458713,
		1.6831683168316827,
		1.6999999999999995,
		1.7142857142857133,
		2.0792079207920806,
		2.1052631578947367,
		2.1951219512195146,
		2.3387096774193536,
		2.3999999999999964,
		2.4096385542168677,
		2.410714285714285,
		2.4347826086956497,
		2.499999999999999,
		2.840909090909091,
		2.857142857142857,
		2.9885057471264345,
		3.2183908045976977,
		3.4507042253521116,
		3.486238532110089,
		3.6249999999999982,
		4.042553191489364,
		4.150943396226413,
		4.675324675324672,
		4.835164835164834,
		4.962406015037595,
		5.196850393700789,
		5.420560747663549,
		5.751633986928103,
		5.888888888888886,
		5.999999999999999,
		6.071428571428574,
		6.3809523809523805,
		6.406250000000002,
		6.434108527131781,
		6.933333333333333,
		6.938775510204079,
		6.987951807228916,
		7.176470588235295,
		7.61061946902655,
		9.764705882352942,
		9.999999999999998
	],
	"crossStopRate": [
		2.9702970297029703,
		3.0864197530864197,
		3.214285714285714,
		3.6734693877551026,
		3.7344398340248963,
		3.7463976945244957,
		3.910614525139665,
		4.23728813559322,
		4.398826979472141,
		4.481792717086835,
		4.487179487179487,
		4.807692307692308,
		4.9504950495049505,
		5.027932960893855,
		5.047318611987381,
		5.220883534136546,
		5.2805280528052805,
		5.351170568561873,
		5.376344086021505,
		5.555555555555555,
		5.5762081784386615,
		5.592105263157895,
		5.6000000000000005,
		5.785123966942149,
		5.821917808219178,
		5.86080586080586,
		6.0200668896321075,
		6.077348066298343,
		6.140350877192982,
		6.206896551724138,
		6.217616580310881,
		6.224066390041494,
		6.440677966101695,
		6.477732793522267,
		6.481481481481481,
		6.484641638225256,
		6.5420560747663545,
		6.593406593406594,
		6.61764705882353,
		6.642066420664207,
		6.756756756756757,
		6.8181818181818175,
		6.884057971014493,
		7.048458149779736,
		7.048458149779736,
		7.048458149779736,
		7.086614173228346,
		7.142857142857142,
		7.199999999999999,
		7.203389830508475,
		7.236842105263158,
		7.2727272727272725,
		7.2727272727272725,
		7.281553398058252,
		7.303370786516854,
		7.394366197183098,
		7.480314960629922,
		7.5,
		7.52212389380531,
		7.560137457044673,
		7.608695652173914,
		7.734806629834254,
		7.818930041152264,
		7.87037037037037,
		7.894736842105263,
		7.916666666666666,
		7.981220657276995,
		7.986111111111111,
		8,
		8.108108108108109,
		8.148148148148149,
		8.333333333333332,
		8.37696335078534,
		8.394160583941606,
		8.433734939759036,
		8.695652173913043,
		8.741258741258742,
		8.783783783783784,
		8.81057268722467,
		8.856088560885608,
		8.881578947368421,
		9.042553191489363,
		9.090909090909092,
		9.170305676855897,
		9.25925925925926,
		9.30232558139535,
		9.48905109489051,
		9.77198697068404,
		9.9644128113879,
		10,
		10.116731517509727,
		10.176991150442479,
		10.232558139534884,
		10.4,
		10.423452768729643,
		10.619469026548673,
		11.200000000000001,
		11.27450980392157,
		11.504424778761061,
		11.594202898550725,
		11.76470588235294,
		12.237762237762238,
		12.299465240641712,
		12.941176470588237,
		13.261648745519713,
		14.136125654450263,
		15.492957746478872
	],
	"launchedPassSuccRate": [
		24.210526315789473,
		25.724637681159418,
		28.000000000000004,
		28.05755395683453,
		28.654970760233915,
		29.041916167664674,
		30.33033033033033,
		30.5668016194332,
		31.697054698457222,
		32.004981320049815,
		32.09509658246657,
		32.1608040201005,
		32.58258258258258,
		32.83898305084746,
		32.860520094562645,
		32.923832923832926,
		33.007334963325185,
		33.04042179261863,
		33.22884012539185,
		33.59375,
		33.850129198966414,
		33.98926654740608,
		34.14043583535109,
		34.303534303534306,
		34.66334164588529,
		34.70031545741325,
		35.22727272727273,
		35.64954682779456,
		36.162361623616235,
		36.31713554987212,
		36.38211382113821,
		36.68639053254438,
		36.87002652519894,
		36.93931398416886,
		36.972704714640194,
		37.0253164556962,
		37.07201889020071,
		37.258347978910365,
		37.35498839907193,
		37.368421052631575,
		37.60445682451253,
		37.9454926624738,
		37.986270022883296,
		38.095238095238095,
		38.10289389067524,
		38.17829457364341,
		38.80208333333333,
		38.8719512195122,
		39.097744360902254,
		39.201877934272304,
		39.34837092731829,
		39.63963963963964,
		39.955357142857146,
		40.44943820224719,
		40.93567251461988,
		41.75084175084175,
		41.7624521072797,
		42.298288508557455,
		42.42424242424242,
		42.45283018867924,
		42.45614035087719,
		42.50960307298335,
		42.857142857142854,
		42.972972972972975,
		42.98642533936652,
		43.02670623145401,
		43.07228915662651,
		43.13725490196079,
		43.203883495145625,
		43.27485380116959,
		43.31395348837209,
		43.388429752066116,
		43.51851851851852,
		43.76731301939058,
		44.33198380566802,
		44.33781190019194,
		44.54545454545455,
		44.62809917355372,
		44.65408805031446,
		44.827586206896555,
		45.40816326530612,
		46.285714285714285,
		46.2962962962963,
		46.5324384787472,
		46.774193548387096,
		46.88601645123384,
		47.14828897338403,
		47.31977818853974,
		47.354497354497354,
		47.706422018348626,
		48.10126582278481,
		48.11529933481153,
		48.223350253807105,
		48.282097649186255,
		48.792270531400966,
		49.00398406374502,
		49.42903752039152,
		49.740932642487046,
		51.187335092348285,
		51.38121546961326,
		51.8348623853211,
		52.74463007159904,
		54.20168067226891,
		55.144032921810705,
		56.49717514124294,
		57.49999999999999,
		59.63718820861678
	]
}