{
	"gsaa": [
		-11.320754716981133,
		-10.588235294117645,
		-9.411764705882355,
		-8.46938775510204,
		-8.35526315789474,
		-8.290598290598293,
		-7.235294117647058,
		-6.875000000000002,
		-6.666666666666665,
		-6.557377049180328,
		-6.31578947368421,
		-6.129032258064515,
		-6.106194690265485,
		-5.571428571428569,
		-5.403225806451615,
		-5.393258426966293,
		-5.294117647058825,
		-4.399999999999999,
		-4.313725490196077,
		-4.218749999999999,
		-4.123711340206185,
		-3.644067796610167,
		-3.433734939759034,
		-3.310344827586205,
		-2.8846153846153846,
		-2.477876106194688,
		-2.4050632911392387,
		-2.3684210526315796,
		-2.3076923076923093,
		-2.167832167832169,
		-2.105263157894736,
		-2.0610687022900787,
		-2.038834951456309,
		-1.888111888111885,
		-1.8181818181818188,
		-1.702127659574467,
		-1.6783216783216772,
		-1.6666666666666694,
		-1.6666666666666676,
		-1.6279069767441872,
		-1.6091954022988488,
		-1.5625,
		-1.5625,
		-1.4736842105263144,
		-1.2631578947368414,
		-1.195652173913045,
		-1.176470588235295,
		-1.1594202898550736,
		-1.1494252873563218,
		-1.0619469026548698,
		-1.0294117647058865,
		-0.9923664122137382,
		-0.8163265306122469,
		-0.7831325301204802,
		-0.7339449541284377,
		-0.6603773584905688,
		-0.6122448979591851,
		-0.47619047619047916,
		-0.3954802259887022,
		-0.3787878787878788,
		-0.18867924528301708,
		-0.15151515151515366,
		0,
		0.07042253521126861,
		0.22857142857142776,
		0.2290076335877841,
		0.2824858757062147,
		0.7432432432432442,
		0.8536585365853651,
		0.9090909090909076,
		1.1363636363636365,
		1.2000000000000008,
		1.5942028985507233,
		1.705426356589144,
		2.0792079207920806,
		2.200000000000003,
		2.2751322751322736,
		2.3255813953488373,
		2.410714285714285,
		2.4242424242424265,
		2.4666666666666686,
		2.5263157894736827,
		2.5581395348837246,
		2.7439024390243905,
		2.9885057471264345,
		3.0508474576271176,
		3.2183908045976977,
		3.2631578947368434,
		3.3802816901408432,
		3.4710743801652915,
		3.6974789915966375,
		3.7142857142857166,
		4.0170940170940135,
		4.1463414634146325,
		4.14814814814815,
		4.190476190476189,
		4.206349206349204,
		4.353741496598638,
		4.573643410852712,
		4.675324675324672,
		4.6987951807228905,
		4.725274725274726,
		4.807692307692308,
		5.2755905511811045,
		5.42857142857143,
		6.328125000000001,
		6.434108527131781,
		6.666666666666665,
		6.865671641791043,
		6.8674698795180715,
		8.834951456310682,
		9.999999999999998
	],
	"crossStopRate": [
		2.9810298102981028,
		3.225806451612903,
		3.436426116838488,
		3.8095238095238098,
		3.861003861003861,
		3.910614525139665,
		3.932584269662921,
		4.0201005025125625,
		4.149377593360995,
		4.600484261501211,
		4.607046070460704,
		4.632152588555858,
		4.672897196261682,
		4.9504950495049505,
		4.953560371517028,
		5.027932960893855,
		5.14018691588785,
		5.194805194805195,
		5.208333333333334,
		5.2356020942408374,
		5.333333333333334,
		5.369127516778524,
		5.429864253393665,
		5.51948051948052,
		5.555555555555555,
		5.5762081784386615,
		5.649717514124294,
		5.722070844686648,
		5.82010582010582,
		5.86080586080586,
		5.902777777777778,
		5.970149253731343,
		6.204379562043796,
		6.206896551724138,
		6.25,
		6.363636363636363,
		6.440677966101695,
		6.477732793522267,
		6.481481481481481,
		6.484641638225256,
		6.493506493506493,
		6.5420560747663545,
		6.544502617801047,
		6.606606606606606,
		6.613756613756613,
		6.666666666666667,
		6.666666666666667,
		6.692913385826772,
		6.705539358600583,
		6.756756756756757,
		6.896551724137931,
		6.896551724137931,
		7.086614173228346,
		7.094594594594595,
		7.168458781362006,
		7.183908045977011,
		7.18562874251497,
		7.235142118863049,
		7.251908396946565,
		7.2992700729927,
		7.30593607305936,
		7.5,
		7.52212389380531,
		7.575757575757576,
		7.6,
		7.605633802816901,
		7.608695652173914,
		7.661290322580645,
		7.667731629392971,
		7.722007722007722,
		7.751937984496124,
		7.784431137724551,
		7.861635220125786,
		7.894736842105263,
		7.931034482758621,
		8,
		8.020050125313283,
		8.088235294117647,
		8.108108108108109,
		8.333333333333332,
		8.433734939759036,
		8.666666666666668,
		8.727272727272728,
		8.75,
		8.81057268722467,
		8.881578947368421,
		8.895705521472392,
		9.124087591240876,
		9.170305676855897,
		9.32642487046632,
		9.491525423728813,
		9.608540925266903,
		9.722222222222223,
		9.94475138121547,
		10,
		10.10928961748634,
		10.116731517509727,
		10.176991150442479,
		10.232558139534884,
		10.256410256410255,
		10.4,
		10.588235294117647,
		10.619469026548673,
		11.44578313253012,
		11.76470588235294,
		11.76470588235294,
		11.785714285714285,
		12.237762237762238,
		12.745098039215685,
		13.422818791946309,
		14.136125654450263,
		14.285714285714285
	],
	"launchedPassSuccRate": [
		24.210526315789473,
		26.880222841225628,
		28.000000000000004,
		29.041916167664674,
		29.190751445086704,
		29.54279015240328,
		30.33033033033033,
		30.38167938931298,
		31.113537117903928,
		32.4228028503563,
		32.79352226720648,
		32.800000000000004,
		32.81452658884565,
		32.923832923832926,
		33.007334963325185,
		33.09426229508197,
		33.38278931750742,
		33.52272727272727,
		33.59375,
		34.146341463414636,
		34.303534303534306,
		34.60620525059666,
		34.66334164588529,
		34.70031545741325,
		35.22727272727273,
		35.431654676258994,
		35.470668485675304,
		36.30705394190871,
		36.31578947368421,
		36.31713554987212,
		36.37992831541219,
		36.80709534368071,
		36.853448275862064,
		36.88969258589512,
		36.91813804173354,
		37.010159651669085,
		37.12871287128713,
		37.17277486910995,
		37.368421052631575,
		37.38532110091743,
		37.69878391019644,
		37.735849056603776,
		37.76978417266187,
		37.91773778920309,
		37.960339943342774,
		38.1489841986456,
		38.15384615384615,
		38.17829457364341,
		38.297872340425535,
		38.75278396436526,
		38.80208333333333,
		39.34837092731829,
		39.80582524271845,
		39.955357142857146,
		40,
		40.09840098400984,
		40.317460317460316,
		40.643274853801174,
		40.93023255813954,
		41.41414141414141,
		41.82389937106918,
		41.91852825229961,
		42.241379310344826,
		42.42424242424242,
		42.659974905897116,
		42.857142857142854,
		42.98642533936652,
		43.203883495145625,
		43.47826086956522,
		43.50797266514807,
		43.51297405189621,
		43.58974358974359,
		43.8034188034188,
		44.072164948453604,
		44.12955465587044,
		44.15841584158416,
		44.33781190019194,
		44.44444444444444,
		44.54545454545455,
		44.62809917355372,
		44.64646464646464,
		44.80712166172107,
		44.827586206896555,
		46.285714285714285,
		46.29213483146067,
		46.2962962962963,
		46.5324384787472,
		46.774193548387096,
		47.07792207792208,
		47.46376811594203,
		47.544642857142854,
		47.706422018348626,
		47.868852459016395,
		47.91318864774624,
		48.15361890694239,
		48.69565217391305,
		48.97540983606557,
		49.04862579281184,
		49.32562620423892,
		49.34497816593886,
		49.523809523809526,
		50,
		50.526315789473685,
		51.61290322580645,
		51.8348623853211,
		52.66457680250783,
		52.74463007159904,
		53.191489361702125,
		55.067567567567565,
		56.03448275862068,
		58.333333333333336,
		60.17699115044248
	]
}