{
	"FW": {
		"npg": {
			"mean": 0.34647869238474954,
			"stdDev": 0.16822799615834833,
			"median": 0.327802723852602
		},
		"npxg": {
			"mean": 0.35139909175032275,
			"stdDev": 0.11897538906887896,
			"median": 0.3417027188533154
		},
		"npxgPerShot": {
			"mean": 0.13570461655205868,
			"stdDev": 0.037576864657889106,
			"median": 0.13229166666666667
		},
		"succAerials": {
			"mean": 2.1382989006334356,
			"stdDev": 1.8575991346605705,
			"median": 1.6053986076146844
		},
		"aerialSuccRate": {
			"mean": 38.288656436639634,
			"stdDev": 10.85060036094994,
			"median": 38.83882783882784
		},
		"boxTouches": {
			"mean": 5.2827432922905295,
			"stdDev": 1.2637762723216637,
			"median": 5.12881046777674
		},
		"padjBoxTouches": {
			"mean": 14.382619920154005,
			"stdDev": 3.8399974186758574,
			"median": 13.990289601702646
		},
		"xa": {
			"mean": 0.11900798131362164,
			"stdDev": 0.06111248159711015,
			"median": 0.11063065780519689
		},
		"padjXA": {
			"mean": 0.31060036874310903,
			"stdDev": 0.1362822214123066,
			"median": 0.29642814227349196
		},
		"ppr": {
			"mean": 9.717440817923682,
			"stdDev": 1.8661423980319691,
			"median": 9.668868095930232
		},
		"padjPPR": {
			"mean": 26.269855251442365,
			"stdDev": 5.192218236642349,
			"median": 26.94882092472454
		},
		"epa": {
			"mean": 1.4092039822944933,
			"stdDev": 0.8329316142032245,
			"median": 1.197896794444079
		},
		"padjEPA": {
			"mean": 3.6044308465093535,
			"stdDev": 1.625455621406959,
			"median": 3.4201086532712957
		},
		"succDribbles": {
			"mean": 1.2033116633041214,
			"stdDev": 0.7337136833910088,
			"median": 1.0495658978020932
		},
		"padjSuccDribbles": {
			"mean": 3.124304997231874,
			"stdDev": 1.6255845474869255,
			"median": 2.9013864503738143
		},
		"turnoversBelowExpected": {
			"mean": -0.2381382523370264,
			"stdDev": 1.1652716659820863,
			"median": -0.2907142700409206
		},
		"succPressures": {
			"mean": 4.223210498324714,
			"stdDev": 1.1464403258339038,
			"median": 4.141427657499019
		},
		"padjSuccPressures_att": {
			"mean": 4.329617758437555,
			"stdDev": 1.4462775033937578,
			"median": 4.06145155428831
		}
	},
	"AM": {
		"npg": {
			"mean": 0.2022001543189126,
			"stdDev": 0.14373542082183127,
			"median": 0.1779828609096902
		},
		"npxg": {
			"mean": 0.19427674223107302,
			"stdDev": 0.10073051956452198,
			"median": 0.17892644135188868
		},
		"npxgPerShot": {
			"mean": 0.09520762496515264,
			"stdDev": 0.03250288574169545,
			"median": 0.09130434782608696
		},
		"xa": {
			"mean": 0.1632722558357066,
			"stdDev": 0.07508059056384023,
			"median": 0.152327221438646
		},
		"padjXA": {
			"mean": 0.30503880613855683,
			"stdDev": 0.11941140606627035,
			"median": 0.2906208718626156
		},
		"sca": {
			"mean": 2.9006073734599465,
			"stdDev": 0.8575687109150365,
			"median": 2.80811232449298
		},
		"padjSCA": {
			"mean": 5.519598563711941,
			"stdDev": 1.4447319992472003,
			"median": 5.514847666795218
		},
		"epa": {
			"mean": 2.2426589599461066,
			"stdDev": 1.0114085518495448,
			"median": 2.0124540050948205
		},
		"padjEPA": {
			"mean": 4.2213420032205535,
			"stdDev": 1.6261554904123519,
			"median": 3.9141414141414144
		},
		"progPasses": {
			"mean": 3.4652933005470175,
			"stdDev": 1.373764448623157,
			"median": 3.384685092886271
		},
		"padjProgPasses": {
			"mean": 6.368735159030759,
			"stdDev": 1.6423288308827362,
			"median": 6.350710900473933
		},
		"progCarries": {
			"mean": 6.2560614160489605,
			"stdDev": 2.2775385026715234,
			"median": 5.935397039030955
		},
		"padjProgCarries": {
			"mean": 11.735231671053429,
			"stdDev": 3.320215045382699,
			"median": 11.604664075513602
		},
		"passSuccRateAboveExpected": {
			"mean": 0.335174128775174,
			"stdDev": 3.2401732113641804,
			"median": 0.04726269071025094
		},
		"succDribbles": {
			"mean": 1.919211153025468,
			"stdDev": 0.9800784230184755,
			"median": 1.763745236799129
		},
		"padjSuccDribbles": {
			"mean": 3.689867259110721,
			"stdDev": 1.8820933282987762,
			"median": 3.325599381283836
		},
		"turnoversBelowExpected": {
			"mean": 0.08170223990211016,
			"stdDev": 1.0883560742294938,
			"median": -0.04388482700867276
		},
		"succPressures": {
			"mean": 4.8500849717368855,
			"stdDev": 1.1487290001721477,
			"median": 4.801362088535755
		},
		"padjSuccPressures": {
			"mean": 5.096805897019094,
			"stdDev": 1.7577033671789422,
			"median": 5.004874712400171
		}
	},
	"CM": {
		"xa": {
			"mean": 0.08487458811979688,
			"stdDev": 0.06347014713839214,
			"median": 0.07086661247529896
		},
		"padjXA": {
			"mean": 0.1329489186336138,
			"stdDev": 0.09292178996245506,
			"median": 0.11130600142881329
		},
		"sca": {
			"mean": 1.9689982764722591,
			"stdDev": 0.802076507150371,
			"median": 1.815916015249253
		},
		"padjSCA": {
			"mean": 3.1510349044508574,
			"stdDev": 1.1456667958047937,
			"median": 2.9570895621141915
		},
		"eft": {
			"mean": 5.8201276201909575,
			"stdDev": 2.171096752029754,
			"median": 5.499990655984233
		},
		"padjEFT": {
			"mean": 9.024732630173647,
			"stdDev": 1.909953727883684,
			"median": 8.993454780747598
		},
		"progPasses": {
			"mean": 4.456983320759804,
			"stdDev": 1.5715842044363986,
			"median": 4.2764160818609795
		},
		"padjProgPasses": {
			"mean": 6.971827724922034,
			"stdDev": 1.471583832377722,
			"median": 6.868872549019608
		},
		"progCarries": {
			"mean": 4.474621724951571,
			"stdDev": 1.991137608952388,
			"median": 4.25745561698988
		},
		"padjProgCarries": {
			"mean": 7.014913041868777,
			"stdDev": 2.543633208827816,
			"median": 6.776848106536843
		},
		"passSuccRateAboveExpected": {
			"mean": 0.6448963761571279,
			"stdDev": 2.312661212060836,
			"median": 0.486959050806417
		},
		"succDribbles": {
			"mean": 1.017712154128694,
			"stdDev": 0.5877122469098894,
			"median": 0.9052349162002611
		},
		"padjSuccDribbles": {
			"mean": 1.6565278945036055,
			"stdDev": 0.9938821700932428,
			"median": 1.4698680647577345
		},
		"turnoversBelowExpected": {
			"mean": 0.2489086550701239,
			"stdDev": 0.7116643491920446,
			"median": 0.2042584308101953
		},
		"succPressures": {
			"mean": 5.5334991055433544,
			"stdDev": 1.3298140375005412,
			"median": 5.387278914391879
		},
		"padjSuccPressures": {
			"mean": 5.736776896658964,
			"stdDev": 1.95749286698342,
			"median": 5.460939447351244
		},
		"interceptions": {
			"mean": 1.1084643538842296,
			"stdDev": 0.46467391071971687,
			"median": 1.0152690767052985
		},
		"padjInterceptions": {
			"mean": 1.124393143277871,
			"stdDev": 0.49351071346555897,
			"median": 1.0272221712216913
		},
		"succTackles": {
			"mean": 2.2858794572694214,
			"stdDev": 0.7230053180302405,
			"median": 2.19888256151284
		},
		"padjSuccTackles": {
			"mean": 2.3564555721971607,
			"stdDev": 0.902115251096977,
			"median": 2.306330883665776
		},
		"dribbleTackleRate": {
			"mean": 30.115670064346897,
			"stdDev": 8.45603534701082,
			"median": 30
		}
	},
	"FB": {
		"xa": {
			"mean": 0.08969315869600969,
			"stdDev": 0.05505471623825195,
			"median": 0.08169314555663953
		},
		"padjXA": {
			"mean": 0.13744984424710638,
			"stdDev": 0.08074654923391138,
			"median": 0.12802667174286464
		},
		"eft": {
			"mean": 4.691541704764661,
			"stdDev": 1.4458027279479249,
			"median": 4.5345306479343375
		},
		"padjEFT": {
			"mean": 7.203067482156279,
			"stdDev": 1.4295297969847691,
			"median": 7.049384960474055
		},
		"progPasses": {
			"mean": 4.006482994643767,
			"stdDev": 1.1957986891101169,
			"median": 3.9109606682371485
		},
		"padjProgPasses": {
			"mean": 6.164172918040292,
			"stdDev": 1.3052476194815539,
			"median": 6.13319984488413
		},
		"progCarries": {
			"mean": 5.050454540000476,
			"stdDev": 1.787664045903986,
			"median": 4.91908386570613
		},
		"padjProgCarries": {
			"mean": 7.764232500020053,
			"stdDev": 2.3091439872119013,
			"median": 7.454429009258426
		},
		"passSuccRateAboveExpected": {
			"mean": 0.8059657859539064,
			"stdDev": 2.165510313765183,