{
	"FW": {
		"npg": {
			"mean": 0.34647869238474954,
			"stdDev": 0.16822799615834833
		},
		"npxg": {
			"mean": 0.35139909175032275,
			"stdDev": 0.11897538906887896
		},
		"npxgPerShot": {
			"mean": 0.13570461655205868,
			"stdDev": 0.037576864657889106
		},
		"succAerials": {
			"mean": 2.1382989006334356,
			"stdDev": 1.8575991346605705
		},
		"aerialSuccRate": {
			"mean": 38.288656436639634,
			"stdDev": 10.85060036094994
		},
		"boxTouches": {
			"mean": 5.2827432922905295,
			"stdDev": 1.2637762723216637
		},
		"padjBoxTouches": {
			"mean": 14.382619920154005,
			"stdDev": 3.8399974186758574
		},
		"xa": {
			"mean": 0.11900798131362164,
			"stdDev": 0.06111248159711015
		},
		"padjXA": {
			"mean": 0.31060036874310903,
			"stdDev": 0.1362822214123066
		},
		"ppr": {
			"mean": 9.717440817923682,
			"stdDev": 1.8661423980319691
		},
		"padjPPR": {
			"mean": 26.269855251442365,
			"stdDev": 5.192218236642349
		},
		"epa": {
			"mean": 1.4092039822944933,
			"stdDev": 0.8329316142032245
		},
		"padjEPA": {
			"mean": 3.6044308465093535,
			"stdDev": 1.625455621406959
		},
		"succDribbles": {
			"mean": 1.2033116633041214,
			"stdDev": 0.7337136833910088
		},
		"padjSuccDribbles": {
			"mean": 3.124304997231874,
			"stdDev": 1.6255845474869255
		},
		"turnovers": {
			"mean": 5.59218927873092,
			"stdDev": 1.5329354926289276
		},
		"padjTurnovers": {
			"mean": 15.070908109493589,
			"stdDev": 4.0118528307817165
		},
		"succPressures": {
			"mean": 4.223210498324714,
			"stdDev": 1.1464403258339038
		},
		"padjSuccPressures_att": {
			"mean": 4.329617758437555,
			"stdDev": 1.4462775033937578
		}
	},
	"AM": {
		"npg": {
			"mean": 0.2022001543189126,
			"stdDev": 0.14373542082183127
		},
		"npxg": {
			"mean": 0.19427674223107302,
			"stdDev": 0.10073051956452198
		},
		"npxgPerShot": {
			"mean": 0.09520762496515264,
			"stdDev": 0.03250288574169545
		},
		"xa": {
			"mean": 0.1632722558357066,
			"stdDev": 0.07508059056384023
		},
		"padjXA": {
			"mean": 0.30503880613855683,
			"stdDev": 0.11941140606627035
		},
		"sca": {
			"mean": 2.9006073734599465,
			"stdDev": 0.8575687109150365
		},
		"padjSCA": {
			"mean": 5.519598563711941,
			"stdDev": 1.4447319992472003
		},
		"epa": {
			"mean": 2.2426589599461066,
			"stdDev": 1.0114085518495448
		},
		"padjEPA": {
			"mean": 4.2213420032205535,
			"stdDev": 1.6261554904123519
		},
		"progPasses": {
			"mean": 3.4652933005470175,
			"stdDev": 1.373764448623157
		},
		"padjProgPasses": {
			"mean": 6.368735159030759,
			"stdDev": 1.6423288308827362
		},
		"progCarries": {
			"mean": 6.2560614160489605,
			"stdDev": 2.2775385026715234
		},
		"padjProgCarries": {
			"mean": 11.735231671053429,
			"stdDev": 3.320215045382699
		},
		"passSuccRate": {
			"mean": 73.88008025715162,
			"stdDev": 6.6289900171380625
		},
		"succDribbles": {
			"mean": 1.919211153025468,
			"stdDev": 0.9800784230184755
		},
		"padjSuccDribbles": {
			"mean": 3.689867259110721,
			"stdDev": 1.8820933282987762
		},
		"turnovers": {
			"mean": 5.475020872418643,
			"stdDev": 1.7729834302069818
		},
		"padjTurnovers": {
			"mean": 10.773577450125774,
			"stdDev": 4.218000153446634
		},
		"succPressures": {
			"mean": 4.8500849717368855,
			"stdDev": 1.1487290001721477
		},
		"padjSuccPressures": {
			"mean": 5.096805897019094,
			"stdDev": 1.7577033671789422
		}
	},
	"CM": {
		"xa": {
			"mean": 0.08487458811979688,
			"stdDev": 0.06347014713839214
		},
		"padjXA": {
			"mean": 0.1329489186336138,
			"stdDev": 0.09292178996245506
		},
		"sca": {
			"mean": 1.9689982764722591,
			"stdDev": 0.802076507150371
		},
		"padjSCA": {
			"mean": 3.1510349044508574,
			"stdDev": 1.1456667958047937
		},
		"eft": {
			"mean": 5.8201276201909575,
			"stdDev": 2.171096752029754
		},
		"padjEFT": {
			"mean": 9.024732630173647,
			"stdDev": 1.909953727883684
		},
		"progPasses": {
			"mean": 4.456983320759804,
			"stdDev": 1.5715842044363986
		},
		"padjProgPasses": {
			"mean": 6.971827724922034,
			"stdDev": 1.471583832377722
		},
		"progCarries": {
			"mean": 4.474621724951571,
			"stdDev": 1.991137608952388
		},
		"padjProgCarries": {
			"mean": 7.014913041868777,
			"stdDev": 2.543633208827816
		},
		"passSuccRate": {
			"mean": 81.56945530021373,
			"stdDev": 5.667962778637246
		},
		"succDribbles": {
			"mean": 1.017712154128694,
			"stdDev": 0.5877122469098894
		},
		"padjSuccDribbles": {
			"mean": 1.6565278945036055,
			"stdDev": 0.9938821700932428
		},
		"turnovers": {
			"mean": 2.6162985675299963,
			"stdDev": 1.229864857958593
		},
		"padjTurnovers": {
			"mean": 4.359744376276091,
			"stdDev": 2.321283725855244
		},
		"succPressures": {
			"mean": 5.5334991055433544,
			"stdDev": 1.3298140375005412
		},
		"padjSuccPressures": {
			"mean": 5.736776896658964,
			"stdDev": 1.95749286698342
		},
		"interceptions": {
			"mean": 1.1084643538842296,
			"stdDev": 0.46467391071971687
		},
		"padjInterceptions": {
			"mean": 1.124393143277871,
			"stdDev": 0.49351071346555897
		},
		"succTackles": {
			"mean": 2.2858794572694214,
			"stdDev": 0.7230053180302405
		},
		"padjSuccTackles": {
			"mean": 2.3564555721971607,
			"stdDev": 0.902115251096977
		},
		"dribbleTackleRate": {
			"mean": 30.115670064346897,
			"stdDev": 8.45603534701082
		}
	},
	"FB": {
		"xa": {
			"mean": 0.08969315869600969,
			"stdDev": 0.05505471623825195
		},
		"padjXA": {
			"mean": 0.13744984424710638,
			"stdDev": 0.08074654923391138
		},
		"eft": {
			"mean": 4.691541704764661,
			"stdDev": 1.4458027279479249
		},
		"padjEFT": {
			"mean": 7.203067482156279,
			"stdDev": 1.4295297969847691
		},
		"progPasses": {
			"mean": 4.006482994643767,
			"stdDev": 1.1957986891101169
		},
		"padjProgPasses": {
			"mean": 6.164172918040292,
			"stdDev": 1.3052476194815539
		},
		"progCarries": {
			"mean": 5.050454540000476,
			"stdDev": 1.787664045903986
		},
		"padjProgCarries": {
			"mean": 7.764232500020053,
			"stdDev": 2.3091439872119013
		},
		"passSuccRate": {
			"mean": 76.14619120934545,
			"stdDev": 5.831416001369826
		},
		"succDribbles": {
			"mean": 0.9106846978425209,
			"stdDev": 0.5514358655033854
		},
		"padjSuccDribbles": {
			"mean": 1.427479492745783,
			"stdDev": 0.8543332011441678
		},
		"turnovers": {
			"mean": 2.328838493583917,
			"stdDev": 1.0605893224221057
		},
		"padjTurnovers": {
			"mean": 3.672839611485808,
			"stdDev": 1.7267503394960977
		},
		"succPressures": {
			"mean": 4.105311991453052,
			"stdDev": 0.9757353433292318
		},
		"padjSuccPressures": {
			"mean": 4.231283143544738,
			"stdDev": 1.4858530303187665
		},
		"interceptions": {
			"mean": 1.1430585218592533,
			"stdDev": 0.46521873846724193
		},
		"padjInterceptions": {
			"mean": 1.1516936594579377,
			"stdDev": 0.4857869622200289
		},
		"succTackles": {
			"mean": 2.126038116636829,
			"stdDev": 0.6420170356863354
		},
		"padjSuccTackles": {
			"mean": 2.183671999181219,
			"stdDev": 0.8245744880896869
		},
		"dribbleTackleRate": {
			"mean": 42.792250803592076,
			"stdDev": 10.033400754591119
		},
		"aerialSuccRate": {
			"mean": 50.44784254090429,
			"stdDev": 11.625591992757176
		}
	},
	"CB": {
		"eft": {
			"mean": 3.3464166106091406,
			"stdDev": 1.6454029573250528
		},
		"padjEFT": {
			"mean": 5.392467010978095,
			"stdDev": 1.916408116275246
		},
		"progPasses": {
			"mean": 2.8146171515577385,
			"stdDev": 1.1158225859236601
		},
		"padjProgPasses": {
			"mean": 4.6148715863749565,
			"stdDev": 1.3918180246247784
		},
		"progCarries": {
			"mean": 2.7808283465436263,
			"stdDev": 1.6065006218200657
		},
		"padjProgCarries": {
			"mean": 4.409798373237978,
			"stdDev": 1.8484455003639753
		},
		"passSuccRate": {
			"mean": 83.89854850479392,
			"stdDev": 5.820465182257278
		},
		"longPassSuccRate": {
			"mean": 67.7395640212557,
			"stdDev": 9.677798959548202
		},
		"succPressures": {
			"mean": 2.8468525632051103,
			"stdDev": 0.8181043609489107
		},
		"padjSuccPressures_def": {
			"mean": 2.9465556753415503,
			"stdDev": 1.0778888337689265
		},