{
	"FW": {
		"npg": {
			"mean": 0.34647869238474954,
			"stdDev": 0.16822799615834833
		},
		"npxg": {
			"mean": 0.35139909175032275,
			"stdDev": 0.11897538906887896
		},
		"npxgPerShot": {
			"mean": 0.13570461655205868,
			"stdDev": 0.037576864657889106
		},
		"succAerials": {
			"mean": 2.1382989006334356,
			"stdDev": 1.8575991346605705
		},
		"aerialSuccRate": {
			"mean": 38.288656436639634,
			"stdDev": 10.85060036094994
		},
		"boxTouches": {
			"mean": 5.2827432922905295,
			"stdDev": 1.2637762723216637
		},
		"padjBoxTouches": {
			"mean": 14.382619920154005,
			"stdDev": 3.8399974186758574
		},
		"xa": {
			"mean": 0.11900798131362164,
			"stdDev": 0.06111248159711015
		},
		"padjXA": {
			"mean": 0.31060036874310903,
			"stdDev": 0.1362822214123066
		},
		"ppa": {
			"mean": 0.7336826430372825,
			"stdDev": 0.48371286053013846
		},
		"padjPPA": {
			"mean": 1.8427182359030625,
			"stdDev": 0.8786698793837591
		},
		"succDribbles": {
			"mean": 1.2033116633041214,
			"stdDev": 0.7337136833910088
		},
		"padjSuccDribbles": {
			"mean": 3.124304997231874,
			"stdDev": 1.6255845474869255
		},
		"dribbleSuccRate": {
			"mean": 54.915781497187055,
			"stdDev": 10.590093889908369
		},
		"turnovers": {
			"mean": 4.629153598445863,
			"stdDev": 1.1965189066527624
		},
		"padjTurnovers": {
			"mean": 12.561222724121714,
			"stdDev": 3.4257261388752234
		},
		"succPressures": {
			"mean": 4.223210498324714,
			"stdDev": 1.1464403258339038
		},
		"padjSuccPressures_att": {
			"mean": 4.329617758437555,
			"stdDev": 1.4462775033937578
		}
	},
	"AM": {
		"npg": {
			"mean": 0.2022001543189126,
			"stdDev": 0.14373542082183127
		},
		"npxg": {
			"mean": 0.19427674223107302,
			"stdDev": 0.10073051956452198
		},
		"npxgPerShot": {
			"mean": 0.09520762496515264,
			"stdDev": 0.03250288574169545
		},
		"xa": {
			"mean": 0.1632722558357066,
			"stdDev": 0.07508059056384023
		},
		"padjXA": {
			"mean": 0.30503880613855683,
			"stdDev": 0.11941140606627035
		},
		"sca": {
			"mean": 2.9006073734599465,
			"stdDev": 0.8575687109150365
		},
		"padjSCA": {
			"mean": 5.519598563711941,
			"stdDev": 1.4447319992472003
		},
		"ppa": {
			"mean": 1.3848903866086666,
			"stdDev": 0.6281863654530727
		},
		"padjPPA": {
			"mean": 2.5616475716168643,
			"stdDev": 0.8766389062942925
		},
		"progDistance": {
			"mean": 266.0388380972203,
			"stdDev": 84.05208618346792
		},
		"padjProgDistance": {
			"mean": 493.3714679064682,
			"stdDev": 83.2128485039087
		},
		"passSuccRate": {
			"mean": 73.88008025715162,
			"stdDev": 6.6289900171380625
		},
		"succDribbles": {
			"mean": 1.919211153025468,
			"stdDev": 0.9800784230184755
		},
		"padjSuccDribbles": {
			"mean": 3.689867259110721,
			"stdDev": 1.8820933282987762
		},
		"dribbleSuccRate": {
			"mean": 58.136772416547345,
			"stdDev": 9.11112839390713
		},
		"turnovers": {
			"mean": 4.109145126890212,
			"stdDev": 1.2439285042359436
		},
		"padjTurnovers": {
			"mean": 8.091618305818224,
			"stdDev": 3.053065650686259
		},
		"succPressures": {
			"mean": 4.8500849717368855,
			"stdDev": 1.1487290001721477
		},
		"padjSuccPressures": {
			"mean": 5.096805897019094,
			"stdDev": 1.7577033671789422
		}
	},
	"CM": {
		"xa": {
			"mean": 0.08487458811979688,
			"stdDev": 0.06347014713839214
		},
		"padjXA": {
			"mean": 0.1329489186336138,
			"stdDev": 0.09292178996245506
		},
		"sca": {
			"mean": 1.9689982764722591,
			"stdDev": 0.802076507150371
		},
		"padjSCA": {
			"mean": 3.1510349044508574,
			"stdDev": 1.1456667958047937
		},
		"pft": {
			"mean": 4.368176674708906,
			"stdDev": 1.7542833328784568
		},
		"padjPFT": {
			"mean": 6.738420328227306,
			"stdDev": 1.5743912675665699
		},
		"progDistance": {
			"mean": 324.6793398631866,
			"stdDev": 107.22158418935317
		},
		"padjProgDistance": {
			"mean": 506.2317093365187,
			"stdDev": 80.33952973468006
		},
		"passSuccRate": {
			"mean": 81.56945530021373,
			"stdDev": 5.667962778637246
		},
		"succDribbles": {
			"mean": 1.017712154128694,
			"stdDev": 0.5877122469098894
		},
		"padjSuccDribbles": {
			"mean": 1.6565278945036055,
			"stdDev": 0.9938821700932428
		},
		"dribbleSuccRate": {
			"mean": 66.2532132224793,
			"stdDev": 12.28789260860753
		},
		"turnovers": {
			"mean": 2.091468337762893,
			"stdDev": 0.9334063149815066
		},
		"padjTurnovers": {
			"mean": 3.4825703930630993,
			"stdDev": 1.7624150109587433
		},
		"succPressures": {
			"mean": 5.5334991055433544,
			"stdDev": 1.3298140375005412
		},
		"padjSuccPressures": {
			"mean": 5.736776896658964,
			"stdDev": 1.95749286698342
		},
		"interceptions": {
			"mean": 1.1084643538842296,
			"stdDev": 0.46467391071971687
		},
		"padjInterceptions": {
			"mean": 1.124393143277871,
			"stdDev": 0.49351071346555897
		},
		"succTackles": {
			"mean": 2.2858794572694214,
			"stdDev": 0.7230053180302405
		},
		"padjSuccTackles": {
			"mean": 2.3564555721971607,
			"stdDev": 0.902115251096977
		},
		"dribbleTackleRate": {
			"mean": 30.115670064346897,
			"stdDev": 8.45603534701082
		}
	},
	"FB": {
		"xa": {
			"mean": 0.08969315869600969,
			"stdDev": 0.05505471623825195
		},
		"padjXA": {
			"mean": 0.13744984424710638,
			"stdDev": 0.08074654923391138
		},
		"pft": {
			"mean": 2.9478862067214493,
			"stdDev": 1.0984309625114068
		},
		"padjPFT": {
			"mean": 4.505919797532702,
			"stdDev": 1.1618748882492025
		},
		"progDistance": {
			"mean": 413.00673836006325,
			"stdDev": 84.27029925731983
		},
		"padjProgDistance": {
			"mean": 639.649015037303,
			"stdDev": 73.1450755641121
		},
		"passSuccRate": {
			"mean": 76.14619120934545,
			"stdDev": 5.831416001369826
		},
		"succDribbles": {
			"mean": 0.9106846978425209,
			"stdDev": 0.5514358655033854
		},
		"padjSuccDribbles": {
			"mean": 1.427479492745783,
			"stdDev": 0.8543332011441678
		},
		"dribbleSuccRate": {
			"mean": 59.08129867152216,
			"stdDev": 11.77390578740327
		},
		"turnovers": {
			"mean": 1.685936670638572,
			"stdDev": 0.6999531888704789
		},
		"padjTurnovers": {
			"mean": 2.6583207768049077,
			"stdDev": 1.136737896906521
		},
		"succPressures": {
			"mean": 4.105311991453052,
			"stdDev": 0.9757353433292318
		},
		"padjSuccPressures": {
			"mean": 4.231283143544738,
			"stdDev": 1.4858530303187665
		},
		"interceptions": {
			"mean": 1.1430585218592533,
			"stdDev": 0.46521873846724193
		},
		"padjInterceptions": {
			"mean": 1.1516936594579377,
			"stdDev": 0.4857869622200289
		},
		"succTackles": {
			"mean": 2.126038116636829,
			"stdDev": 0.6420170356863354
		},
		"padjSuccTackles": {
			"mean": 2.183671999181219,
			"stdDev": 0.8245744880896869
		},
		"dribbleTackleRate": {
			"mean": 42.792250803592076,
			"stdDev": 10.033400754591119
		},
		"aerialSuccRate": {
			"mean": 50.44784254090429,
			"stdDev": 11.625591992757176
		}
	},
	"CB": {
		"pft": {
			"mean": 2.874417593172596,
			"stdDev": 1.3715359449164874
		},
		"padjPFT": {
			"mean": 4.639616100711133,
			"stdDev": 1.569231875679542
		},
		"progDistance": {
			"mean": 421.45892935607935,
			"stdDev": 123.2641851892123
		},
		"padjProgDistance": {
			"mean": 690.3041011086835,
			"stdDev": 93.03831437909855
		},
		"passSuccRate": {
			"mean": 83.89854850479392,
			"stdDev": 5.820465182257278
		},
		"longPassSuccRate": {
			"mean": 67.7395640212557,
			"stdDev": 9.677798959548202
		},
		"succPressures": {
			"mean": 2.8468525632051103,
			"stdDev": 0.8181043609489107
		},
		"padjSuccPressures_def": {
			"mean": 2.9465556753415503,
			"stdDev": 1.0778888337689265
		},
		"interceptions": {
			"mean": 1.2124721415489916,
			"stdDev": 0.5118023876932322
		},
		"padjInterceptions_def": {
			"mean": 1.2316942161147277,
			"stdDev": 0.5060307512820218
		},
		"succTackles": {
			"mean": 1.6466312348432541,
			"stdDev": 0.5598202604518155
		},
		"padjSuccTackles_def": {
			"mean": 1.7063182723362866,
			"stdDev": 0.7038344012141405
		},
		"dribbleTackleRate": {
			"mean": 47.35101479503737,
			"stdDev": 10.414330698413952
		},
		"fouls": {
			"mean": 1.0505916056748603,