{
	"FW": {
		"npg": {
			"mean": 0.34801278052103607,
			"stdDev": 0.17904676985878173
		},
		"npxg": {
			"mean": 0.3498025003140971,
			"stdDev": 0.1253201019934583
		},
		"npxgPerShot": {
			"mean": 0.1349818858258929,
			"stdDev": 0.0379091059909212
		},
		"succAerials": {
			"mean": 1.9143784055784714,
			"stdDev": 1.542749512723853
		},
		"aerialSuccRate": {
			"mean": 38.42122954198154,
			"stdDev": 11.081315756799453
		},
		"boxTouches": {
			"mean": 5.260808510686621,
			"stdDev": 1.367612220211352
		},
		"padjBoxTouches": {
			"mean": 14.223601458843742,
			"stdDev": 4.124702733880598
		},
		"xa": {
			"mean": 0.12118510071776223,
			"stdDev": 0.06657272741345473
		},
		"padjXA": {
			"mean": 0.31040777761271937,
			"stdDev": 0.1384511418712921
		},
		"ppa": {
			"mean": 0.7724916125270199,
			"stdDev": 0.5743000902882314
		},
		"padjPPA": {
			"mean": 1.8869770037230624,
			"stdDev": 0.9411209750783812
		},
		"succDribbles": {
			"mean": 1.2399884952072155,
			"stdDev": 0.8297095079051304
		},
		"padjSuccDribbles": {
			"mean": 3.1455540328017464,
			"stdDev": 1.695805083696572
		},
		"dribbleSuccRate": {
			"mean": 55.63464980382451,
			"stdDev": 10.542467693370535
		},
		"turnovers": {
			"mean": 4.547527846415154,
			"stdDev": 1.2602214967566756
		},
		"padjTurnovers": {
			"mean": 12.275505750239,
			"stdDev": 3.7092085309443465
		},
		"succPressures": {
			"mean": 4.310980921656987,
			"stdDev": 1.1896974999377996
		},
		"padjSuccPressures": {
			"mean": 4.220357994734352,
			"stdDev": 1.7190160146845823
		}
	},
	"AM": {
		"npg": {
			"mean": 0.20175448804903956,
			"stdDev": 0.14406080142709174
		},
		"npxg": {
			"mean": 0.19495649958603956,
			"stdDev": 0.10047305857597573
		},
		"npxgPerShot": {
			"mean": 0.10355672267348105,
			"stdDev": 0.14520183941266962
		},
		"xa": {
			"mean": 0.1617875345695985,
			"stdDev": 0.07547290026851432
		},
		"padjXA": {
			"mean": 0.303258023404382,
			"stdDev": 0.1212684872824837
		},
		"sca": {
			"mean": 2.900692570154188,
			"stdDev": 0.8699694891157083
		},
		"padjSCA": {
			"mean": 5.537506919682326,
			"stdDev": 1.4608477440429002
		},
		"ppa": {
			"mean": 1.3838503960802553,
			"stdDev": 0.6313919740223513
		},
		"padjPPA": {
			"mean": 2.568393072778815,
			"stdDev": 0.8760989992369147
		},
		"progDistance": {
			"mean": 299.0815215034512,
			"stdDev": 89.62931033988171
		},
		"padjProgDistance": {
			"mean": 560.503770321631,
			"stdDev": 99.44052701155452
		},
		"passSuccRate": {
			"mean": 73.87815525988049,
			"stdDev": 6.646414481953111
		},
		"succDribbles": {
			"mean": 1.9296039469212065,
			"stdDev": 0.979974395708871
		},
		"padjSuccDribbles": {
			"mean": 3.726321627958366,
			"stdDev": 1.8895555867975733
		},
		"dribbleSuccRate": {
			"mean": 58.69026429988982,
			"stdDev": 8.687324179472894
		},
		"turnovers": {
			"mean": 4.091494528176912,
			"stdDev": 1.253303619325247
		},
		"padjTurnovers": {
			"mean": 8.086706291302969,
			"stdDev": 3.05181738455354
		},
		"succPressures": {
			"mean": 4.90197741287436,
			"stdDev": 1.192578580776763
		},
		"padjSuccPressures": {
			"mean": 4.932237593929941,
			"stdDev": 1.9300370750604527
		}
	},
	"CM": {
		"xa": {
			"mean": 0.08476243432708315,
			"stdDev": 0.06271990609075118
		},
		"padjXA": {
			"mean": 0.13312401434696106,
			"stdDev": 0.09220501852901188
		},
		"sca": {
			"mean": 1.9764361625337932,
			"stdDev": 0.8054712808155432
		},
		"padjSCA": {
			"mean": 3.1671073668742684,
			"stdDev": 1.157470259814348
		},
		"pft": {
			"mean": 4.401565906204618,
			"stdDev": 1.763799943894761
		},
		"padjPFT": {
			"mean": 6.795615828137788,
			"stdDev": 1.5898157708447234
		},
		"progDistance": {
			"mean": 336.45358051504496,
			"stdDev": 107.41639829160104
		},
		"padjProgDistance": {
			"mean": 526.1787886583924,
			"stdDev": 81.11920339363961
		},
		"passSuccRate": {
			"mean": 81.58438894351707,
			"stdDev": 5.639380539192949
		},
		"succDribbles": {
			"mean": 1.0157296759176506,
			"stdDev": 0.592821454370851
		},
		"padjSuccDribbles": {
			"mean": 1.6547427049839207,
			"stdDev": 1.0047991792095639
		},
		"dribbleSuccRate": {
			"mean": 66.77170792087652,
			"stdDev": 12.21178879331246
		},
		"turnovers": {
			"mean": 2.087903856580742,
			"stdDev": 0.9282988978738722
		},
		"padjTurnovers": {
			"mean": 3.4827625625014353,
			"stdDev": 1.764962355456954
		},
		"succPressures": {
			"mean": 5.520749006830838,
			"stdDev": 1.3130136648191595
		},
		"padjSuccPressures": {
			"mean": 5.491722653366593,
			"stdDev": 2.1804905910421457
		},
		"interceptions": {
			"mean": 1.0313182096481797,
			"stdDev": 0.3882565905135575
		},
		"padjInterceptions": {
			"mean": 1.0075218296306363,
			"stdDev": 0.4540441040017142
		},
		"succTackles": {
			"mean": 2.2634994568576983,
			"stdDev": 0.7087079595334793
		},
		"padjSuccTackles": {
			"mean": 2.2325062044259747,
			"stdDev": 0.9493266114176819
		},
		"dribbleTackleRate": {
			"mean": 29.518989910168536,
			"stdDev": 8.237328747276585
		}
	},
	"FB": {
		"xa": {
			"mean": 0.08971524630069613,
			"stdDev": 0.054578868098945445
		},
		"padjXA": {
			"mean": 0.13783792422787786,
			"stdDev": 0.08044705135931321
		},
		"pft": {
			"mean": 2.962915175503537,
			"stdDev": 1.1033174560055854
		},
		"padjPFT": {
			"mean": 4.5340592184252655,
			"stdDev": 1.1592300774054394
		},
		"progDistance": {
			"mean": 429.02165707706445,
			"stdDev": 85.54484726307015
		},
		"padjProgDistance": {
			"mean": 665.8109418762687,
			"stdDev": 74.74464695096448
		},
		"passSuccRate": {
			"mean": 76.13442623805132,
			"stdDev": 5.848734219800057
		},
		"succDribbles": {
			"mean": 0.9147189624286874,
			"stdDev": 0.5561177407907006
		},
		"padjSuccDribbles": {
			"mean": 1.4351301871129711,
			"stdDev": 0.8598604911302022
		},
		"dribbleSuccRate": {
			"mean": 59.515635995552834,
			"stdDev": 11.622492479260352
		},
		"turnovers": {
			"mean": 1.6760108290423228,
			"stdDev": 0.7060582119217258
		},
		"padjTurnovers": {
			"mean": 2.6465948072926384,
			"stdDev": 1.1521428582234172
		},
		"succPressures": {
			"mean": 4.130657773695191,
			"stdDev": 0.9920338273303135
		},
		"padjSuccPressures": {
			"mean": 4.015941269202597,
			"stdDev": 1.5208158448806104
		},
		"interceptions": {
			"mean": 1.0370566851310483,
			"stdDev": 0.36032763534576034
		},
		"padjInterceptions": {
			"mean": 0.9965264193772949,
			"stdDev": 0.4215527157977696
		},
		"succTackles": {
			"mean": 2.104531337283209,
			"stdDev": 0.6437922615100998
		},
		"padjSuccTackles": {
			"mean": 2.0384775133041884,
			"stdDev": 0.8196080132830084
		},
		"dribbleTackleRate": {
			"mean": 42.31238119346326,
			"stdDev": 10.166411781050963
		},
		"aerialSuccRate": {
			"mean": 50.31853252823144,
			"stdDev": 11.701379957494083
		}
	},
	"CB": {
		"pft": {
			"mean": 2.899330105455639,
			"stdDev": 1.381895018472372
		},
		"padjPFT": {
			"mean": 4.687982864764636,
			"stdDev": 1.5716363455286118
		},
		"progDistance": {
			"mean": 425.0198849874878,
			"stdDev": 124.0254545151136
		},
		"padjProgDistance": {
			"mean": 697.271003457973,
			"stdDev": 92.88936153657605
		},
		"passSuccRate": {
			"mean": 83.71413973397037,
			"stdDev": 5.9565415588758865
		},
		"longPassSuccRate": {
			"mean": 67.47155949717524,
			"stdDev": 9.807642078579553
		},
		"succPressures": {
			"mean": 2.8047624573056544,
			"stdDev": 0.8192021486542759
		},
		"padjSuccPressures": {
			"mean": 2.7508973621211505,
			"stdDev": 1.0922376603649013
		},
		"interceptions": {
			"mean": 1.0961809551216923,
			"stdDev": 0.400261833368384
		},
		"padjInterceptions": {
			"mean": 1.0638976519951893,
			"stdDev": 0.4351742377937388
		},
		"succTackles": {
			"mean": 1.6407833338891844,
			"stdDev": 0.5590248168602121
		},
		"padjSuccTackles": {
			"mean": 1.60941621621628,
			"stdDev": 0.6957109518887187
		},
		"dribbleTackleRate": {
			"mean": 47.062283967081136,
			"stdDev": 10.433763086765898
		},
		"fouls": {
			"mean": 0.9819761747835154,