{
	"FW": {
		"npg": {
			"mean": 0.34801278052103607,
			"stdDev": 0.17904676985878173
		},
		"npxg": {
			"mean": 0.3498280422951203,
			"stdDev": 0.12532541081514037
		},
		"npxgPerShot": {
			"mean": 0.13499887763433177,
			"stdDev": 0.03793509992307757
		},
		"succAerials": {
			"mean": 1.9143784055784714,
			"stdDev": 1.542749512723853
		},
		"aerialSuccRate": {
			"mean": 38.42122954198154,
			"stdDev": 11.081315756799453
		},
		"boxTouches": {
			"mean": 5.260808510686621,
			"stdDev": 1.367612220211352
		},
		"padjBoxTouches": {
			"mean": 14.223601458843742,
			"stdDev": 4.124702733880598
		},
		"xa": {
			"mean": 0.12115311610337051,
			"stdDev": 0.06657479010709268
		},
		"padjXA": {
			"mean": 0.31032027610280055,
			"stdDev": 0.13844843013830854
		},
		"ppa": {
			"mean": 0.7724916125270199,
			"stdDev": 0.5743000902882314
		},
		"padjPPA": {
			"mean": 1.8869770037230624,
			"stdDev": 0.9411209750783812
		},
		"succDribbles": {
			"mean": 1.2399884952072155,
			"stdDev": 0.8297095079051304
		},
		"padjSuccDribbles": {
			"mean": 3.1455540328017464,
			"stdDev": 1.695805083696572
		},
		"dribbleSuccRate": {
			"mean": 55.63464980382451,
			"stdDev": 10.542467693370535
		},
		"turnovers": {
			"mean": 4.547527846415154,
			"stdDev": 1.2602214967566756
		},
		"padjTurnovers": {
			"mean": 12.275505750239,
			"stdDev": 3.7092085309443465
		},
		"succPressures": {
			"mean": 4.310980921656987,
			"stdDev": 1.1896974999377996
		},
		"padjSuccPressures": {
			"mean": 4.41796131469427,
			"stdDev": 1.5140646421069994
		}
	},
	"AM": {
		"npg": {
			"mean": 0.20175448804903956,
			"stdDev": 0.14406080142709174
		},
		"npxg": {
			"mean": 0.19491649007466422,
			"stdDev": 0.10046199258227621
		},
		"npxgPerShot": {
			"mean": 0.10354242556981107,
			"stdDev": 0.14520394543835666
		},
		"xa": {
			"mean": 0.16176896371789556,
			"stdDev": 0.07537974340772081
		},
		"padjXA": {
			"mean": 0.3079930099949907,
			"stdDev": 0.14130674884074534
		},
		"sca": {
			"mean": 2.900692570154188,
			"stdDev": 0.8699694891157083
		},
		"padjSCA": {
			"mean": 5.634511775053076,
			"stdDev": 2.1110040946269018
		},
		"ppa": {
			"mean": 1.3838503960802553,
			"stdDev": 0.6313919740223513
		},
		"padjPPA": {
			"mean": 2.6213038184094186,
			"stdDev": 1.2273849699901171
		},
		"progDistance": {
			"mean": 264.41454270810124,
			"stdDev": 85.34154114804684
		},
		"padjProgDistance": {
			"mean": 498.0586520155418,
			"stdDev": 122.66267077579856
		},
		"passSuccRate": {
			"mean": 73.87815525988049,
			"stdDev": 6.646414481953111
		},
		"succDribbles": {
			"mean": 1.9276768817496976,
			"stdDev": 0.9831756958475204
		},
		"padjSuccDribbles": {
			"mean": 3.724278308027382,
			"stdDev": 1.8926797019728674
		},
		"dribbleSuccRate": {
			"mean": 58.87726757244709,
			"stdDev": 9.01409554894917
		},
		"turnovers": {
			"mean": 4.078418014513103,
			"stdDev": 1.275005961456761
		},
		"padjTurnovers": {
			"mean": 8.069699449342385,
			"stdDev": 3.068122216818441
		},
		"succPressures": {
			"mean": 4.923312777273208,
			"stdDev": 1.1644069460163053
		},
		"padjSuccPressures": {
			"mean": 5.162693954393505,
			"stdDev": 1.7740148685935364
		}
	},
	"CM": {
		"xa": {
			"mean": 0.08474664875178727,
			"stdDev": 0.06270062991689988
		},
		"padjXA": {
			"mean": 0.13309733515344388,
			"stdDev": 0.09216234414510022
		},
		"sca": {
			"mean": 1.9764361625337932,
			"stdDev": 0.8054712808155432
		},
		"padjSCA": {
			"mean": 3.1671080906201987,
			"stdDev": 1.1574808855971648
		},
		"pft": {
			"mean": 4.401565906204618,
			"stdDev": 1.763799943894761
		},
		"padjPFT": {
			"mean": 6.795612999996543,
			"stdDev": 1.5898115974788622
		},
		"progDistance": {
			"mean": 324.88745452357995,
			"stdDev": 106.86729998051146
		},
		"padjProgDistance": {
			"mean": 506.9142508616766,
			"stdDev": 79.8917238592379
		},
		"passSuccRate": {
			"mean": 81.58438894351707,
			"stdDev": 5.639380539192949
		},
		"succDribbles": {
			"mean": 1.0157296759176506,
			"stdDev": 0.592821454370851
		},
		"padjSuccDribbles": {
			"mean": 1.6547398706852958,
			"stdDev": 1.0047912944937853
		},
		"dribbleSuccRate": {
			"mean": 66.77170792087652,
			"stdDev": 12.21178879331246
		},
		"turnovers": {
			"mean": 2.087903856580742,
			"stdDev": 0.9282988978738722
		},
		"padjTurnovers": {
			"mean": 3.4827607361720796,
			"stdDev": 1.7649599746970286
		},
		"succPressures": {
			"mean": 5.520749006830838,
			"stdDev": 1.3130136648191595
		},
		"padjSuccPressures": {
			"mean": 5.744874291629924,
			"stdDev": 1.980677440321328
		},
		"interceptions": {
			"mean": 1.0313182096481797,
			"stdDev": 0.3882565905135575
		},
		"padjInterceptions": {
			"mean": 1.0530130694905822,
			"stdDev": 0.4364833960238413
		},
		"succTackles": {
			"mean": 2.2634994568576983,
			"stdDev": 0.7087079595334793
		},
		"padjSuccTackles": {
			"mean": 2.3416492504537327,
			"stdDev": 0.8966093417926951
		},
		"dribbleTackleRate": {
			"mean": 29.518989910168536,
			"stdDev": 8.237328747276585
		}
	},
	"FB": {
		"xa": {
			"mean": 0.08967209243763632,
			"stdDev": 0.054633063069510525
		},
		"padjXA": {
			"mean": 0.1377696965485599,
			"stdDev": 0.0805054558445483
		},
		"pft": {
			"mean": 2.962915175503537,
			"stdDev": 1.1033174560055854
		},
		"padjPFT": {
			"mean": 4.534047359857552,
			"stdDev": 1.159210500020933
		},
		"progDistance": {
			"mean": 413.1555761485731,
			"stdDev": 84.37786702726486
		},
		"padjProgDistance": {
			"mean": 640.742777081458,
			"stdDev": 72.71695425973104
		},
		"passSuccRate": {
			"mean": 76.13442623805132,
			"stdDev": 5.848734219800057
		},
		"succDribbles": {
			"mean": 0.9147189624286874,
			"stdDev": 0.5561177407907006
		},
		"padjSuccDribbles": {
			"mean": 1.4351285700355554,
			"stdDev": 0.8598615423546753
		},
		"dribbleSuccRate": {
			"mean": 59.515635995552834,
			"stdDev": 11.622492479260352
		},
		"turnovers": {
			"mean": 1.6760108290423228,
			"stdDev": 0.7060582119217258
		},
		"padjTurnovers": {
			"mean": 2.6465908544367336,
			"stdDev": 1.1521445792184708
		},
		"succPressures": {
			"mean": 4.130657773695191,
			"stdDev": 0.9920338273303135
		},
		"padjSuccPressures": {
			"mean": 4.253739704462874,
			"stdDev": 1.4854034823490874
		},
		"interceptions": {
			"mean": 1.0370566851310483,
			"stdDev": 0.36032763534576034
		},
		"padjInterceptions": {
			"mean": 1.0531002291548162,
			"stdDev": 0.4187145414797099
		},
		"succTackles": {
			"mean": 2.104531337283209,
			"stdDev": 0.6437922615100998
		},
		"padjSuccTackles": {
			"mean": 2.162865607598548,
			"stdDev": 0.82827281009921
		},
		"dribbleTackleRate": {
			"mean": 42.31238119346326,
			"stdDev": 10.166411781050963
		},
		"aerialSuccRate": {
			"mean": 50.31853252823144,
			"stdDev": 11.701379957494083
		}
	},
	"CB": {
		"pft": {
			"mean": 2.899330105455639,
			"stdDev": 1.381895018472372
		},
		"padjPFT": {
			"mean": 4.687982864764636,
			"stdDev": 1.5716363455286118
		},
		"progDistance": {
			"mean": 421.877793729352,
			"stdDev": 123.76896540991596
		},
		"padjProgDistance": {
			"mean": 691.955261529236,
			"stdDev": 92.82425112047079
		},
		"passSuccRate": {
			"mean": 83.71413973397037,
			"stdDev": 5.9565415588758865
		},
		"longPassSuccRate": {
			"mean": 67.47155949717524,
			"stdDev": 9.807642078579553
		},
		"succPressures": {
			"mean": 2.8047624573056544,
			"stdDev": 0.8192021486542759
		},
		"padjSuccPressures": {
			"mean": 2.9094773639607867,
			"stdDev": 1.0820202006608426
		},
		"interceptions": {
			"mean": 1.0961809551216923,
			"stdDev": 0.400261833368384
		},
		"padjInterceptions": {
			"mean": 1.1252697157908251,
			"stdDev": 0.44284245601845723
		},
		"succTackles": {
			"mean": 1.6407833338891844,
			"stdDev": 0.5590248168602121
		},
		"padjSuccTackles": {
			"mean": 1.7065244993596578,
			"stdDev": 0.7164390336374675
		},
		"dribbleTackleRate": {
			"mean": 47.062283967081136,
			"stdDev": 10.433763086765898
		},
		"fouls": {
			"mean": 0.9819761747835154,