{
	"FW": {
		"npg": {
			"mean": 0.3459600948435588,
			"stdDev": 0.16805289803154766
		},
		"npxg": {
			"mean": 0.3517456617744944,
			"stdDev": 0.11908670676393136
		},
		"npxgPerShot": {
			"mean": 0.13585831663115336,
			"stdDev": 0.037742365173730794
		},
		"succAerials": {
			"mean": 1.9801336668381864,
			"stdDev": 1.5938846391605825
		},
		"aerialSuccRate": {
			"mean": 38.25070561452728,
			"stdDev": 10.764583069235664
		},
		"boxTouches": {
			"mean": 5.294699368722136,
			"stdDev": 1.2586706211706264
		},
		"padjBoxTouches": {
			"mean": 14.443790029324473,
			"stdDev": 3.803262482153859
		},
		"xa": {
			"mean": 0.11819681038828177,
			"stdDev": 0.06140290818281174
		},
		"padjXA": {
			"mean": 0.3090515484527841,
			"stdDev": 0.13620339110506088
		},
		"ppa": {
			"mean": 0.7385215810231262,
			"stdDev": 0.48547174336748933
		},
		"padjPPA": {
			"mean": 1.858773426852096,
			"stdDev": 0.8841598543903612
		},
		"succDribbles": {
			"mean": 1.2076243293633895,
			"stdDev": 0.7402662614842137
		},
		"padjSuccDribbles": {
			"mean": 3.1446279654377274,
			"stdDev": 1.6399231947816104
		},
		"dribbleSuccRate": {
			"mean": 55.51727445947354,
			"stdDev": 10.546133106260521
		},
		"turnovers": {
			"mean": 4.597652852879973,
			"stdDev": 1.1835542964837467
		},
		"padjTurnovers": {
			"mean": 12.505771106952663,
			"stdDev": 3.408366565434537
		},
		"succPressures": {
			"mean": 4.281781909405513,
			"stdDev": 1.169726878574823
		},
		"padjSuccPressures_att": {
			"mean": 4.399982318636861,
			"stdDev": 1.4668439325561364
		}
	},
	"AM": {
		"npg": {
			"mean": 0.20223014148786433,
			"stdDev": 0.14360878908726665
		},
		"npxg": {
			"mean": 0.19437366779293763,
			"stdDev": 0.10061184814095038
		},
		"npxgPerShot": {
			"mean": 0.10349018633082112,
			"stdDev": 0.14450845178951596
		},
		"xa": {
			"mean": 0.16289067270097882,
			"stdDev": 0.07457967890601815
		},
		"padjXA": {
			"mean": 0.30966559780746733,
			"stdDev": 0.13942790487921705
		},
		"sca": {
			"mean": 2.9047959988910548,
			"stdDev": 0.8600673772589169
		},
		"padjSCA": {
			"mean": 5.6324086642515985,
			"stdDev": 2.0967285569874288
		},
		"ppa": {
			"mean": 1.3906800357953433,
			"stdDev": 0.6255150150447443
		},
		"padjPPA": {
			"mean": 2.629926378315309,
			"stdDev": 1.2169435972699423
		},
		"progDistance": {
			"mean": 265.6040691398327,
			"stdDev": 84.29640394734064
		},
		"padjProgDistance": {
			"mean": 499.4745240464446,
			"stdDev": 120.9991728639264
		},
		"passSuccRate": {
			"mean": 73.88926660622047,
			"stdDev": 6.62187880713807
		},
		"succDribbles": {
			"mean": 1.9216969974771774,
			"stdDev": 0.983659089171262
		},
		"padjSuccDribbles": {
			"mean": 3.7049090677056977,
			"stdDev": 1.895656960960117
		},
		"dribbleSuccRate": {
			"mean": 58.82125822207855,
			"stdDev": 9.065752766291414
		},
		"turnovers": {
			"mean": 4.075347112584593,
			"stdDev": 1.2705384369231831
		},
		"padjTurnovers": {
			"mean": 8.047863560092813,
			"stdDev": 3.073165138423972
		},
		"succPressures": {
			"mean": 4.928736825320302,
			"stdDev": 1.1546696638829004
		},
		"padjSuccPressures": {
			"mean": 5.1756790567800595,
			"stdDev": 1.7729939211723518
		}
	},
	"CM": {
		"xa": {
			"mean": 0.08461003716100426,
			"stdDev": 0.06301626379291127
		},
		"padjXA": {
			"mean": 0.13270301168494003,
			"stdDev": 0.09253853026851262
		},
		"sca": {
			"mean": 1.9783736119650794,
			"stdDev": 0.8055102779470986
		},
		"padjSCA": {
			"mean": 3.1694640695337983,
			"stdDev": 1.1488035726600976
		},
		"pft": {
			"mean": 4.38961864559041,
			"stdDev": 1.7756165996654432
		},
		"padjPFT": {
			"mean": 6.774883388421813,
			"stdDev": 1.601549326956599
		},
		"progDistance": {
			"mean": 324.9832565162805,
			"stdDev": 107.38370799812182
		},
		"padjProgDistance": {
			"mean": 507.21067483699255,
			"stdDev": 80.49002293936003
		},
		"passSuccRate": {
			"mean": 81.53917028338289,
			"stdDev": 5.6533401254110585
		},
		"succDribbles": {
			"mean": 1.0216120752163145,
			"stdDev": 0.5903280833135877
		},
		"padjSuccDribbles": {
			"mean": 1.664730456305234,
			"stdDev": 1.0005237641682168
		},
		"dribbleSuccRate": {
			"mean": 66.93768030565447,
			"stdDev": 12.325874980422435
		},
		"turnovers": {
			"mean": 2.0852442434860756,
			"stdDev": 0.926170604288419
		},
		"padjTurnovers": {
			"mean": 3.4775448133758835,
			"stdDev": 1.75470824123624
		},
		"succPressures": {
			"mean": 5.520931506392011,
			"stdDev": 1.304837825195781
		},
		"padjSuccPressures": {
			"mean": 5.73192276552589,
			"stdDev": 1.9753978906697953
		},
		"interceptions": {
			"mean": 1.034902347691971,
			"stdDev": 0.38793152243568707
		},
		"padjInterceptions": {
			"mean": 1.0545053930503256,
			"stdDev": 0.4360882521775976
		},
		"succTackles": {
			"mean": 2.268303947321743,
			"stdDev": 0.7128357766974832
		},
		"padjSuccTackles": {
			"mean": 2.340996662521838,
			"stdDev": 0.8976114470441086
		},
		"dribbleTackleRate": {
			"mean": 29.662349423071305,
			"stdDev": 8.493087788351593
		}
	},
	"FB": {
		"xa": {
			"mean": 0.0897953730928054,
			"stdDev": 0.05458406846942617
		},
		"padjXA": {
			"mean": 0.1378467859096004,
			"stdDev": 0.08063809802239491
		},
		"pft": {
			"mean": 2.96557310708842,
			"stdDev": 1.1033241073872198
		},
		"padjPFT": {
			"mean": 4.530032053624311,
			"stdDev": 1.176407304674069
		},
		"progDistance": {
			"mean": 413.8023465117095,
			"stdDev": 83.96798049006748
		},
		"padjProgDistance": {
			"mean": 640.1600857342266,
			"stdDev": 75.06596411836952
		},
		"passSuccRate": {
			"mean": 76.10361958579902,
			"stdDev": 5.861624108260678
		},
		"succDribbles": {
			"mean": 0.9188503285110232,
			"stdDev": 0.557241885451426
		},
		"padjSuccDribbles": {
			"mean": 1.4354732879110979,
			"stdDev": 0.8574591881770408
		},
		"dribbleSuccRate": {
			"mean": 59.49098380368293,
			"stdDev": 11.606167635334966
		},
		"turnovers": {
			"mean": 1.7029595663997341,
			"stdDev": 0.8143414238912264
		},
		"padjTurnovers": {
			"mean": 2.6611481737351963,
			"stdDev": 1.162960637187673
		},
		"succPressures": {
			"mean": 4.124148163844473,
			"stdDev": 0.9895028949311739
		},
		"padjSuccPressures": {
			"mean": 4.248812925688788,
			"stdDev": 1.484676947886045
		},
		"interceptions": {
			"mean": 1.030896618153111,
			"stdDev": 0.36110703577869585
		},
		"padjInterceptions": {
			"mean": 1.04800485552128,
			"stdDev": 0.4208702201408095
		},
		"succTackles": {
			"mean": 2.104284663453228,
			"stdDev": 0.6432376988428102
		},
		"padjSuccTackles": {
			"mean": 2.1629313794927825,
			"stdDev": 0.8271502596269805
		},
		"dribbleTackleRate": {
			"mean": 42.39180620449946,
			"stdDev": 10.165534137234317
		},
		"aerialSuccRate": {
			"mean": 50.344963076111746,
			"stdDev": 11.705908573658249
		}
	},
	"CB": {
		"pft": {
			"mean": 2.898378584631704,
			"stdDev": 1.3817193028049857
		},
		"padjPFT": {
			"mean": 4.6829702393275126,
			"stdDev": 1.56779621253305
		},
		"progDistance": {
			"mean": 421.877967861321,
			"stdDev": 123.76891306977754
		},
		"padjProgDistance": {
			"mean": 691.5596150638527,
			"stdDev": 92.72540512796587
		},
		"passSuccRate": {
			"mean": 83.74610296761297,
			"stdDev": 5.926199498917419
		},
		"longPassSuccRate": {
			"mean": 67.53187989669264,
			"stdDev": 9.760399617700866
		},
		"succPressures": {
			"mean": 2.8008962834581492,
			"stdDev": 0.8218833191986007
		},
		"padjSuccPressures_def": {
			"mean": 2.904484185141005,
			"stdDev": 1.0811279544906274
		},
		"interceptions": {
			"mean": 1.096903217427506,
			"stdDev": 0.4005868443972134
		},
		"padjInterceptions_def": {
			"mean": 1.1263281576243216,
			"stdDev": 0.4438083806823412
		},
		"succTackles": {
			"mean": 1.6392591239806615,
			"stdDev": 0.5599678731510899
		},
		"padjSuccTackles_def": {
			"mean": 1.703646880831934,
			"stdDev": 0.7125884606258844
		},
		"dribbleTackleRate": {
			"mean": 47.055912917132126,
			"stdDev": 10.44280409872808
		},
		"fouls": {
			"mean": 0.9793955468487447,