{
	"FW": {
		"npg": {
			"mean": 0.34647869238474954,
			"stdDev": 0.16822799615834833,
			"median": 0.327802723852602
		},
		"npxg": {
			"mean": 0.35123004555498083,
			"stdDev": 0.11889257470240355,
			"median": 0.3417027188533154
		},
		"npxgPerShot": {
			"mean": 0.13562304662286878,
			"stdDev": 0.037620331037549436,
			"median": 0.13229166666666667
		},
		"succAerials": {
			"mean": 2.148296688552054,
			"stdDev": 1.8685592676881895,
			"median": 1.6053986076146844
		},
		"aerialSuccRate": {
			"mean": 38.27998062189203,
			"stdDev": 10.886943169173225,
			"median": 38.65151515151515
		},
		"boxTouches": {
			"mean": 5.283834484160976,
			"stdDev": 1.259955606196268,
			"median": 5.134048874838028
		},
		"padjBoxTouches": {
			"mean": 14.385427913952642,
			"stdDev": 3.8365143193802185,
			"median": 13.990289601702646
		},
		"xa": {
			"mean": 0.11895615727371514,
			"stdDev": 0.061108074674887186,
			"median": 0.1110439987719975
		},
		"padjXA": {
			"mean": 0.31048509534792285,
			"stdDev": 0.1364203242864546,
			"median": 0.29642814227349196
		},
		"ppr": {
			"mean": 9.678054503710868,
			"stdDev": 1.9061227349859435,
			"median": 9.665196328514112
		},
		"padjPPR": {
			"mean": 26.15991437087761,
			"stdDev": 5.292324854846819,
			"median": 26.887075354495995
		},
		"epa": {
			"mean": 1.4084235573422683,
			"stdDev": 0.8329580166063294,
			"median": 1.2079314931825738
		},
		"padjEPA": {
			"mean": 3.6018839507620313,
			"stdDev": 1.6254364636853273,
			"median": 3.4079344456534173
		},
		"succDribbles": {
			"mean": 1.1985274848107426,
			"stdDev": 0.727583684842359,
			"median": 1.0408333858298242
		},
		"padjSuccDribbles": {
			"mean": 3.1116681227311362,
			"stdDev": 1.6062164353772583,
			"median": 2.8743423449135705
		},
		"turnoversBelowExpected": {
			"mean": -0.23616867918868953,
			"stdDev": 1.1544113873340855,
			"median": -0.2828137138334434
		},
		"succPressures": {
			"mean": 4.20180961115683,
			"stdDev": 1.1381237964118045,
			"median": 4.141427657499019
		},
		"padjSuccPressures_att": {
			"mean": 4.306797709655548,
			"stdDev": 1.4357581102161296,
			"median": 4.0361650721861935
		}
	},
	"AM": {
		"npg": {
			"mean": 0.2022001543189126,
			"stdDev": 0.14373542082183127,
			"median": 0.1779828609096902
		},
		"npxg": {
			"mean": 0.19424141511111015,
			"stdDev": 0.10084444568940393,
			"median": 0.17892644135188868
		},
		"npxgPerShot": {
			"mean": 0.0951144334072992,
			"stdDev": 0.03240706658969954,
			"median": 0.09142857142857143
		},
		"xa": {
			"mean": 0.16339834401924164,
			"stdDev": 0.07523861922998568,
			"median": 0.152327221438646
		},
		"padjXA": {
			"mean": 0.30518581486890545,
			"stdDev": 0.11953004019166621,
			"median": 0.29163468917881813
		},
		"sca": {
			"mean": 2.9026689795771388,
			"stdDev": 0.8559565545064091,
			"median": 2.8114285714285714
		},
		"padjSCA": {
			"mean": 5.523978221517268,
			"stdDev": 1.4437991321262993,
			"median": 5.514847666795218
		},
		"epa": {
			"mean": 2.2426446584313435,
			"stdDev": 1.0110668207022073,
			"median": 2.0124540050948205
		},
		"padjEPA": {
			"mean": 4.221527217254438,
			"stdDev": 1.6245042381573702,
			"median": 3.9329934450109247
		},
		"progPasses": {
			"mean": 3.4649068899578572,
			"stdDev": 1.377636745881838,
			"median": 3.384685092886271
		},
		"padjProgPasses": {
			"mean": 6.366379780818314,
			"stdDev": 1.6493499021611833,
			"median": 6.299212598425196
		},
		"progCarries": {
			"mean": 6.252471849518895,
			"stdDev": 2.2737835447113897,
			"median": 5.935397039030955
		},
		"padjProgCarries": {
			"mean": 11.728649513970304,
			"stdDev": 3.3162749103182882,
			"median": 11.604664075513602
		},
		"passSuccRate": {
			"mean": 73.88553464145264,
			"stdDev": 6.630601295234953,
			"median": 74.15384615384616
		},
		"succDribbles": {
			"mean": 1.9170736799140597,
			"stdDev": 0.9785707710858281,
			"median": 1.769120800571837
		},
		"padjSuccDribbles": {
			"mean": 3.6858676848164986,
			"stdDev": 1.8807692322544152,
			"median": 3.3175355450236963
		},
		"turnoversBelowExpected": {
			"mean": 0.08105791363211261,
			"stdDev": 1.0906602070175202,
			"median": -0.04373653853416186
		},
		"succPressures": {
			"mean": 4.822166985329285,
			"stdDev": 1.1445699455379783,
			"median": 4.7988774555659495
		},
		"padjSuccPressures": {
			"mean": 5.068611558653822,
			"stdDev": 1.7538826914620953,
			"median": 5.004874712400171
		}
	},
	"CM": {
		"xa": {
			"mean": 0.08497560530109452,
			"stdDev": 0.06379956531060695,
			"median": 0.07086661247529896
		},
		"padjXA": {
			"mean": 0.13310825136064847,
			"stdDev": 0.09336830884460101,
			"median": 0.10988572107918533
		},
		"sca": {
			"mean": 1.9692978045774603,
			"stdDev": 0.8019803566655864,
			"median": 1.8065253830409111
		},
		"padjSCA": {
			"mean": 3.151985975591172,
			"stdDev": 1.1457177697995296,
			"median": 2.9516850873896443
		},
		"eft": {
			"mean": 5.820367667291164,
			"stdDev": 2.1717884008284347,
			"median": 5.501948351444668
		},
		"padjEFT": {
			"mean": 9.0253828242462,
			"stdDev": 1.9100500361064001,
			"median": 8.980850128967688
		},
		"progPasses": {
			"mean": 4.4578487304644625,
			"stdDev": 1.5717339619669808,
			"median": 4.279031161423059
		},
		"padjProgPasses": {
			"mean": 6.973584725508716,
			"stdDev": 1.4701823930932114,
			"median": 6.875655136268344
		},
		"progCarries": {
			"mean": 4.472379544190788,
			"stdDev": 1.9904065327459022,
			"median": 4.24183998732628
		},
		"padjProgCarries": {
			"mean": 7.012060778138645,
			"stdDev": 2.5422336660610743,
			"median": 6.770962208389054
		},
		"passSuccRate": {
			"mean": 81.56398602152107,
			"stdDev": 5.668756094335926,
			"median": 81.7930688096434
		},
		"succDribbles": {
			"mean": 1.015521855952307,
			"stdDev": 0.5890789434705925,
			"median": 0.9032891599646412
		},
		"padjSuccDribbles": {
			"mean": 1.6534787442935364,
			"stdDev": 0.9961716962366842,
			"median": 1.4698680647577345
		},
		"turnoversBelowExpected": {
			"mean": 0.24879267380932582,
			"stdDev": 0.7135051416735707,
			"median": 0.20379013436914917
		},
		"succPressures": {
			"mean": 5.504660995807536,
			"stdDev": 1.316135844880916,
			"median": 5.366331941342139
		},
		"padjSuccPressures": {
			"mean": 5.706624935016557,
			"stdDev": 1.9435692878111133,
			"median": 5.415920746885503
		},
		"interceptions": {
			"mean": 1.1174733743189378,
			"stdDev": 0.47783327491866395,
			"median": 1.0152690767052985
		},
		"padjInterceptions": {
			"mean": 1.1333680903378534,
			"stdDev": 0.5047010867652515,
			"median": 1.0272221712216913
		},
		"succTackles": {
			"mean": 2.285139697058532,
			"stdDev": 0.7221430372791879,
			"median": 2.19888256151284
		},
		"padjSuccTackles": {
			"mean": 2.356182492277859,
			"stdDev": 0.9026260581616568,
			"median": 2.300943178602895
		},
		"dribbleTackleRate": {
			"mean": 30.227888244241687,
			"stdDev": 8.456345662886873,
			"median": 30.07936507936508
		}
	},
	"FB": {
		"xa": {
			"mean": 0.08967943692605106,
			"stdDev": 0.05528403730539308,
			"median": 0.08117165589174807
		},
		"padjXA": {
			"mean": 0.13743286121778608,
			"stdDev": 0.08108948181604153,
			"median": 0.12729784872893998
		},
		"eft": {
			"mean": 4.691940507732391,
			"stdDev": 1.4468636889542479,
			"median": 4.530049040550735
		},
		"padjEFT": {
			"mean": 7.203633385037173,
			"stdDev": 1.430524082117024,
			"median": 7.0590519484744
		},
		"progPasses": {
			"mean": 4.007980776967552,
			"stdDev": 1.1956118397962785,
			"median": 3.9109606682371485
		},
		"padjProgPasses": {
			"mean": 6.167123513516848,
			"stdDev": 1.3037881724639486,
			"median": 6.142235148796748
		},
		"progCarries": {
			"mean": 5.053472263645692,
			"stdDev": 1.7875531894794756,
			"median": 4.937074989620442
		},
		"padjProgCarries": {
			"mean": 7.770475670029198,
			"stdDev": 2.311996301919518,
			"median": 7.454429009258426
		},
		"passSuccRate": {
			"mean": 76.14114306659411,
			"stdDev": 5.822526017535863,
			"median": 75.9469541647916
		},