{
	"FW": {
		"npg": {
			"mean": 0.3631913576378096,
			"stdDev": 0.1877711729497617
		},
		"npxg": {
			"mean": 0.3490304332790263,
			"stdDev": 0.13463036207421747
		},
		"npxgPerShot": {
			"mean": 0.13600682322502763,
			"stdDev": 0.03461377919253735
		},
		"succAerials": {
			"mean": 2.4667429455077117,
			"stdDev": 1.8865172629546203
		},
		"aerialSuccRate": {
			"mean": 37.524422614547795,
			"stdDev": 11.224146055910884
		},
		"boxTouches": {
			"mean": 5.194032235129663,
			"stdDev": 1.3869997976512467
		},
		"padjBoxTouches": {
			"mean": 14.259083958532049,
			"stdDev": 3.810588338629712
		},
		"xa": {
			"mean": 0.12181597267859115,
			"stdDev": 0.07261318695817466
		},
		"padjXA": {
			"mean": 0.32216890974337603,
			"stdDev": 0.16176313912334248
		},
		"ppa": {
			"mean": 0.7114113321981587,
			"stdDev": 0.482652157844796
		},
		"padjPPA": {
			"mean": 1.810368030745418,
			"stdDev": 0.8878427932353556
		},
		"succDribbles": {
			"mean": 1.2172533995729924,
			"stdDev": 0.6849487947087992
		},
		"padjSuccDribbles": {
			"mean": 3.2097530943553747,
			"stdDev": 1.5210914719861757
		},
		"dribbleSuccRate": {
			"mean": 55.91431706864627,
			"stdDev": 10.159378911483225
		},
		"turnovers": {
			"mean": 4.491748460432844,
			"stdDev": 1.1788330167199077
		},
		"padjTurnovers": {
			"mean": 12.365454587700887,
			"stdDev": 3.446862794192123
		},
		"succPressures": {
			"mean": 4.3838430939868775,
			"stdDev": 1.2076975899162352
		},
		"padjSuccPressures": {
			"mean": 4.21927466867516,
			"stdDev": 1.6872191547754425
		}
	},
	"AM": {
		"npg": {
			"mean": 0.20570436966738628,
			"stdDev": 0.1452116580678298
		},
		"npxg": {
			"mean": 0.19265517019658263,
			"stdDev": 0.10716209995454164
		},
		"npxgPerShot": {
			"mean": 0.09619302825000023,
			"stdDev": 0.03532905339552843
		},
		"xa": {
			"mean": 0.16152641619013913,
			"stdDev": 0.08332030935063924
		},
		"padjXA": {
			"mean": 0.3118294614159663,
			"stdDev": 0.1349932400212573
		},
		"sca": {
			"mean": 2.813722059101098,
			"stdDev": 0.86806416850625
		},
		"padjSCA": {
			"mean": 5.542299542185059,
			"stdDev": 1.4220982193214307
		},
		"ppa": {
			"mean": 1.2826277763537035,
			"stdDev": 0.5824317627510179
		},
		"padjPPA": {
			"mean": 2.4809010627150743,
			"stdDev": 0.8753447356371112
		},
		"progDistance": {
			"mean": 285.47327739731463,
			"stdDev": 83.33202652637152
		},
		"padjProgDistance": {
			"mean": 555.6278496605537,
			"stdDev": 102.29438317862726
		},
		"passSuccRate": {
			"mean": 74.13823494485055,
			"stdDev": 6.320346567913207
		},
		"succDribbles": {
			"mean": 1.8965077223361713,
			"stdDev": 0.9967861889420616
		},
		"padjSuccDribbles": {
			"mean": 3.7879117667569044,
			"stdDev": 1.968200692552461
		},
		"dribbleSuccRate": {
			"mean": 57.16885045664215,
			"stdDev": 8.981495894026962
		},
		"turnovers": {
			"mean": 3.9723429993206003,
			"stdDev": 1.216981851719295
		},
		"padjTurnovers": {
			"mean": 8.131657272272497,
			"stdDev": 3.031878606609938
		},
		"succPressures": {
			"mean": 4.905290255401974,
			"stdDev": 1.291056420737097
		},
		"padjSuccPressures": {
			"mean": 5.006166632702,
			"stdDev": 2.01172287321495
		}
	},
	"CM": {
		"xa": {
			"mean": 0.08040951059184309,
			"stdDev": 0.06372758858330682
		},
		"padjXA": {
			"mean": 0.12736256232198834,
			"stdDev": 0.09288238786117513
		},
		"sca": {
			"mean": 1.8859630822102231,
			"stdDev": 0.8032716442271742
		},
		"padjSCA": {
			"mean": 3.052909164891879,
			"stdDev": 1.17544219084014
		},
		"pft": {
			"mean": 4.140936822614789,
			"stdDev": 1.6271264559906993
		},
		"padjPFT": {
			"mean": 6.513439929178119,
			"stdDev": 1.5234387131254516
		},
		"progDistance": {
			"mean": 324.72448172746095,
			"stdDev": 101.82148422660823
		},
		"padjProgDistance": {
			"mean": 516.4827170497226,
			"stdDev": 85.92002048039228
		},
		"passSuccRate": {
			"mean": 82.36239207305378,
			"stdDev": 5.2349956847453045
		},
		"succDribbles": {
			"mean": 1.0773609151427068,
			"stdDev": 0.6335730366959106
		},
		"padjSuccDribbles": {
			"mean": 1.764500526643563,
			"stdDev": 1.0384980071771879
		},
		"dribbleSuccRate": {
			"mean": 68.89243294913632,
			"stdDev": 11.270439887423223
		},
		"turnovers": {
			"mean": 2.027993288503823,
			"stdDev": 0.8999319976308342
		},
		"padjTurnovers": {
			"mean": 3.4125040789020775,
			"stdDev": 1.7129414247535903
		},
		"succPressures": {
			"mean": 5.784056582851634,
			"stdDev": 1.3056647111368374
		},
		"padjSuccPressures": {
			"mean": 5.77788857122048,
			"stdDev": 2.2383966084829754
		},
		"interceptions": {
			"mean": 0.9236821965314719,
			"stdDev": 0.36264689806286976
		},
		"padjInterceptions": {
			"mean": 0.9112846437146015,
			"stdDev": 0.44540607918445657
		},
		"succTackles": {
			"mean": 2.3343299921196254,
			"stdDev": 0.7254194269024131
		},
		"padjSuccTackles": {
			"mean": 2.314183263354845,
			"stdDev": 0.9948361284277092
		},
		"dribbleTackleRate": {
			"mean": 31.08907382779573,
			"stdDev": 7.783334613129528
		}
	},
	"FB": {
		"xa": {
			"mean": 0.08442136141371628,
			"stdDev": 0.0475540252705633
		},
		"padjXA": {
			"mean": 0.12859824247906185,
			"stdDev": 0.0727119379414117
		},
		"pft": {
			"mean": 2.91384207720754,
			"stdDev": 1.1057525150952932
		},
		"padjPFT": {
			"mean": 4.346485750173991,
			"stdDev": 1.1669379740960584
		},
		"progDistance": {
			"mean": 429.2595731654649,
			"stdDev": 88.15809346654979
		},
		"padjProgDistance": {
			"mean": 650.7954840590787,
			"stdDev": 75.7881190233712
		},
		"passSuccRate": {
			"mean": 77.23935317370399,
			"stdDev": 5.8789613296084395
		},
		"succDribbles": {
			"mean": 0.9762854586050838,
			"stdDev": 0.5929254537221297
		},
		"padjSuccDribbles": {
			"mean": 1.4911109443401045,
			"stdDev": 0.8870411165001837
		},
		"dribbleSuccRate": {
			"mean": 58.20598072616409,
			"stdDev": 11.894019956160067
		},
		"turnovers": {
			"mean": 1.679844267563379,
			"stdDev": 0.6603744861928492
		},
		"padjTurnovers": {
			"mean": 2.604415878143072,
			"stdDev": 1.0976409387518429
		},
		"succPressures": {
			"mean": 4.118436149153972,
			"stdDev": 1.0304653896216098
		},
		"padjSuccPressures": {
			"mean": 4.096681432595751,
			"stdDev": 1.6720839851742233
		},
		"interceptions": {
			"mean": 0.879913456702325,
			"stdDev": 0.3319260318829942
		},
		"padjInterceptions": {
			"mean": 0.8652196510956459,
			"stdDev": 0.4119777166877021
		},
		"succTackles": {
			"mean": 2.2001538200221074,
			"stdDev": 0.7072371475300757
		},
		"padjSuccTackles": {
			"mean": 2.163686938753976,
			"stdDev": 0.9550012225784537
		},
		"dribbleTackleRate": {
			"mean": 43.566330909903066,
			"stdDev": 9.784362335966371
		},
		"aerialSuccRate": {
			"mean": 51.0926554535518,
			"stdDev": 12.04220740586699
		}
	},
	"CB": {
		"pft": {
			"mean": 2.7559974664369995,
			"stdDev": 1.3243528124329398
		},
		"padjPFT": {
			"mean": 4.3438657191919825,
			"stdDev": 1.4727233192480018
		},
		"progDistance": {
			"mean": 426.7817848448012,
			"stdDev": 124.759783634196
		},
		"padjProgDistance": {
			"mean": 682.265694720053,
			"stdDev": 97.12475210420014
		},
		"passSuccRate": {
			"mean": 84.89244242518338,
			"stdDev": 5.706936207756422
		},
		"longPassSuccRate": {
			"mean": 69.79670927129015,
			"stdDev": 9.505117488883245
		},
		"succPressures": {
			"mean": 3.1149256900018965,
			"stdDev": 0.9466226266591116
		},
		"padjSuccPressures": {
			"mean": 3.0672878352547053,
			"stdDev": 1.3218991984934196
		},
		"interceptions": {
			"mean": 0.906082483946632,
			"stdDev": 0.3340455337469295
		},
		"padjInterceptions": {
			"mean": 0.8798218759080083,
			"stdDev": 0.39826623663628535
		},
		"succTackles": {
			"mean": 1.621663041573149,
			"stdDev": 0.5581382443524856
		},
		"padjSuccTackles": {
			"mean": 1.5938699147570434,
			"stdDev": 0.7174007361600483
		},
		"dribbleTackleRate": {
			"mean": 46.59161935302474,
			"stdDev": 11.406899046253969
		},
		"fouls": {
			"mean": 0.9770258952573568,