{
	"FW": {
		"npg": {
			"mean": 0.3629312912021095,
			"stdDev": 0.18676401944568186,
			"median": 0.3337063636963551
		},
		"npxg": {
			"mean": 0.348129734415886,
			"stdDev": 0.1342366578310733,
			"median": 0.32598491768867466
		},
		"npxgPerShot": {
			"mean": 0.13581841655405888,
			"stdDev": 0.03464515402117208,
			"median": 0.1342481203007519
		},
		"succAerials": {
			"mean": 2.4877667117292446,
			"stdDev": 1.9077809808986417,
			"median": 2.1004059631406364
		},
		"aerialSuccRate": {
			"mean": 37.53807180811336,
			"stdDev": 11.2333738969092,
			"median": 38.28473863934857
		},
		"boxTouches": {
			"mean": 5.195004889115317,
			"stdDev": 1.377580769061218,
			"median": 5.010674874055551
		},
		"padjBoxTouches": {
			"mean": 14.259859800571066,
			"stdDev": 3.7872756412713326,
			"median": 13.965025769479972
		},
		"xa": {
			"mean": 0.12130162825129348,
			"stdDev": 0.07225654543964592,
			"median": 0.10656591156800338
		},
		"padjXA": {
			"mean": 0.32097864088796785,
			"stdDev": 0.16096916831606445,
			"median": 0.3015787761809794
		},
		"ppr": {
			"mean": 9.773829779174312,
			"stdDev": 1.997640484488362,
			"median": 9.574872966613238
		},
		"padjPPR": {
			"mean": 26.677440271548463,
			"stdDev": 4.771703903551985,
			"median": 26.76091375885753
		},
		"epa": {
			"mean": 1.4001364602451682,
			"stdDev": 0.8258054170007364,
			"median": 1.151290239166883
		},
		"padjEPA": {
			"mean": 3.6505086180102775,
			"stdDev": 1.6251103559392885,
			"median": 3.363273453093812
		},
		"succDribbles": {
			"mean": 1.2159155474478593,
			"stdDev": 0.6814002052459738,
			"median": 1.0907500712149267
		},
		"padjSuccDribbles": {
			"mean": 3.207300724769419,
			"stdDev": 1.5134743724096644,
			"median": 3.017578438828961
		},
		"turnoversBelowExpected": {
			"mean": -0.12433249298171217,
			"stdDev": 1.3232920758450522,
			"median": -0.20325262401934951
		},
		"succPressures": {
			"mean": 4.388347353866658,
			"stdDev": 1.205744626739355,
			"median": 4.170516372480193
		},
		"padjSuccPressures_att": {
			"mean": 4.54124469226391,
			"stdDev": 1.5747976318902293,
			"median": 4.236831065676386
		}
	},
	"AM": {
		"npg": {
			"mean": 0.2040374774186623,
			"stdDev": 0.14392952765079714,
			"median": 0.18030293300797867
		},
		"npxg": {
			"mean": 0.19152446785788968,
			"stdDev": 0.10661520817138193,
			"median": 0.17048706274506725
		},
		"npxgPerShot": {
			"mean": 0.09576901565703438,
			"stdDev": 0.03538640092423826,
			"median": 0.08815381811554583
		},
		"xa": {
			"mean": 0.160967705440202,
			"stdDev": 0.0831489086340684,
			"median": 0.1505540034352824
		},
		"padjXA": {
			"mean": 0.30979704174743605,
			"stdDev": 0.13451399465480646,
			"median": 0.2915145944289743
		},
		"sca": {
			"mean": 2.817690430056727,
			"stdDev": 0.874689976508643,
			"median": 2.7118046654703925
		},
		"padjSCA": {
			"mean": 5.5341130089114605,
			"stdDev": 1.4365452299989383,
			"median": 5.4419796385991805
		},
		"epa": {
			"mean": 2.1874177592892114,
			"stdDev": 0.931053023752157,
			"median": 2.0128594185416047
		},
		"padjEPA": {
			"mean": 4.298106608270626,
			"stdDev": 1.6440366886990176,
			"median": 3.9686381167504106
		},
		"progPasses": {
			"mean": 3.30563803488199,
			"stdDev": 1.3239995514128027,
			"median": 3.157226061351894
		},
		"padjProgPasses": {
			"mean": 6.309788615111163,
			"stdDev": 1.676416040313804,
			"median": 6.1205852203895255
		},
		"progCarries": {
			"mean": 6.135437066516887,
			"stdDev": 2.2542300532320567,
			"median": 5.821135155672305
		},
		"padjProgCarries": {
			"mean": 11.978323904281911,
			"stdDev": 3.5760369049761875,
			"median": 11.73748142073702
		},
		"passSuccRateAboveExpected": {
			"mean": 0.08235656858328202,
			"stdDev": 2.7403426574685885,
			"median": 0.0005635883420873431
		},
		"succDribbles": {
			"mean": 1.8965032909929116,
			"stdDev": 0.9878922756881883,
			"median": 1.7878235747109659
		},
		"padjSuccDribbles": {
			"mean": 3.781644822170768,
			"stdDev": 1.9533816603754868,
			"median": 3.4395127722034786
		},
		"turnoversBelowExpected": {
			"mean": 0.13792777055451927,
			"stdDev": 1.2241293545678278,
			"median": -0.01814698601633712
		},
		"succPressures": {
			"mean": 4.882229611718145,
			"stdDev": 1.299179995569632,
			"median": 4.851313164893617
		},
		"padjSuccPressures": {
			"mean": 5.24553793556657,
			"stdDev": 1.7902149637994123,
			"median": 5.090482474696875
		}
	},
	"CM": {
		"xa": {
			"mean": 0.0807680457952834,
			"stdDev": 0.06386881025790721,
			"median": 0.06567285533254866
		},
		"padjXA": {
			"mean": 0.1280250101525737,
			"stdDev": 0.09305360440306629,
			"median": 0.10782707630254217
		},
		"sca": {
			"mean": 1.8790288255127936,
			"stdDev": 0.8116830761830395,
			"median": 1.8283482142857141
		},
		"padjSCA": {
			"mean": 3.0458979298914257,
			"stdDev": 1.1865487263073249,
			"median": 2.9369482122923927
		},
		"eft": {
			"mean": 5.438773314302674,
			"stdDev": 2.0781504305476868,
			"median": 5.136451880788085
		},
		"padjEFT": {
			"mean": 8.604775799003624,
			"stdDev": 1.9862059257964852,
			"median": 8.557743846685222
		},
		"progPasses": {
			"mean": 4.115046612090624,
			"stdDev": 1.4655545088325328,
			"median": 3.942525747488309
		},
		"padjProgPasses": {
			"mean": 6.5721144709510435,
			"stdDev": 1.5377205549916535,
			"median": 6.560738274546197
		},
		"progCarries": {
			"mean": 4.242912374190591,
			"stdDev": 2.0328899302442864,
			"median": 3.979120979811246
		},
		"padjProgCarries": {
			"mean": 6.75505423005272,
			"stdDev": 2.6759833855440576,
			"median": 6.413092806898117
		},
		"passSuccRateAboveExpected": {
			"mean": 0.8104853622637814,
			"stdDev": 2.1316157189721228,
			"median": 0.7682119492736348
		},
		"succDribbles": {
			"mean": 1.0772808545350891,
			"stdDev": 0.6329746236142312,
			"median": 0.9326006884446901
		},
		"padjSuccDribbles": {
			"mean": 1.7664831709604973,
			"stdDev": 1.0345492432493075,
			"median": 1.590976031810316
		},
		"turnoversBelowExpected": {
			"mean": 0.3063312164381401,
			"stdDev": 0.7195635398030361,
			"median": 0.2693729732077757
		},
		"succPressures": {
			"mean": 5.785007720070696,
			"stdDev": 1.3091475799161274,
			"median": 5.755780853743394
		},
		"padjSuccPressures": {
			"mean": 6.097183524831674,
			"stdDev": 2.021413357000898,
			"median": 5.780476444613676
		},
		"interceptions": {
			"mean": 0.9176096657452176,
			"stdDev": 0.35616842627338524,
			"median": 0.8629547281578605
		},
		"padjInterceptions": {
			"mean": 0.9513805076587266,
			"stdDev": 0.4089880877267193,
			"median": 0.8786160632276995
		},
		"succTackles": {
			"mean": 2.334376601636257,
			"stdDev": 0.7283892109248989,
			"median": 2.2346683354192742
		},
		"padjSuccTackles": {
			"mean": 2.4497652618314163,
			"stdDev": 0.9516021532794199,
			"median": 2.2466634861440324
		},
		"dribbleTackleRate": {
			"mean": 31.075463117244023,
			"stdDev": 7.805562513134442,
			"median": 31.03448275862069
		}
	},
	"FB": {
		"xa": {
			"mean": 0.08555934456976769,
			"stdDev": 0.04837684743836249,
			"median": 0.07933709449929478
		},
		"padjXA": {
			"mean": 0.1300715113534943,
			"stdDev": 0.073457939480239,
			"median": 0.11715797430083144
		},
		"eft": {
			"mean": 4.662704170433041,
			"stdDev": 1.4861367608218339,
			"median": 4.419056878949927
		},
		"padjEFT": {
			"mean": 6.968666282205998,
			"stdDev": 1.3927356822943229,
			"median": 6.806930693069307
		},
		"progPasses": {
			"mean": 3.9565778656033928,
			"stdDev": 1.2521473670940113,
			"median": 3.764705882352941
		},
		"padjProgPasses": {
			"mean": 5.934963173471875,
			"stdDev": 1.3488779532135602,
			"median": 5.82891748675246
		},
		"progCarries": {
			"mean": 5.068888510200258,
			"stdDev": 1.8405060146028087,
			"median": 4.814814814814815
		},
		"padjProgCarries": {
			"mean": 7.597628396962128,
			"stdDev": 2.221648178817588,
			"median": 7.331042382588774
		},
		"passSuccRateAboveExpected": {
			"mean": 0.8043373275081098,