{
	"FW": {
		"npg": {
			"mean": 0.3629312912021095,
			"stdDev": 0.18676401944568186
		},
		"npxg": {
			"mean": 0.348129734415886,
			"stdDev": 0.1342366578310733
		},
		"npxgPerShot": {
			"mean": 0.13581841655405888,
			"stdDev": 0.03464515402117208
		},
		"succAerials": {
			"mean": 2.4877667117292446,
			"stdDev": 1.9077809808986417
		},
		"aerialSuccRate": {
			"mean": 37.53807180811336,
			"stdDev": 11.2333738969092
		},
		"boxTouches": {
			"mean": 5.195004889115317,
			"stdDev": 1.377580769061218
		},
		"padjBoxTouches": {
			"mean": 14.259859800571066,
			"stdDev": 3.7872756412713326
		},
		"xa": {
			"mean": 0.12130162825129348,
			"stdDev": 0.07225654543964592
		},
		"padjXA": {
			"mean": 0.32097864088796785,
			"stdDev": 0.16096916831606445
		},
		"ppa": {
			"mean": 0.7099216261048159,
			"stdDev": 0.4796172800437263
		},
		"padjPPA": {
			"mean": 1.8082247380888765,
			"stdDev": 0.8836137143545759
		},
		"succDribbles": {
			"mean": 1.2159155474478593,
			"stdDev": 0.6814002052459738
		},
		"padjSuccDribbles": {
			"mean": 3.207300724769419,
			"stdDev": 1.5134743724096644
		},
		"dribbleSuccRate": {
			"mean": 55.83894624433852,
			"stdDev": 10.109814851575516
		},
		"turnovers": {
			"mean": 4.508910989936846,
			"stdDev": 1.1788472651802493
		},
		"padjTurnovers": {
			"mean": 12.409870990112932,
			"stdDev": 3.4441367180111957
		},
		"succPressures": {
			"mean": 4.388347353866658,
			"stdDev": 1.205744626739355
		},
		"padjSuccPressures_att": {
			"mean": 4.54124469226391,
			"stdDev": 1.5747976318902293
		}
	},
	"AM": {
		"npg": {
			"mean": 0.2040374774186623,
			"stdDev": 0.14392952765079714
		},
		"npxg": {
			"mean": 0.19152446785788968,
			"stdDev": 0.10661520817138193
		},
		"npxgPerShot": {
			"mean": 0.09576901565703438,
			"stdDev": 0.03538640092423826
		},
		"xa": {
			"mean": 0.160967705440202,
			"stdDev": 0.0831489086340684
		},
		"padjXA": {
			"mean": 0.30979704174743605,
			"stdDev": 0.13451399465480646
		},
		"sca": {
			"mean": 2.817690430056727,
			"stdDev": 0.874689976508643
		},
		"padjSCA": {
			"mean": 5.5341130089114605,
			"stdDev": 1.4365452299989383
		},
		"ppa": {
			"mean": 1.2849637684728832,
			"stdDev": 0.5823996628512669
		},
		"padjPPA": {
			"mean": 2.475963074829058,
			"stdDev": 0.8731566989306301
		},
		"progDistance": {
			"mean": 254.97285621498253,
			"stdDev": 79.7198363870468
		},
		"padjProgDistance": {
			"mean": 491.0841390752308,
			"stdDev": 89.31163395195918
		},
		"passSuccRate": {
			"mean": 74.25721763694601,
			"stdDev": 6.321500605649961
		},
		"succDribbles": {
			"mean": 1.8965032909929116,
			"stdDev": 0.9878922756881883
		},
		"padjSuccDribbles": {
			"mean": 3.781644822170768,
			"stdDev": 1.9533816603754868
		},
		"dribbleSuccRate": {
			"mean": 57.30429998454198,
			"stdDev": 8.94247044441334
		},
		"turnovers": {
			"mean": 3.9529992090040804,
			"stdDev": 1.2165816175573285
		},
		"padjTurnovers": {
			"mean": 8.075601690099598,
			"stdDev": 3.0387296332698543
		},
		"succPressures": {
			"mean": 4.882229611718145,
			"stdDev": 1.299179995569632
		},
		"padjSuccPressures": {
			"mean": 5.24553793556657,
			"stdDev": 1.7902149637994123
		}
	},
	"CM": {
		"xa": {
			"mean": 0.0807680457952834,
			"stdDev": 0.06386881025790721
		},
		"padjXA": {
			"mean": 0.1280250101525737,
			"stdDev": 0.09305360440306629
		},
		"sca": {
			"mean": 1.8790288255127936,
			"stdDev": 0.8116830761830395
		},
		"padjSCA": {
			"mean": 3.0458979298914257,
			"stdDev": 1.1865487263073249
		},
		"pft": {
			"mean": 4.116225083980567,
			"stdDev": 1.6315021854820686
		},
		"padjPFT": {
			"mean": 6.488725737518299,
			"stdDev": 1.5287762837683776
		},
		"progDistance": {
			"mean": 313.02261380705545,
			"stdDev": 101.02659916775421
		},
		"padjProgDistance": {
			"mean": 498.1870752666638,
			"stdDev": 84.48003270079509
		},
		"passSuccRate": {
			"mean": 82.29992850258967,
			"stdDev": 5.235552919080329
		},
		"succDribbles": {
			"mean": 1.0772808545350891,
			"stdDev": 0.6329746236142312
		},
		"padjSuccDribbles": {
			"mean": 1.7664831709604973,
			"stdDev": 1.0345492432493075
		},
		"dribbleSuccRate": {
			"mean": 68.66271973163934,
			"stdDev": 11.102054784998128
		},
		"turnovers": {
			"mean": 2.0325066969819714,
			"stdDev": 0.8993608358747278
		},
		"padjTurnovers": {
			"mean": 3.4269380902838082,
			"stdDev": 1.7134661282976864
		},
		"succPressures": {
			"mean": 5.785007720070696,
			"stdDev": 1.3091475799161274
		},
		"padjSuccPressures": {
			"mean": 6.097183524831674,
			"stdDev": 2.021413357000898
		},
		"interceptions": {
			"mean": 0.9176096657452176,
			"stdDev": 0.35616842627338524
		},
		"padjInterceptions": {
			"mean": 0.9513805076587266,
			"stdDev": 0.4089880877267193
		},
		"succTackles": {
			"mean": 2.334376601636257,
			"stdDev": 0.7283892109248989
		},
		"padjSuccTackles": {
			"mean": 2.4497652618314163,
			"stdDev": 0.9516021532794199
		},
		"dribbleTackleRate": {
			"mean": 31.075463117244023,
			"stdDev": 7.805562513134442
		}
	},
	"FB": {
		"xa": {
			"mean": 0.08555934456976769,
			"stdDev": 0.04837684743836249
		},
		"padjXA": {
			"mean": 0.1300715113534943,
			"stdDev": 0.073457939480239
		},
		"pft": {
			"mean": 2.917418992472638,
			"stdDev": 1.097294658567637
		},
		"padjPFT": {
			"mean": 4.348285895093904,
			"stdDev": 1.1660624545317182
		},
		"progDistance": {
			"mean": 414.11854023687874,
			"stdDev": 85.8811650156906
		},
		"padjProgDistance": {
			"mean": 626.712009250813,
			"stdDev": 74.68482882167754
		},
		"passSuccRate": {
			"mean": 77.28843886723341,
			"stdDev": 5.828911852610511
		},
		"succDribbles": {
			"mean": 0.9910267609506032,
			"stdDev": 0.6011271938348142
		},
		"padjSuccDribbles": {
			"mean": 1.510804146715353,
			"stdDev": 0.8972171784875782
		},
		"dribbleSuccRate": {
			"mean": 58.37226345562512,
			"stdDev": 11.918810870883593
		},
		"turnovers": {
			"mean": 1.687075062415659,
			"stdDev": 0.6635026598110523
		},
		"padjTurnovers": {
			"mean": 2.611934166007374,
			"stdDev": 1.102493299841366
		},
		"succPressures": {
			"mean": 4.127216676578972,
			"stdDev": 1.043581940475693
		},
		"padjSuccPressures": {
			"mean": 4.377342293866457,
			"stdDev": 1.5327211325136756
		},
		"interceptions": {
			"mean": 0.8805804892610452,
			"stdDev": 0.32919217685109897
		},
		"padjInterceptions": {
			"mean": 0.9212139538314708,
			"stdDev": 0.3875125120895255
		},
		"succTackles": {
			"mean": 2.2014468704691432,
			"stdDev": 0.7265643915005693
		},
		"padjSuccTackles": {
			"mean": 2.322087937168759,
			"stdDev": 0.931204098793998
		},
		"dribbleTackleRate": {
			"mean": 43.42831103436989,
			"stdDev": 9.851095111352342
		},
		"aerialSuccRate": {
			"mean": 50.92376144483837,
			"stdDev": 12.123879385540151
		}
	},
	"CB": {
		"pft": {
			"mean": 2.7510959557276813,
			"stdDev": 1.324372940509436
		},
		"padjPFT": {
			"mean": 4.341776970173586,
			"stdDev": 1.4819525143920242
		},
		"progDistance": {
			"mean": 422.50945333238104,
			"stdDev": 123.55690203354276
		},
		"padjProgDistance": {
			"mean": 676.3332758934606,
			"stdDev": 96.11977743011545
		},
		"passSuccRate": {
			"mean": 84.85983023130018,
			"stdDev": 5.728814438865102
		},
		"longPassSuccRate": {
			"mean": 69.79837836077613,
			"stdDev": 9.574564249385388
		},
		"succPressures": {
			"mean": 3.1161375578636874,
			"stdDev": 0.9498374201688746
		},
		"padjSuccPressures_def": {
			"mean": 3.261016413900315,
			"stdDev": 1.2588254901689981
		},
		"interceptions": {
			"mean": 0.9054184379111117,
			"stdDev": 0.3315437577922705
		},
		"padjInterceptions_def": {
			"mean": 0.9376605646845665,
			"stdDev": 0.3912766381313882
		},
		"succTackles": {
			"mean": 1.6176516466952966,
			"stdDev": 0.5578262074825322
		},
		"padjSuccTackles_def": {
			"mean": 1.6929453689376817,
			"stdDev": 0.6943469958083348
		},
		"dribbleTackleRate": {
			"mean": 46.61934925631378,
			"stdDev": 11.431664261236534
		},
		"fouls": {
			"mean": 1.080643133264107,