{
	"FW": {
		"npg": {
			"mean": 0.3629312912021095,
			"stdDev": 0.18676401944568186,
			"median": 0.3337063636963551
		},
		"npxg": {
			"mean": 0.34815704024112876,
			"stdDev": 0.1343167417461567,
			"median": 0.32598491768867466
		},
		"npxgPerShot": {
			"mean": 0.1358245141150345,
			"stdDev": 0.034650358012951354,
			"median": 0.1342481203007519
		},
		"succAerials": {
			"mean": 2.4877667117292446,
			"stdDev": 1.9077809808986417,
			"median": 2.1004059631406364
		},
		"aerialSuccRate": {
			"mean": 37.53807180811336,
			"stdDev": 11.2333738969092,
			"median": 38.28473863934857
		},
		"boxTouches": {
			"mean": 5.194178785861981,
			"stdDev": 1.3762444257377104,
			"median": 5.010674874055551
		},
		"padjBoxTouches": {
			"mean": 14.257126345687311,
			"stdDev": 3.7821519203865432,
			"median": 13.965025769479972
		},
		"xa": {
			"mean": 0.12130162825129348,
			"stdDev": 0.07225654543964592,
			"median": 0.10656591156800338
		},
		"padjXA": {
			"mean": 0.32097308083155135,
			"stdDev": 0.16096898285744715,
			"median": 0.3015787761809794
		},
		"ppr": {
			"mean": 9.754668912310333,
			"stdDev": 2.001551054394409,
			"median": 9.561719900515047
		},
		"padjPPR": {
			"mean": 26.621985223596486,
			"stdDev": 4.774236681931731,
			"median": 26.689913271748523
		},
		"epa": {
			"mean": 1.3998634019927407,
			"stdDev": 0.8255537603047503,
			"median": 1.151290239166883
		},
		"padjEPA": {
			"mean": 3.649660212211897,
			"stdDev": 1.6238879077073107,
			"median": 3.363273453093812
		},
		"succDribbles": {
			"mean": 1.2159155474478593,
			"stdDev": 0.6814002052459738,
			"median": 1.0907500712149267
		},
		"padjSuccDribbles": {
			"mean": 3.20722491068667,
			"stdDev": 1.5134048733957224,
			"median": 3.017578438828961
		},
		"turnoversBelowExpected": {
			"mean": -0.1241319777067359,
			"stdDev": 1.322817776715186,
			"median": -0.20239222495119552
		},
		"pressures": {
			"mean": 17.370566724009514,
			"stdDev": 4.55841342335372,
			"median": 16.963448194716356
		},
		"padjPressures_att": {
			"mean": 17.794585955166784,
			"stdDev": 5.518705384262301,
			"median": 17.15494398651682
		}
	},
	"AM": {
		"npg": {
			"mean": 0.2040374774186623,
			"stdDev": 0.14392952765079714,
			"median": 0.18030293300797867
		},
		"npxg": {
			"mean": 0.19152446785788968,
			"stdDev": 0.10661520817138193,
			"median": 0.17048706274506725
		},
		"npxgPerShot": {
			"mean": 0.09576901565703438,
			"stdDev": 0.03538640092423826,
			"median": 0.08815381811554583
		},
		"xa": {
			"mean": 0.160967705440202,
			"stdDev": 0.0831489086340684,
			"median": 0.1505540034352824
		},
		"padjXA": {
			"mean": 0.30979644128885697,
			"stdDev": 0.13451383502865352,
			"median": 0.2915145944289743
		},
		"sca": {
			"mean": 2.8176767978591104,
			"stdDev": 0.8745978965330474,
			"median": 2.7118046654703925
		},
		"padjSCA": {
			"mean": 5.534174432500337,
			"stdDev": 1.436801590833481,
			"median": 5.4419796385991805
		},
		"epa": {
			"mean": 2.187475811357717,
			"stdDev": 0.9311929269743753,
			"median": 2.0128594185416047
		},
		"padjEPA": {
			"mean": 4.298211909289777,
			"stdDev": 1.6442987789182828,
			"median": 3.9686381167504106
		},
		"progPasses": {
			"mean": 3.305195257251113,
			"stdDev": 1.3234786779306764,
			"median": 3.1607831930838515
		},
		"padjProgPasses": {
			"mean": 6.309066736768229,
			"stdDev": 1.6754495039968518,
			"median": 6.1205852203895255
		},
		"progCarries": {
			"mean": 6.135285881224191,
			"stdDev": 2.2541345466154166,
			"median": 5.821135155672305
		},
		"padjProgCarries": {
			"mean": 11.977997792287224,
			"stdDev": 3.5757549596596117,
			"median": 11.73748142073702
		},
		"passSuccRate": {
			"mean": 74.2575448963449,
			"stdDev": 6.321469412212686,
			"median": 74.5879067602684
		},
		"succDribbles": {
			"mean": 1.8963765161450417,
			"stdDev": 0.9879084560782381,
			"median": 1.7777681292511343
		},
		"padjSuccDribbles": {
			"mean": 3.781471886173757,
			"stdDev": 1.9535079471535228,
			"median": 3.4395127722034786
		},
		"turnoversBelowExpected": {
			"mean": 0.13776079006834807,
			"stdDev": 1.2232424361015264,
			"median": -0.017290199107694658
		},
		"pressures": {
			"mean": 18.483589101965222,
			"stdDev": 4.491162522232388,
			"median": 18.408089966762013
		},
		"padjPressures": {
			"mean": 19.61633369916754,
			"stdDev": 5.5963409925517995,
			"median": 19.24265098208729
		}
	},
	"CM": {
		"xa": {
			"mean": 0.0807547270238069,
			"stdDev": 0.0638312365513437,
			"median": 0.06567285533254866
		},
		"padjXA": {
			"mean": 0.12800931634493418,
			"stdDev": 0.09302634247821291,
			"median": 0.10782707630254217
		},
		"sca": {
			"mean": 1.879123344265314,
			"stdDev": 0.8117061521128505,
			"median": 1.8283482142857141
		},
		"padjSCA": {
			"mean": 3.046023978007509,
			"stdDev": 1.1865575261865382,
			"median": 2.9369482122923927
		},
		"eft": {
			"mean": 5.438695944996624,
			"stdDev": 2.0780351491233597,
			"median": 5.136451880788085
		},
		"padjEFT": {
			"mean": 8.604646318701983,
			"stdDev": 1.9861015672152584,
			"median": 8.557743846685222
		},
		"progPasses": {
			"mean": 4.114965597299429,
			"stdDev": 1.46517394357087,
			"median": 3.942525747488309
		},
		"padjProgPasses": {
			"mean": 6.57207363751679,
			"stdDev": 1.5374826888226165,
			"median": 6.560738274546197
		},
		"progCarries": {
			"mean": 4.243008606379617,
			"stdDev": 2.0327936131897664,
			"median": 3.979120979811246
		},
		"padjProgCarries": {
			"mean": 6.755206362095994,
			"stdDev": 2.6758234556458644,
			"median": 6.413092806898117
		},
		"passSuccRate": {
			"mean": 82.29998504971759,
			"stdDev": 5.235528165653953,
			"median": 82.70386639658878
		},
		"succDribbles": {
			"mean": 1.0771846223460637,
			"stdDev": 0.6330144896788342,
			"median": 0.9326006884446901
		},
		"padjSuccDribbles": {
			"mean": 1.7663105100676866,
			"stdDev": 1.034607947306658,
			"median": 1.590976031810316
		},
		"turnoversBelowExpected": {
			"mean": 0.30569207426974815,
			"stdDev": 0.7187711493221397,
			"median": 0.27093080406744874
		},
		"pressures": {
			"mean": 20.310657847081103,
			"stdDev": 4.129496668841552,
			"median": 19.875522598884125
		},
		"padjPressures": {
			"mean": 21.175985659776767,
			"stdDev": 6.055094705157386,
			"median": 20.65542553077016
		},
		"interceptions": {
			"mean": 0.9176096657452176,
			"stdDev": 0.35616842627338524,
			"median": 0.8629547281578605
		},
		"padjInterceptions": {
			"mean": 0.9513805076587266,
			"stdDev": 0.4089880877267193,
			"median": 0.8786160632276995
		},
		"succTackles": {
			"mean": 2.334376601636257,
			"stdDev": 0.7283892109248989,
			"median": 2.2346683354192742
		},
		"padjSuccTackles": {
			"mean": 2.4497652618314163,
			"stdDev": 0.9516021532794199,
			"median": 2.2466634861440324
		},
		"dribbleTackleRate": {
			"mean": 31.07663957860511,
			"stdDev": 7.8049568228528905,
			"median": 31.03448275862069
		}
	},
	"FB": {
		"xa": {
			"mean": 0.08557093689572229,
			"stdDev": 0.048379526646758673,
			"median": 0.07933709449929478
		},
		"padjXA": {
			"mean": 0.13007606751212888,
			"stdDev": 0.07343749882378435,
			"median": 0.11715797430083144
		},
		"eft": {
			"mean": 4.662512708379242,
			"stdDev": 1.48474711875287,
			"median": 4.419056878949927
		},
		"padjEFT": {
			"mean": 6.96857808012008,
			"stdDev": 1.3918531781892551,
			"median": 6.806930693069307
		},
		"progPasses": {
			"mean": 3.9565778656033928,
			"stdDev": 1.2521473670940113,
			"median": 3.764705882352941
		},
		"padjProgPasses": {
			"mean": 5.934963173471875,
			"stdDev": 1.3488779532135602,
			"median": 5.82891748675246
		},
		"progCarries": {
			"mean": 5.0690039503156985,
			"stdDev": 1.840705504435531,
			"median": 4.814814814814815
		},
		"padjProgCarries": {
			"mean": 7.597761988572575,
			"stdDev": 2.221764999775848,
			"median": 7.331042382588774
		},
		"passSuccRate": {
			"mean": 77.28864241496468,
			"stdDev": 5.82933290712318,
			"median": 77.38193869096935
		},