{
	"FW": {
		"npg": {
			"mean": 0.3606908848933811,
			"stdDev": 0.1970601456338461
		},
		"npxg": {
			"mean": 0.3446038938137555,
			"stdDev": 0.14715269480962093
		},
		"npxgPerShot": {
			"mean": 0.13276423559995962,
			"stdDev": 0.04030397812199865
		},
		"succAerials": {
			"mean": 2.3438010601431394,
			"stdDev": 1.8741521054975163
		},
		"aerialSuccRate": {
			"mean": 36.32459453508116,
			"stdDev": 12.110515064928911
		},
		"boxTouches": {
			"mean": 5.129847745480448,
			"stdDev": 1.5792991329884558
		},
		"padjBoxTouches": {
			"mean": 14.033151582108736,
			"stdDev": 4.472173782638084
		},
		"xa": {
			"mean": 0.1205262617828291,
			"stdDev": 0.07490226499059625
		},
		"padjXA": {
			"mean": 0.31584411981493277,
			"stdDev": 0.16743297805226035
		},
		"ppa": {
			"mean": 0.7172452954976051,
			"stdDev": 0.49524127447935323
		},
		"padjPPA": {
			"mean": 1.809125352456645,
			"stdDev": 0.9162240193563566
		},
		"succDribbles": {
			"mean": 1.2098660846340028,
			"stdDev": 0.701257610081556
		},
		"padjSuccDribbles": {
			"mean": 3.1632707270286513,
			"stdDev": 1.5560090213524014
		},
		"dribbleSuccRate": {
			"mean": 54.59281744108814,
			"stdDev": 12.839662905143042
		},
		"turnovers": {
			"mean": 4.4138438315054955,
			"stdDev": 1.335560885448693
		},
		"padjTurnovers": {
			"mean": 12.086890187681309,
			"stdDev": 3.9435360042202277
		},
		"succPressures": {
			"mean": 4.22286313406772,
			"stdDev": 1.3560865192183307
		},
		"padjSuccPressures_att": {
			"mean": 4.502255612568831,
			"stdDev": 1.727262095311662
		}
	},
	"AM": {
		"npg": {
			"mean": 0.19867841895743177,
			"stdDev": 0.1500640300367554
		},
		"npxg": {
			"mean": 0.18901338305422494,
			"stdDev": 0.11695080025639973
		},
		"npxgPerShot": {
			"mean": 0.09338557604356336,
			"stdDev": 0.03727684371539386
		},
		"xa": {
			"mean": 0.15588433421493939,
			"stdDev": 0.08431727551991738
		},
		"padjXA": {
			"mean": 0.29923874092875724,
			"stdDev": 0.13685051726691394
		},
		"sca": {
			"mean": 2.8350031967619107,
			"stdDev": 0.9940214354015245
		},
		"padjSCA": {
			"mean": 5.5334001569180895,
			"stdDev": 1.6341095886290447
		},
		"ppa": {
			"mean": 1.257790067872104,
			"stdDev": 0.609109358966026
		},
		"padjPPA": {
			"mean": 2.4183590894235367,
			"stdDev": 0.9390013912479315
		},
		"progDistance": {
			"mean": 253.00448709950984,
			"stdDev": 83.29216980858952
		},
		"padjProgDistance": {
			"mean": 485.5415603712872,
			"stdDev": 102.44007202384921
		},
		"passSuccRate": {
			"mean": 73.85814576215328,
			"stdDev": 10.039241010184
		},
		"succDribbles": {
			"mean": 1.8990944277842583,
			"stdDev": 1.0625204638861598
		},
		"padjSuccDribbles": {
			"mean": 3.7615978548270617,
			"stdDev": 2.0539668119045125
		},
		"dribbleSuccRate": {
			"mean": 56.22483341478526,
			"stdDev": 11.965990206749908
		},
		"turnovers": {
			"mean": 3.9209391916011525,
			"stdDev": 1.320588640487369
		},
		"padjTurnovers": {
			"mean": 7.967196276143005,
			"stdDev": 3.1662390093487813
		},
		"succPressures": {
			"mean": 4.808241947039561,
			"stdDev": 1.5461367437192735
		},
		"padjSuccPressures": {
			"mean": 5.184580975440603,
			"stdDev": 1.9818225101841664
		}
	},
	"CM": {
		"xa": {
			"mean": 0.08017944177735983,
			"stdDev": 0.06577744319810423
		},
		"padjXA": {
			"mean": 0.12736894456595085,
			"stdDev": 0.09687415454696023
		},
		"sca": {
			"mean": 1.8521170682986428,
			"stdDev": 0.8640021929259
		},
		"padjSCA": {
			"mean": 3.0037918085525024,
			"stdDev": 1.29899328523192
		},
		"pft": {
			"mean": 4.050524568527767,
			"stdDev": 1.7248130508037662
		},
		"padjPFT": {
			"mean": 6.37076611755101,
			"stdDev": 1.8083386812378048
		},
		"progDistance": {
			"mean": 307.7562750353606,
			"stdDev": 111.03707518581106
		},
		"padjProgDistance": {
			"mean": 488.6076496488829,
			"stdDev": 112.84623897774117
		},
		"passSuccRate": {
			"mean": 80.64478302295502,
			"stdDev": 12.874756283952372
		},
		"succDribbles": {
			"mean": 1.0553960538340452,
			"stdDev": 0.6736625481554535
		},
		"padjSuccDribbles": {
			"mean": 1.736069773130812,
			"stdDev": 1.1182148314252285
		},
		"dribbleSuccRate": {
			"mean": 66.96431119122788,
			"stdDev": 15.419544894859365
		},
		"turnovers": {
			"mean": 1.9982671386518547,
			"stdDev": 0.9447023813844727
		},
		"padjTurnovers": {
			"mean": 3.378724715391329,
			"stdDev": 1.830259066675613
		},
		"succPressures": {
			"mean": 5.62522983083723,
			"stdDev": 1.4982393747523362
		},
		"padjSuccPressures": {
			"mean": 5.9853873894556955,
			"stdDev": 2.1446102593936742
		},
		"interceptions": {
			"mean": 0.8734645796177092,
			"stdDev": 0.3714689622254139
		},
		"padjInterceptions": {
			"mean": 0.917826622093153,
			"stdDev": 0.4262857621297579
		},
		"succTackles": {
			"mean": 2.264227599772408,
			"stdDev": 0.7889315085739853
		},
		"padjSuccTackles": {
			"mean": 2.396242597967393,
			"stdDev": 0.9871649667115862
		},
		"dribbleTackleRate": {
			"mean": 30.36961372399614,
			"stdDev": 9.084412459213192
		}
	},
	"FB": {
		"xa": {
			"mean": 0.08422079498458726,
			"stdDev": 0.05113358254224744
		},
		"padjXA": {
			"mean": 0.1278275878398859,
			"stdDev": 0.07667250207399348
		},
		"pft": {
			"mean": 2.8276373538848607,
			"stdDev": 1.1659245878676627
		},
		"padjPFT": {
			"mean": 4.221802486370747,
			"stdDev": 1.3077449839854236
		},
		"progDistance": {
			"mean": 403.22281601056625,
			"stdDev": 103.1311923059229
		},
		"padjProgDistance": {
			"mean": 611.210373281253,
			"stdDev": 112.73115218896604
		},
		"passSuccRate": {
			"mean": 75.77169606381878,
			"stdDev": 12.109836358912732
		},
		"succDribbles": {
			"mean": 0.976444417855975,
			"stdDev": 0.6148781949601186
		},
		"padjSuccDribbles": {
			"mean": 1.4938533420733542,
			"stdDev": 0.9239640195805473
		},
		"dribbleSuccRate": {
			"mean": 57.22110670983536,
			"stdDev": 14.193296118147115
		},
		"turnovers": {
			"mean": 1.670595385473534,
			"stdDev": 0.7091359979663316
		},
		"padjTurnovers": {
			"mean": 2.6012065372243542,
			"stdDev": 1.2033098705467349
		},
		"succPressures": {
			"mean": 4.02836057437239,
			"stdDev": 1.1837341541541102
		},
		"padjSuccPressures": {
			"mean": 4.305773691396324,
			"stdDev": 1.6480384120812515
		},
		"interceptions": {
			"mean": 0.8562470123432031,
			"stdDev": 0.35005916091675415
		},
		"padjInterceptions": {
			"mean": 0.9012421306022091,
			"stdDev": 0.40778364223298647
		},
		"succTackles": {
			"mean": 2.1679883321401077,
			"stdDev": 0.8051785642467799
		},
		"padjSuccTackles": {
			"mean": 2.3007514102687643,
			"stdDev": 0.9958937385194623
		},
		"dribbleTackleRate": {
			"mean": 42.53191071795699,
			"stdDev": 11.482296441205046
		},
		"aerialSuccRate": {
			"mean": 49.84065869478944,
			"stdDev": 14.074722566342436
		}
	},
	"CB": {
		"pft": {
			"mean": 2.633861949730431,
			"stdDev": 1.4140425407026127
		},
		"padjPFT": {
			"mean": 4.173570923709539,
			"stdDev": 1.6832096570619821
		},
		"progDistance": {
			"mean": 402.0452387279583,
			"stdDev": 144.97530368751362
		},
		"padjProgDistance": {
			"mean": 647.3959731005888,
			"stdDev": 160.74519304605636
		},
		"passSuccRate": {
			"mean": 81.48931563916243,
			"stdDev": 17.384798197296483
		},
		"longPassSuccRate": {
			"mean": 66.82564456712751,
			"stdDev": 16.434008242358534
		},
		"succPressures": {
			"mean": 2.9730379103474065,
			"stdDev": 1.1189006763341678
		},
		"padjSuccPressures_def": {
			"mean": 3.114194243473505,
			"stdDev": 1.395285275942001
		},
		"interceptions": {
			"mean": 0.860620294576378,
			"stdDev": 0.3676582292777974
		},
		"padjInterceptions_def": {
			"mean": 0.8896533421044766,
			"stdDev": 0.4131174694946423
		},
		"succTackles": {
			"mean": 1.5526635883518036,
			"stdDev": 0.6450816163608354
		},
		"padjSuccTackles_def": {
			"mean": 1.6263428852544926,
			"stdDev": 0.7671647093577796
		},
		"dribbleTackleRate": {
			"mean": 45.10926644573097,
			"stdDev": 14.457210611057704
		},
		"fouls": {
			"mean": 0.9470109970585517,