{
	"FW": {
		"npg": {
			"mean": 0.3629312912021095,
			"stdDev": 0.18676401944568186
		},
		"npxg": {
			"mean": 0.348129734415886,
			"stdDev": 0.1342366578310733
		},
		"npxgPerShot": {
			"mean": 0.13581841655405888,
			"stdDev": 0.03464515402117208
		},
		"succAerials": {
			"mean": 2.4877667117292446,
			"stdDev": 1.9077809808986417
		},
		"aerialSuccRate": {
			"mean": 37.53807180811336,
			"stdDev": 11.2333738969092
		},
		"boxTouches": {
			"mean": 5.195004889115317,
			"stdDev": 1.377580769061218
		},
		"padjBoxTouches": {
			"mean": 14.259859800571066,
			"stdDev": 3.7872756412713326
		},
		"xa": {
			"mean": 0.12130162825129348,
			"stdDev": 0.07225654543964592
		},
		"padjXA": {
			"mean": 0.32097864088796785,
			"stdDev": 0.16096916831606445
		},
		"ppr": {
			"mean": 9.773829779174312,
			"stdDev": 1.997640484488362
		},
		"padjPPR": {
			"mean": 26.677440271548463,
			"stdDev": 4.771703903551985
		},
		"epa": {
			"mean": 1.4001364602451682,
			"stdDev": 0.8258054170007364
		},
		"padjEPA": {
			"mean": 3.6505086180102775,
			"stdDev": 1.6251103559392885
		},
		"succDribbles": {
			"mean": 1.2159155474478593,
			"stdDev": 0.6814002052459738
		},
		"padjSuccDribbles": {
			"mean": 3.207300724769419,
			"stdDev": 1.5134743724096644
		},
		"turnovers": {
			"mean": 5.453675036789039,
			"stdDev": 1.4659448251683895
		},
		"padjTurnovers": {
			"mean": 14.92102012804042,
			"stdDev": 3.9551685090634527
		},
		"succPressures": {
			"mean": 4.388347353866658,
			"stdDev": 1.205744626739355
		},
		"padjSuccPressures_att": {
			"mean": 4.54124469226391,
			"stdDev": 1.5747976318902293
		}
	},
	"AM": {
		"npg": {
			"mean": 0.2040374774186623,
			"stdDev": 0.14392952765079714
		},
		"npxg": {
			"mean": 0.19152446785788968,
			"stdDev": 0.10661520817138193
		},
		"npxgPerShot": {
			"mean": 0.09576901565703438,
			"stdDev": 0.03538640092423826
		},
		"xa": {
			"mean": 0.160967705440202,
			"stdDev": 0.0831489086340684
		},
		"padjXA": {
			"mean": 0.30979704174743605,
			"stdDev": 0.13451399465480646
		},
		"sca": {
			"mean": 2.817690430056727,
			"stdDev": 0.874689976508643
		},
		"padjSCA": {
			"mean": 5.5341130089114605,
			"stdDev": 1.4365452299989383
		},
		"epa": {
			"mean": 2.1874177592892114,
			"stdDev": 0.931053023752157
		},
		"padjEPA": {
			"mean": 4.298106608270626,
			"stdDev": 1.6440366886990176
		},
		"progPasses": {
			"mean": 3.30563803488199,
			"stdDev": 1.3239995514128027
		},
		"padjProgPasses": {
			"mean": 6.309788615111163,
			"stdDev": 1.676416040313804
		},
		"progCarries": {
			"mean": 6.135437066516887,
			"stdDev": 2.2542300532320567
		},
		"padjProgCarries": {
			"mean": 11.978323904281911,
			"stdDev": 3.5760369049761875
		},
		"passSuccRate": {
			"mean": 74.25721763694601,
			"stdDev": 6.321500605649961
		},
		"succDribbles": {
			"mean": 1.8965032909929116,
			"stdDev": 0.9878922756881883
		},
		"padjSuccDribbles": {
			"mean": 3.781644822170768,
			"stdDev": 1.9533816603754868
		},
		"turnovers": {
			"mean": 5.322966269567792,
			"stdDev": 1.7095072126906834
		},
		"padjTurnovers": {
			"mean": 10.842442243490057,
			"stdDev": 4.102786693191908
		},
		"succPressures": {
			"mean": 4.882229611718145,
			"stdDev": 1.299179995569632
		},
		"padjSuccPressures": {
			"mean": 5.24553793556657,
			"stdDev": 1.7902149637994123
		}
	},
	"CM": {
		"xa": {
			"mean": 0.0807680457952834,
			"stdDev": 0.06386881025790721
		},
		"padjXA": {
			"mean": 0.1280250101525737,
			"stdDev": 0.09305360440306629
		},
		"sca": {
			"mean": 1.8790288255127936,
			"stdDev": 0.8116830761830395
		},
		"padjSCA": {
			"mean": 3.0458979298914257,
			"stdDev": 1.1865487263073249
		},
		"eft": {
			"mean": 5.438773314302674,
			"stdDev": 2.0781504305476868
		},
		"padjEFT": {
			"mean": 8.604775799003624,
			"stdDev": 1.9862059257964852
		},
		"progPasses": {
			"mean": 4.115046612090624,
			"stdDev": 1.4655545088325328
		},
		"padjProgPasses": {
			"mean": 6.5721144709510435,
			"stdDev": 1.5377205549916535
		},
		"progCarries": {
			"mean": 4.242912374190591,
			"stdDev": 2.0328899302442864
		},
		"padjProgCarries": {
			"mean": 6.75505423005272,
			"stdDev": 2.6759833855440576
		},
		"passSuccRate": {
			"mean": 82.29992850258967,
			"stdDev": 5.235552919080329
		},
		"succDribbles": {
			"mean": 1.0772808545350891,
			"stdDev": 0.6329746236142312
		},
		"padjSuccDribbles": {
			"mean": 1.7664831709604973,
			"stdDev": 1.0345492432493075
		},
		"turnovers": {
			"mean": 2.533717422085043,
			"stdDev": 1.1686705741785608
		},
		"padjTurnovers": {
			"mean": 4.266926447021419,
			"stdDev": 2.197045251629644
		},
		"succPressures": {
			"mean": 5.785007720070696,
			"stdDev": 1.3091475799161274
		},
		"padjSuccPressures": {
			"mean": 6.097183524831674,
			"stdDev": 2.021413357000898
		},
		"interceptions": {
			"mean": 0.9176096657452176,
			"stdDev": 0.35616842627338524
		},
		"padjInterceptions": {
			"mean": 0.9513805076587266,
			"stdDev": 0.4089880877267193
		},
		"succTackles": {
			"mean": 2.334376601636257,
			"stdDev": 0.7283892109248989
		},
		"padjSuccTackles": {
			"mean": 2.4497652618314163,
			"stdDev": 0.9516021532794199
		},
		"dribbleTackleRate": {
			"mean": 31.075463117244023,
			"stdDev": 7.805562513134442
		}
	},
	"FB": {
		"xa": {
			"mean": 0.08555934456976769,
			"stdDev": 0.04837684743836249
		},
		"padjXA": {
			"mean": 0.1300715113534943,
			"stdDev": 0.073457939480239
		},
		"eft": {
			"mean": 4.662704170433041,
			"stdDev": 1.4861367608218339
		},
		"padjEFT": {
			"mean": 6.968666282205998,
			"stdDev": 1.3927356822943229
		},
		"progPasses": {
			"mean": 3.9565778656033928,
			"stdDev": 1.2521473670940113
		},
		"padjProgPasses": {
			"mean": 5.934963173471875,
			"stdDev": 1.3488779532135602
		},
		"progCarries": {
			"mean": 5.068888510200258,
			"stdDev": 1.8405060146028087
		},
		"padjProgCarries": {
			"mean": 7.597628396962128,
			"stdDev": 2.221648178817588
		},
		"passSuccRate": {
			"mean": 77.28843886723341,
			"stdDev": 5.828911852610511
		},
		"succDribbles": {
			"mean": 0.9910267609506032,
			"stdDev": 0.6011271938348142
		},
		"padjSuccDribbles": {
			"mean": 1.510804146715353,
			"stdDev": 0.8972171784875782
		},
		"turnovers": {
			"mean": 2.377612149828295,
			"stdDev": 0.9799006077952007
		},
		"padjTurnovers": {
			"mean": 3.6774674890322157,
			"stdDev": 1.6109303261362455
		},
		"succPressures": {
			"mean": 4.127216676578972,
			"stdDev": 1.043581940475693
		},
		"padjSuccPressures": {
			"mean": 4.377342293866457,
			"stdDev": 1.5327211325136756
		},
		"interceptions": {
			"mean": 0.8805804892610452,
			"stdDev": 0.32919217685109897
		},
		"padjInterceptions": {
			"mean": 0.9212139538314708,
			"stdDev": 0.3875125120895255
		},
		"succTackles": {
			"mean": 2.2014468704691432,
			"stdDev": 0.7265643915005693
		},
		"padjSuccTackles": {
			"mean": 2.322087937168759,
			"stdDev": 0.931204098793998
		},
		"dribbleTackleRate": {
			"mean": 43.42831103436989,
			"stdDev": 9.851095111352342
		},
		"aerialSuccRate": {
			"mean": 50.92376144483837,
			"stdDev": 12.123879385540151
		}
	},
	"CB": {
		"eft": {
			"mean": 3.2024336506077065,
			"stdDev": 1.5756221444514593
		},
		"padjEFT": {
			"mean": 5.046980147710324,
			"stdDev": 1.7995126417412481
		},
		"progPasses": {
			"mean": 2.673803652512793,
			"stdDev": 1.0922203195719957
		},
		"padjProgPasses": {
			"mean": 4.279864218195997,
			"stdDev": 1.3494472695214033
		},
		"progCarries": {
			"mean": 2.6696447243377013,
			"stdDev": 1.5560732005715172
		},
		"padjProgCarries": {
			"mean": 4.14219428953825,
			"stdDev": 1.8122262952523496
		},
		"passSuccRate": {
			"mean": 84.85983023130018,
			"stdDev": 5.728814438865102
		},
		"longPassSuccRate": {
			"mean": 69.79837836077613,
			"stdDev": 9.574564249385388
		},
		"succPressures": {
			"mean": 3.1161375578636874,
			"stdDev": 0.9498374201688746
		},
		"padjSuccPressures_def": {
			"mean": 3.261016413900315,
			"stdDev": 1.2588254901689981
		},