{
	"FW": {
		"npg": {
			"mean": 0.3631913576378096,
			"stdDev": 0.1877711729497617
		},
		"npxg": {
			"mean": 0.3488513083543445,
			"stdDev": 0.13458821202469126
		},
		"npxgPerShot": {
			"mean": 0.13595619168375261,
			"stdDev": 0.03462934802438697
		},
		"succAerials": {
			"mean": 2.4667429455077117,
			"stdDev": 1.8865172629546203
		},
		"aerialSuccRate": {
			"mean": 37.524422614547795,
			"stdDev": 11.224146055910884
		},
		"boxTouches": {
			"mean": 5.1933031324457355,
			"stdDev": 1.3873517736960654
		},
		"padjBoxTouches": {
			"mean": 14.25665346927977,
			"stdDev": 3.811332644725736
		},
		"xa": {
			"mean": 0.12196061424686266,
			"stdDev": 0.0725579943709407
		},
		"padjXA": {
			"mean": 0.32259467983647216,
			"stdDev": 0.16146462964080902
		},
		"ppa": {
			"mean": 0.7115308020705118,
			"stdDev": 0.4826595964395238
		},
		"padjPPA": {
			"mean": 1.810696585436226,
			"stdDev": 0.8880129374889031
		},
		"succDribbles": {
			"mean": 1.2176598522348057,
			"stdDev": 0.6852971096651236
		},
		"padjSuccDribbles": {
			"mean": 3.210500881011481,
			"stdDev": 1.5212914826148478
		},
		"dribbleSuccRate": {
			"mean": 55.919888444156975,
			"stdDev": 10.159175891988022
		},
		"turnovers": {
			"mean": 4.491748460432844,
			"stdDev": 1.1788330167199077
		},
		"padjTurnovers": {
			"mean": 12.364939446139594,
			"stdDev": 3.4460561832802905
		},
		"succPressures": {
			"mean": 4.3838430939868775,
			"stdDev": 1.2076975899162352
		},
		"padjSuccPressures_att": {
			"mean": 4.535317073070901,
			"stdDev": 1.5828124544161402
		}
	},
	"AM": {
		"npg": {
			"mean": 0.20569788942328474,
			"stdDev": 0.1452149251636866
		},
		"npxg": {
			"mean": 0.19261231254325883,
			"stdDev": 0.10713086320681629
		},
		"npxgPerShot": {
			"mean": 0.096203418082943,
			"stdDev": 0.03537680139785437
		},
		"xa": {
			"mean": 0.16147537901901365,
			"stdDev": 0.08324611913604633
		},
		"padjXA": {
			"mean": 0.31176136155466405,
			"stdDev": 0.13475964947316238
		},
		"sca": {
			"mean": 2.813626239498473,
			"stdDev": 0.8677946283523289
		},
		"padjSCA": {
			"mean": 5.542472329469665,
			"stdDev": 1.4220845984542279
		},
		"ppa": {
			"mean": 1.2828814928970387,
			"stdDev": 0.5823909468137065
		},
		"padjPPA": {
			"mean": 2.4815309749925025,
			"stdDev": 0.8752099216117102
		},
		"progDistance": {
			"mean": 253.63846926381768,
			"stdDev": 78.60081758531457
		},
		"padjProgDistance": {
			"mean": 490.63724162345625,
			"stdDev": 88.35244413694916
		},
		"passSuccRate": {
			"mean": 74.13854632111206,
			"stdDev": 6.319509532274429
		},
		"succDribbles": {
			"mean": 1.8963781174541405,
			"stdDev": 0.9966872042623495
		},
		"padjSuccDribbles": {
			"mean": 3.787911125035438,
			"stdDev": 1.9681822981360637
		},
		"dribbleSuccRate": {
			"mean": 57.16073846480049,
			"stdDev": 8.997011103368438
		},
		"turnovers": {
			"mean": 3.9719591085324626,
			"stdDev": 1.2169889452620137
		},
		"padjTurnovers": {
			"mean": 8.13144522476674,
			"stdDev": 3.032296896200605
		},
		"succPressures": {
			"mean": 4.905271606059699,
			"stdDev": 1.2912949776492184
		},
		"padjSuccPressures": {
			"mean": 5.279024728501651,
			"stdDev": 1.8023372743273023
		}
	},
	"CM": {
		"xa": {
			"mean": 0.08037114101286698,
			"stdDev": 0.06371942255900158
		},
		"padjXA": {
			"mean": 0.1273160283186274,
			"stdDev": 0.09290743409153682
		},
		"sca": {
			"mean": 1.8859630822102231,
			"stdDev": 0.8032716442271742
		},
		"padjSCA": {
			"mean": 3.0529331873011167,
			"stdDev": 1.175454416666044
		},
		"pft": {
			"mean": 4.140097377286051,
			"stdDev": 1.6264083937537823
		},
		"padjPFT": {
			"mean": 6.512267473083585,
			"stdDev": 1.5222818499050035
		},
		"progDistance": {
			"mean": 313.89069659300276,
			"stdDev": 100.69153493424363
		},
		"padjProgDistance": {
			"mean": 498.39156249991345,
			"stdDev": 84.17066781961603
		},
		"passSuccRate": {
			"mean": 82.3624987030748,
			"stdDev": 5.2351686498107
		},
		"succDribbles": {
			"mean": 1.0773609151427068,
			"stdDev": 0.6335730366959106
		},
		"padjSuccDribbles": {
			"mean": 1.764519761531781,
			"stdDev": 1.0385367756043802
		},
		"dribbleSuccRate": {
			"mean": 68.89243294913632,
			"stdDev": 11.270439887423223
		},
		"turnovers": {
			"mean": 2.0282610691670544,
			"stdDev": 0.899597375254088
		},
		"padjTurnovers": {
			"mean": 3.4130313749073204,
			"stdDev": 1.7124385167518554
		},
		"succPressures": {
			"mean": 5.78414815794321,
			"stdDev": 1.30575722001592
		},
		"padjSuccPressures": {
			"mean": 6.113961684285661,
			"stdDev": 2.0223754900748387
		},
		"interceptions": {
			"mean": 0.9236821965314719,
			"stdDev": 0.36264689806286976
		},
		"padjInterceptions": {
			"mean": 0.9628784870477536,
			"stdDev": 0.4272356151302897
		},
		"succTackles": {
			"mean": 2.334549560975319,
			"stdDev": 0.7255417701192229
		},
		"padjSuccTackles": {
			"mean": 2.4572483944795716,
			"stdDev": 0.9498968796215619
		},
		"dribbleTackleRate": {
			"mean": 31.091181626651494,
			"stdDev": 7.785720098979965
		}
	},
	"FB": {
		"xa": {
			"mean": 0.08467230030761164,
			"stdDev": 0.04793278060636929
		},
		"padjXA": {
			"mean": 0.12893346812322437,
			"stdDev": 0.0728607448570878
		},
		"pft": {
			"mean": 2.911479677974699,
			"stdDev": 1.1003724382410984
		},
		"padjPFT": {
			"mean": 4.34676356918449,
			"stdDev": 1.167868504486753
		},
		"progDistance": {
			"mean": 413.8474470332044,
			"stdDev": 86.36877442751383
		},
		"padjProgDistance": {
			"mean": 627.4683126542678,
			"stdDev": 75.01856512631076
		},
		"passSuccRate": {
			"mean": 77.23727513074324,
			"stdDev": 5.877127690343406
		},
		"succDribbles": {
			"mean": 0.9769209560819234,
			"stdDev": 0.5926495953159255
		},
		"padjSuccDribbles": {
			"mean": 1.4922089805747631,
			"stdDev": 0.8862058126187723
		},
		"dribbleSuccRate": {
			"mean": 58.16349252359437,
			"stdDev": 11.86251684782652
		},
		"turnovers": {
			"mean": 1.6802410124819982,
			"stdDev": 0.6608201318645174
		},
		"padjTurnovers": {
			"mean": 2.605909867918416,
			"stdDev": 1.0973665219699624
		},
		"succPressures": {
			"mean": 4.116545234783024,
			"stdDev": 1.0320402114482872
		},
		"padjSuccPressures": {
			"mean": 4.3587481368459295,
			"stdDev": 1.538879276051668
		},
		"interceptions": {
			"mean": 0.8792779592254854,
			"stdDev": 0.3313459923904805
		},
		"padjInterceptions": {
			"mean": 0.9175343056707177,
			"stdDev": 0.3907651569443581
		},
		"succTackles": {
			"mean": 2.198459160083868,
			"stdDev": 0.7089216006428561
		},
		"padjSuccTackles": {
			"mean": 2.3148589066550405,
			"stdDev": 0.9236254761350166
		},
		"dribbleTackleRate": {
			"mean": 43.53596228724338,
			"stdDev": 9.81891965623987
		},
		"aerialSuccRate": {
			"mean": 51.0926554535518,
			"stdDev": 12.04220740586699
		}
	},
	"CB": {
		"pft": {
			"mean": 2.7572012592430593,
			"stdDev": 1.3253479391655494
		},
		"padjPFT": {
			"mean": 4.343302982910762,
			"stdDev": 1.4722219545118853
		},
		"progDistance": {
			"mean": 423.80212457098514,
			"stdDev": 124.04396273614098
		},
		"padjProgDistance": {
			"mean": 677.2483464531327,
			"stdDev": 96.51459023609476
		},
		"passSuccRate": {
			"mean": 84.89268489824055,
			"stdDev": 5.706700055317053
		},
		"longPassSuccRate": {
			"mean": 69.79949785124948,
			"stdDev": 9.504106811177465
		},
		"succPressures": {
			"mean": 3.1162329706837735,
			"stdDev": 0.945551501910373
		},
		"padjSuccPressures_def": {
			"mean": 3.260798032248858,
			"stdDev": 1.2508804220552536
		},
		"interceptions": {
			"mean": 0.9064746681511954,
			"stdDev": 0.33404860595579045
		},
		"padjInterceptions_def": {
			"mean": 0.9386715826560995,
			"stdDev": 0.39324406409396295
		},
		"succTackles": {
			"mean": 1.6228771284733143,
			"stdDev": 0.5581046986387518
		},
		"padjSuccTackles_def": {
			"mean": 1.6986092072715846,
			"stdDev": 0.6941235109201572
		},
		"dribbleTackleRate": {
			"mean": 46.62348392857864,
			"stdDev": 11.413386501118897
		},
		"fouls": {
			"mean": 0.9770258952573568,