{
	"FW": {
		"npg": {
			"mean": 0.4027919041673778,
			"stdDev": 0.2770578117534962
		},
		"npxg": {
			"mean": 0.3736474231604881,
			"stdDev": 0.17238227768712105
		},
		"npxgPerShot": {
			"mean": 0.14718330769430113,
			"stdDev": 0.04869112033177364
		},
		"succAerials": {
			"mean": 2.536931005874044,
			"stdDev": 2.037733105976981
		},
		"aerialSuccRate": {
			"mean": 39.77766045181498,
			"stdDev": 14.098120608983406
		},
		"boxTouches": {
			"mean": 5.0702532761152215,
			"stdDev": 1.464141238417385
		},
		"padjBoxTouches": {
			"mean": 14.460099311120494,
			"stdDev": 4.578491860826329
		},
		"xa": {
			"mean": 0.12488512078765726,
			"stdDev": 0.09502668065031862
		},
		"padjXA": {
			"mean": 0.3405486567180942,
			"stdDev": 0.2395762408020011
		},
		"ppa": {
			"mean": 0.6127926409554352,
			"stdDev": 0.4484237617818182
		},
		"padjPPA": {
			"mean": 1.6227477603551337,
			"stdDev": 1.0113832167346757
		},
		"succDribbles": {
			"mean": 1.1073125175320244,
			"stdDev": 0.6639260647810079
		},
		"padjSuccDribbles": {
			"mean": 3.020915677847895,
			"stdDev": 1.629307035596929
		},
		"dribbleSuccRate": {
			"mean": 55.848604474287065,
			"stdDev": 15.86407829052886
		},
		"turnovers": {
			"mean": 4.362989897950238,
			"stdDev": 1.3522725850343165
		},
		"padjTurnovers": {
			"mean": 12.268308730596804,
			"stdDev": 3.5298860573260478
		},
		"succPressures": {
			"mean": 3.7150453424106487,
			"stdDev": 1.282856487554637
		},
		"padjSuccPressures": {
			"mean": 3.4253128543630185,
			"stdDev": 1.4313159008866385
		}
	},
	"AM": {
		"npg": {
			"mean": 0.22000782937595476,
			"stdDev": 0.1828996632210053
		},
		"npxg": {
			"mean": 0.20810005601409387,
			"stdDev": 0.12348752308910996
		},
		"npxgPerShot": {
			"mean": 0.10601062699513204,
			"stdDev": 0.0493714076492831
		},
		"xa": {
			"mean": 0.17667679645213633,
			"stdDev": 0.10061808224107247
		},
		"padjXA": {
			"mean": 0.3431979832928181,
			"stdDev": 0.18227770159412263
		},
		"sca": {
			"mean": 2.8031745043073872,
			"stdDev": 0.9286113395830512
		},
		"padjSCA": {
			"mean": 5.533955246996834,
			"stdDev": 1.681488191066591
		},
		"ppa": {
			"mean": 1.3670879952160961,
			"stdDev": 0.7077127390180009
		},
		"padjPPA": {
			"mean": 2.6388262068091333,
			"stdDev": 1.0727138436685273
		},
		"progDistance": {
			"mean": 279.09900739129523,
			"stdDev": 82.59972678321817
		},
		"padjProgDistance": {
			"mean": 542.4218749531752,
			"stdDev": 95.36654689227004
		},
		"passSuccRate": {
			"mean": 73.65600811310922,
			"stdDev": 6.307132302426828
		},
		"succDribbles": {
			"mean": 1.7480023521184402,
			"stdDev": 0.8839105065800782
		},
		"padjSuccDribbles": {
			"mean": 3.453877043820233,
			"stdDev": 1.6645830673152346
		},
		"dribbleSuccRate": {
			"mean": 58.24342035450902,
			"stdDev": 11.493801178713978
		},
		"turnovers": {
			"mean": 4.066675277214803,
			"stdDev": 1.2672804979502061
		},
		"padjTurnovers": {
			"mean": 8.260762594818855,
			"stdDev": 3.0170247033368454
		},
		"succPressures": {
			"mean": 4.471519272176456,
			"stdDev": 1.3997711550281424
		},
		"padjSuccPressures": {
			"mean": 4.553140471952362,
			"stdDev": 2.1004359603974407
		}
	},
	"CM": {
		"xa": {
			"mean": 0.0776172570933928,
			"stdDev": 0.07125838748443668
		},
		"padjXA": {
			"mean": 0.12212867587121021,
			"stdDev": 0.10810774650856946
		},
		"sca": {
			"mean": 1.7500961299668634,
			"stdDev": 0.8184964954790436
		},
		"padjSCA": {
			"mean": 2.795701493722558,
			"stdDev": 1.1869506943271004
		},
		"pft": {
			"mean": 4.366817227350358,
			"stdDev": 2.032720340657344
		},
		"padjPFT": {
			"mean": 6.702396204114809,
			"stdDev": 1.96026277802261
		},
		"progDistance": {
			"mean": 321.64524432479436,
			"stdDev": 114.90177970762184
		},
		"padjProgDistance": {
			"mean": 501.16944165894904,
			"stdDev": 92.66436583012378
		},
		"passSuccRate": {
			"mean": 83.26593154348265,
			"stdDev": 5.554133412461269
		},
		"succDribbles": {
			"mean": 0.9330863518376558,
			"stdDev": 0.6196950208210371
		},
		"padjSuccDribbles": {
			"mean": 1.534563569588228,
			"stdDev": 1.0447629938976357
		},
		"dribbleSuccRate": {
			"mean": 68.19084983785083,
			"stdDev": 17.8971864882359
		},
		"turnovers": {
			"mean": 1.8427498847707302,
			"stdDev": 0.9343856646947813
		},
		"padjTurnovers": {
			"mean": 3.0826198334481276,
			"stdDev": 1.7515062248930477
		},
		"succPressures": {
			"mean": 5.36284036312727,
			"stdDev": 1.371944142198012
		},
		"padjSuccPressures": {
			"mean": 5.364691952054713,
			"stdDev": 2.2375450736692244
		},
		"interceptions": {
			"mean": 0.9084164318915048,
			"stdDev": 0.4422573412676797
		},
		"padjInterceptions": {
			"mean": 0.9057717485524907,
			"stdDev": 0.522490116011625
		},
		"succTackles": {
			"mean": 2.34616121894519,
			"stdDev": 0.9091083668365354
		},
		"padjSuccTackles": {
			"mean": 2.339976133835516,
			"stdDev": 1.1895548436183945
		},
		"dribbleTackleRate": {
			"mean": 31.61433149212222,
			"stdDev": 12.964665543930114
		}
	},
	"FB": {
		"xa": {
			"mean": 0.09500381377551798,
			"stdDev": 0.07107455876060732
		},
		"padjXA": {
			"mean": 0.14166719827869312,
			"stdDev": 0.10235546323330998
		},
		"pft": {
			"mean": 2.841670702027884,
			"stdDev": 1.1659242004826864
		},
		"padjPFT": {
			"mean": 4.217469329235259,
			"stdDev": 1.3262399998186671
		},
		"progDistance": {
			"mean": 422.6516847512635,
			"stdDev": 92.69930534058108
		},
		"padjProgDistance": {
			"mean": 637.2446655733419,
			"stdDev": 84.12376339266557
		},
		"passSuccRate": {
			"mean": 77.1553269934853,
			"stdDev": 5.517644272817433
		},
		"succDribbles": {
			"mean": 0.9125172978938402,
			"stdDev": 0.573834287609617
		},
		"padjSuccDribbles": {
			"mean": 1.3880821705641515,
			"stdDev": 0.8731010881111056
		},
		"dribbleSuccRate": {
			"mean": 60.589619336383855,
			"stdDev": 18.01684719142639
		},
		"turnovers": {
			"mean": 1.6547914626624698,
			"stdDev": 0.7019351941971618
		},
		"padjTurnovers": {
			"mean": 2.545527582116161,
			"stdDev": 1.1339862561587832
		},
		"succPressures": {
			"mean": 3.8229647168816174,
			"stdDev": 1.0439106758894245
		},
		"padjSuccPressures": {
			"mean": 3.805242433013664,
			"stdDev": 1.6862842797557387
		},
		"interceptions": {
			"mean": 0.7998221110570327,
			"stdDev": 0.42144798785079823
		},
		"padjInterceptions": {
			"mean": 0.7795529682991652,
			"stdDev": 0.4730461162288074
		},
		"succTackles": {
			"mean": 2.2100183684617716,
			"stdDev": 0.8389572668560016
		},
		"padjSuccTackles": {
			"mean": 2.1772094115972958,
			"stdDev": 1.1070369277995167
		},
		"dribbleTackleRate": {
			"mean": 43.73459853996384,
			"stdDev": 13.67008474168516
		},
		"aerialSuccRate": {
			"mean": 49.389904551035094,
			"stdDev": 14.653127499872703
		}
	},
	"CB": {
		"pft": {
			"mean": 3.099511774453023,
			"stdDev": 1.6225469343075738
		},
		"padjPFT": {
			"mean": 4.586864081942687,
			"stdDev": 1.8765178541326792
		},
		"progDistance": {
			"mean": 465.75018424446546,
			"stdDev": 140.04014310277668
		},
		"padjProgDistance": {
			"mean": 700.4142725966319,
			"stdDev": 109.31706964400288
		},
		"passSuccRate": {
			"mean": 85.1606475495403,
			"stdDev": 5.397447518779108
		},
		"longPassSuccRate": {
			"mean": 70.14037559099604,
			"stdDev": 9.245218383572746
		},
		"succPressures": {
			"mean": 3.0593809458622356,
			"stdDev": 1.0401380876817783
		},
		"padjSuccPressures": {
			"mean": 3.025010498305783,
			"stdDev": 1.3968078497967664
		},
		"interceptions": {
			"mean": 0.8485568672451326,
			"stdDev": 0.4100532123263535
		},
		"padjInterceptions": {
			"mean": 0.8318837948390916,
			"stdDev": 0.4468084618338985
		},
		"succTackles": {
			"mean": 1.5524306007176494,
			"stdDev": 0.6578202792546828
		},
		"padjSuccTackles": {
			"mean": 1.5266549044967432,
			"stdDev": 0.7960248188942345
		},
		"dribbleTackleRate": {
			"mean": 45.88819240497767,
			"stdDev": 17.60213785855312
		},
		"fouls": {
			"mean": 1.0553609210885528,