{
	"FW": {
		"npg": {
			"mean": 0.3517967965706292,
			"stdDev": 0.18888116490071738
		},
		"npxg": {
			"mean": 0.3433213154230033,
			"stdDev": 0.13829298694414763
		},
		"npxgPerShot": {
			"mean": 0.14272349867295403,
			"stdDev": 0.03748236111900014
		},
		"succAerials": {
			"mean": 2.42927420029936,
			"stdDev": 1.918188311126814
		},
		"aerialSuccRate": {
			"mean": 37.950579261199515,
			"stdDev": 12.256253545205254
		},
		"boxTouches": {
			"mean": 4.982916210297015,
			"stdDev": 1.359769234671221
		},
		"padjBoxTouches": {
			"mean": 13.681856571942781,
			"stdDev": 3.966470316889602
		},
		"xa": {
			"mean": 0.12093711157868253,
			"stdDev": 0.07100996713858389
		},
		"padjXA": {
			"mean": 0.3184811124570715,
			"stdDev": 0.17083652683442777
		},
		"ppa": {
			"mean": 0.709274205080886,
			"stdDev": 0.5219020407819946
		},
		"padjPPA": {
			"mean": 1.7688759263074159,
			"stdDev": 0.9080123657757383
		},
		"succDribbles": {
			"mean": 1.1567338510168943,
			"stdDev": 0.6584235384360381
		},
		"padjSuccDribbles": {
			"mean": 3.0035205698114216,
			"stdDev": 1.36686897819515
		},
		"dribbleSuccRate": {
			"mean": 55.3683040124527,
			"stdDev": 10.986569188479455
		},
		"turnovers": {
			"mean": 4.515380036796559,
			"stdDev": 1.1515083075719152
		},
		"padjTurnovers": {
			"mean": 12.384167376600098,
			"stdDev": 3.3554833713756658
		},
		"succPressures": {
			"mean": 3.8513268826323173,
			"stdDev": 1.1183147798072026
		},
		"padjSuccPressures_att": {
			"mean": 3.9368091084817225,
			"stdDev": 1.4833147605774293
		}
	},
	"AM": {
		"npg": {
			"mean": 0.20533492367000603,
			"stdDev": 0.12923807519211458
		},
		"npxg": {
			"mean": 0.19663720494169273,
			"stdDev": 0.10261246034468399
		},
		"npxgPerShot": {
			"mean": 0.10350271354226592,
			"stdDev": 0.03645766785567928
		},
		"xa": {
			"mean": 0.16655374973796433,
			"stdDev": 0.078224478982821
		},
		"padjXA": {
			"mean": 0.3236903475160279,
			"stdDev": 0.13385525610155977
		},
		"sca": {
			"mean": 2.691807970159298,
			"stdDev": 0.8740300425324815
		},
		"padjSCA": {
			"mean": 5.264866562242613,
			"stdDev": 1.3953779220050668
		},
		"ppa": {
			"mean": 1.3052359806481901,
			"stdDev": 0.618090109997152
		},
		"padjPPA": {
			"mean": 2.4997178905693955,
			"stdDev": 0.8844067473174185
		},
		"progDistance": {
			"mean": 251.2538244086134,
			"stdDev": 77.57213617270624
		},
		"padjProgDistance": {
			"mean": 483.0674157953379,
			"stdDev": 84.57910970055678
		},
		"passSuccRate": {
			"mean": 74.47345243224562,
			"stdDev": 5.952727784975754
		},
		"succDribbles": {
			"mean": 1.8016732313355783,
			"stdDev": 0.9170262605902187
		},
		"padjSuccDribbles": {
			"mean": 3.5698232665167415,
			"stdDev": 1.750900805287627
		},
		"dribbleSuccRate": {
			"mean": 57.00842676888696,
			"stdDev": 8.735054871598965
		},
		"turnovers": {
			"mean": 3.909809121135077,
			"stdDev": 1.1054680505720775
		},
		"padjTurnovers": {
			"mean": 7.918030965917336,
			"stdDev": 2.6689170854140043
		},
		"succPressures": {
			"mean": 4.3864478067250054,
			"stdDev": 1.1841491519522724
		},
		"padjSuccPressures": {
			"mean": 4.738148196825864,
			"stdDev": 1.7551835586514846
		}
	},
	"CM": {
		"xa": {
			"mean": 0.08119341761532724,
			"stdDev": 0.06078262124642348
		},
		"padjXA": {
			"mean": 0.12895792558571126,
			"stdDev": 0.09065383996069937
		},
		"sca": {
			"mean": 1.772101704270339,
			"stdDev": 0.7615934809706507
		},
		"padjSCA": {
			"mean": 2.843443919126235,
			"stdDev": 1.1295884028340946
		},
		"pft": {
			"mean": 4.184282672732111,
			"stdDev": 1.8423455381676748
		},
		"padjPFT": {
			"mean": 6.442734827925374,
			"stdDev": 1.668665524049775
		},
		"progDistance": {
			"mean": 312.7455047624923,
			"stdDev": 106.50274044805336
		},
		"padjProgDistance": {
			"mean": 488.4028690036574,
			"stdDev": 82.00611587540797
		},
		"passSuccRate": {
			"mean": 82.73299029663752,
			"stdDev": 5.495859058082057
		},
		"succDribbles": {
			"mean": 0.9286338626534094,
			"stdDev": 0.5538516846877198
		},
		"padjSuccDribbles": {
			"mean": 1.5214583603476672,
			"stdDev": 0.9235454088894656
		},
		"dribbleSuccRate": {
			"mean": 66.6301495238719,
			"stdDev": 12.20144739563466
		},
		"turnovers": {
			"mean": 2.006986945590857,
			"stdDev": 0.9208004995870513
		},
		"padjTurnovers": {
			"mean": 3.370210901545787,
			"stdDev": 1.794004884957275
		},
		"succPressures": {
			"mean": 5.354390442407331,
			"stdDev": 1.2137591938523689
		},
		"padjSuccPressures": {
			"mean": 5.610225890067576,
			"stdDev": 1.8779453042874328
		},
		"interceptions": {
			"mean": 1.2825520239025008,
			"stdDev": 0.48096543065836134
		},
		"padjInterceptions": {
			"mean": 1.3272496935623275,
			"stdDev": 0.5704483431668073
		},
		"succTackles": {
			"mean": 2.2291144715193085,
			"stdDev": 0.7607648371919684
		},
		"padjSuccTackles": {
			"mean": 2.33185736402996,
			"stdDev": 0.9800970811398326
		},
		"dribbleTackleRate": {
			"mean": 31.602934081741957,
			"stdDev": 8.804938778481857
		}
	},
	"FB": {
		"xa": {
			"mean": 0.0889297393788881,
			"stdDev": 0.05996025268788848
		},
		"padjXA": {
			"mean": 0.13623420789086851,
			"stdDev": 0.09130593818123899
		},
		"pft": {
			"mean": 2.7876823494753267,
			"stdDev": 1.1897543094457614
		},
		"padjPFT": {
			"mean": 4.175579998449675,
			"stdDev": 1.2758061914102792
		},
		"progDistance": {
			"mean": 397.1337688017982,
			"stdDev": 92.24860907780868
		},
		"padjProgDistance": {
			"mean": 605.9975274052251,
			"stdDev": 82.13682381223936
		},
		"passSuccRate": {
			"mean": 77.18381946542205,
			"stdDev": 7.314556670941464
		},
		"succDribbles": {
			"mean": 0.8713672940911558,
			"stdDev": 0.5561509572344355
		},
		"padjSuccDribbles": {
			"mean": 1.3384133116581607,
			"stdDev": 0.8584128921508715
		},
		"dribbleSuccRate": {
			"mean": 57.369109243127184,
			"stdDev": 12.995602866897805
		},
		"turnovers": {
			"mean": 1.6813827430289574,
			"stdDev": 0.6822216619232346
		},
		"padjTurnovers": {
			"mean": 2.640551037604751,
			"stdDev": 1.2243477282502617
		},
		"succPressures": {
			"mean": 3.8273670300618727,
			"stdDev": 0.977079714177662
		},
		"padjSuccPressures": {
			"mean": 4.014974127320373,
			"stdDev": 1.4892292272694865
		},
		"interceptions": {
			"mean": 1.270140649957007,
			"stdDev": 0.4394535703699925
		},
		"padjInterceptions": {
			"mean": 1.3255852249477706,
			"stdDev": 0.5645334758194358
		},
		"succTackles": {
			"mean": 2.0951443539691104,
			"stdDev": 0.6932412695695677
		},
		"padjSuccTackles": {
			"mean": 2.1851496228456626,
			"stdDev": 0.9183629384108707
		},
		"dribbleTackleRate": {
			"mean": 44.898455975358814,
			"stdDev": 9.411822287769995
		},
		"aerialSuccRate": {
			"mean": 50.529135721634916,
			"stdDev": 11.918137643612567
		}
	},
	"CB": {
		"pft": {
			"mean": 3.0714105725308105,
			"stdDev": 1.4269725131892572
		},
		"padjPFT": {
			"mean": 4.581767775593251,
			"stdDev": 1.5435694576089287
		},
		"progDistance": {
			"mean": 448.1484194459168,
			"stdDev": 125.54698575131452
		},
		"padjProgDistance": {
			"mean": 679.2604526672371,
			"stdDev": 95.65344252100651
		},
		"passSuccRate": {
			"mean": 85.29521247111533,
			"stdDev": 5.13145327838563
		},
		"longPassSuccRate": {
			"mean": 69.71325686476888,
			"stdDev": 8.945055308902417
		},
		"succPressures": {
			"mean": 3.2161703041913845,
			"stdDev": 0.9343907676744344
		},
		"padjSuccPressures_def": {
			"mean": 3.32456911117303,
			"stdDev": 1.338146330000566
		},
		"interceptions": {
			"mean": 1.3707907046721022,
			"stdDev": 0.496975695745028
		},
		"padjInterceptions_def": {
			"mean": 1.3980371354934549,
			"stdDev": 0.5697645273976228
		},
		"succTackles": {
			"mean": 1.6008636528119755,
			"stdDev": 0.5728394759460943
		},
		"padjSuccTackles_def": {
			"mean": 1.637642055938645,
			"stdDev": 0.7021804347086715
		},
		"dribbleTackleRate": {
			"mean": 46.304897582845115,
			"stdDev": 11.539697054506652
		},
		"fouls": {
			"mean": 1.0781913743052345,