{
	"FW": {
		"npg": {
			"mean": 0.35605358297825884,
			"stdDev": 0.22934251308266498
		},
		"npxg": {
			"mean": 0.3534751828483954,
			"stdDev": 0.15472016164931404
		},
		"npxgPerShot": {
			"mean": 0.14497553451684173,
			"stdDev": 0.044334704838145125
		},
		"succAerials": {
			"mean": 2.489474626607529,
			"stdDev": 1.8620905231649227
		},
		"aerialSuccRate": {
			"mean": 39.74499370914787,
			"stdDev": 12.90301736432916
		},
		"boxTouches": {
			"mean": 5.022207359355039,
			"stdDev": 1.3244353497514243
		},
		"padjBoxTouches": {
			"mean": 14.243649510583337,
			"stdDev": 4.2598737709270456
		},
		"xa": {
			"mean": 0.12296842831935298,
			"stdDev": 0.07921895974856957
		},
		"padjXA": {
			"mean": 0.3332467068623305,
			"stdDev": 0.19938980021900582
		},
		"ppa": {
			"mean": 0.6136703523565721,
			"stdDev": 0.5535509022492858
		},
		"padjPPA": {
			"mean": 1.5614240368538288,
			"stdDev": 0.9555992412419628
		},
		"succDribbles": {
			"mean": 1.1729816732899698,
			"stdDev": 0.7120044665395677
		},
		"padjSuccDribbles": {
			"mean": 3.1163785974880063,
			"stdDev": 1.489696814360234
		},
		"dribbleSuccRate": {
			"mean": 56.50148845046841,
			"stdDev": 14.731924270994826
		},
		"turnovers": {
			"mean": 4.449516566042871,
			"stdDev": 1.34645923203088
		},
		"padjTurnovers": {
			"mean": 12.529301917976284,
			"stdDev": 3.789049791569925
		},
		"succPressures": {
			"mean": 3.7751645025323852,
			"stdDev": 1.2584017071768818
		},
		"padjSuccPressures": {
			"mean": 3.5113910390354874,
			"stdDev": 1.4260160319029707
		}
	},
	"AM": {
		"npg": {
			"mean": 0.2114220841608126,
			"stdDev": 0.16534868928958468
		},
		"npxg": {
			"mean": 0.20456168976959588,
			"stdDev": 0.11701904624444626
		},
		"npxgPerShot": {
			"mean": 0.10575060380504712,
			"stdDev": 0.04525392391094717
		},
		"xa": {
			"mean": 0.16532670225673524,
			"stdDev": 0.09557857204173506
		},
		"padjXA": {
			"mean": 0.32693595640617434,
			"stdDev": 0.17214083104047695
		},
		"sca": {
			"mean": 2.6884193600439863,
			"stdDev": 0.874284866878153
		},
		"padjSCA": {
			"mean": 5.381077175777335,
			"stdDev": 1.535004641106309
		},
		"ppa": {
			"mean": 1.3029543207258547,
			"stdDev": 0.6689880945341113
		},
		"padjPPA": {
			"mean": 2.5561645311866203,
			"stdDev": 1.0429853367698634
		},
		"progDistance": {
			"mean": 272.0270966137002,
			"stdDev": 80.06977194583081
		},
		"padjProgDistance": {
			"mean": 536.6794184216631,
			"stdDev": 96.43058919138028
		},
		"passSuccRate": {
			"mean": 73.94687659808439,
			"stdDev": 6.270225782293451
		},
		"succDribbles": {
			"mean": 1.7234248419890223,
			"stdDev": 0.8110196957157342
		},
		"padjSuccDribbles": {
			"mean": 3.472419310496328,
			"stdDev": 1.6086138036562778
		},
		"dribbleSuccRate": {
			"mean": 57.577099194815275,
			"stdDev": 11.134234242256673
		},
		"turnovers": {
			"mean": 3.9543537409637435,
			"stdDev": 1.1538038160588902
		},
		"padjTurnovers": {
			"mean": 8.173304212344458,
			"stdDev": 2.866883187577725
		},
		"succPressures": {
			"mean": 4.39156849301744,
			"stdDev": 1.3071862527716767
		},
		"padjSuccPressures": {
			"mean": 4.506555241301941,
			"stdDev": 2.049875775490692
		}
	},
	"CM": {
		"xa": {
			"mean": 0.0773987385264686,
			"stdDev": 0.06581216970072419
		},
		"padjXA": {
			"mean": 0.12259094066318846,
			"stdDev": 0.10115760315320659
		},
		"sca": {
			"mean": 1.7256499134498378,
			"stdDev": 0.7951630512168495
		},
		"padjSCA": {
			"mean": 2.760673937678383,
			"stdDev": 1.1449995102095873
		},
		"pft": {
			"mean": 4.359480979704233,
			"stdDev": 2.028747260551779
		},
		"padjPFT": {
			"mean": 6.7041426082655216,
			"stdDev": 1.852331733367456
		},
		"progDistance": {
			"mean": 321.22016459436105,
			"stdDev": 114.0430982113037
		},
		"padjProgDistance": {
			"mean": 502.4271874108873,
			"stdDev": 88.2055956499726
		},
		"passSuccRate": {
			"mean": 82.99449179917549,
			"stdDev": 5.485593648500976
		},
		"succDribbles": {
			"mean": 0.9193797087131569,
			"stdDev": 0.5966069419519576
		},
		"padjSuccDribbles": {
			"mean": 1.5035735414711058,
			"stdDev": 0.9753023406839354
		},
		"dribbleSuccRate": {
			"mean": 67.06172991698016,
			"stdDev": 16.3892837317109
		},
		"turnovers": {
			"mean": 1.8790499235780485,
			"stdDev": 0.9315114023193221
		},
		"padjTurnovers": {
			"mean": 3.1626465834487045,
			"stdDev": 1.7598003284569212
		},
		"succPressures": {
			"mean": 5.273418690439453,
			"stdDev": 1.3227612489184983
		},
		"padjSuccPressures": {
			"mean": 5.272324243931801,
			"stdDev": 2.11545525717283
		},
		"interceptions": {
			"mean": 1.020130547300901,
			"stdDev": 0.4170234060358453
		},
		"padjInterceptions": {
			"mean": 1.0148566569770112,
			"stdDev": 0.5185622664561921
		},
		"succTackles": {
			"mean": 2.309880217787338,
			"stdDev": 0.8392262694119021
		},
		"padjSuccTackles": {
			"mean": 2.2934447621683147,
			"stdDev": 1.0827950355557159
		},
		"dribbleTackleRate": {
			"mean": 31.64906791550511,
			"stdDev": 10.79164995662403
		}
	},
	"FB": {
		"xa": {
			"mean": 0.09387082858899513,
			"stdDev": 0.06500191133930311
		},
		"padjXA": {
			"mean": 0.13864457029246266,
			"stdDev": 0.0904408453777962
		},
		"pft": {
			"mean": 2.8822756293289857,
			"stdDev": 1.1700023956915777
		},
		"padjPFT": {
			"mean": 4.250791526083966,
			"stdDev": 1.270485870329995
		},
		"progDistance": {
			"mean": 423.0030675734723,
			"stdDev": 96.46218606875073
		},
		"padjProgDistance": {
			"mean": 633.9684739160355,
			"stdDev": 92.84849566288736
		},
		"passSuccRate": {
			"mean": 77.00925418785054,
			"stdDev": 7.937724399600782
		},
		"succDribbles": {
			"mean": 0.8848162698184752,
			"stdDev": 0.5805170229882197
		},
		"padjSuccDribbles": {
			"mean": 1.330692611896476,
			"stdDev": 0.8679726243340742
		},
		"dribbleSuccRate": {
			"mean": 58.27879405467727,
			"stdDev": 17.696712992746757
		},
		"turnovers": {
			"mean": 1.6482156725693795,
			"stdDev": 0.6650250891820014
		},
		"padjTurnovers": {
			"mean": 2.5230692004806303,
			"stdDev": 1.0915966731730073
		},
		"succPressures": {
			"mean": 3.722422950112399,
			"stdDev": 1.0334475286073361
		},
		"padjSuccPressures": {
			"mean": 3.7643652142631647,
			"stdDev": 1.6968825481257666
		},
		"interceptions": {
			"mean": 0.9617781633129013,
			"stdDev": 0.44886755852230703
		},
		"padjInterceptions": {
			"mean": 0.9517642244828556,
			"stdDev": 0.5474048838925786
		},
		"succTackles": {
			"mean": 2.1595424369230893,
			"stdDev": 0.7824822395622998
		},
		"padjSuccTackles": {
			"mean": 2.1609380157520586,
			"stdDev": 1.0631162053888594
		},
		"dribbleTackleRate": {
			"mean": 44.96908239241843,
			"stdDev": 12.814688359847505
		},
		"aerialSuccRate": {
			"mean": 49.755465440483725,
			"stdDev": 14.452067338552189
		}
	},
	"CB": {
		"pft": {
			"mean": 3.0851120897930135,
			"stdDev": 1.4818988973620166
		},
		"padjPFT": {
			"mean": 4.622786000127478,
			"stdDev": 1.7244653442632658
		},
		"progDistance": {
			"mean": 457.80755610735105,
			"stdDev": 136.35433511732077
		},
		"padjProgDistance": {
			"mean": 693.107338376867,
			"stdDev": 101.77312105505393
		},
		"passSuccRate": {
			"mean": 84.92917480398764,
			"stdDev": 5.424865665886514
		},
		"longPassSuccRate": {
			"mean": 70.00249057973662,
			"stdDev": 8.925129519197208
		},
		"succPressures": {
			"mean": 3.042680499455766,
			"stdDev": 0.9818971600040395
		},
		"padjSuccPressures": {
			"mean": 3.0223981326908818,
			"stdDev": 1.4226512238058513
		},
		"interceptions": {
			"mean": 0.9751787794033172,
			"stdDev": 0.447529280945227
		},
		"padjInterceptions": {
			"mean": 0.9593531859096532,
			"stdDev": 0.5175150615621614
		},
		"succTackles": {
			"mean": 1.5801803044061036,
			"stdDev": 0.6329386872126418
		},
		"padjSuccTackles": {
			"mean": 1.5599886235511302,
			"stdDev": 0.8388696762831214
		},
		"dribbleTackleRate": {
			"mean": 46.816041197433684,
			"stdDev": 15.475756047799287
		},
		"fouls": {
			"mean": 1.0620394940138884,