{
	"FW": {
		"npg": {
			"mean": 0.35612610261143346,
			"stdDev": 0.20739948307804038
		},
		"npxg": {
			"mean": 0.35094867267432733,
			"stdDev": 0.14414050806431425
		},
		"npxgPerShot": {
			"mean": 0.14273807920708806,
			"stdDev": 0.03849416402357466
		},
		"succAerials": {
			"mean": 2.4720870880551256,
			"stdDev": 1.8982073460317406
		},
		"aerialSuccRate": {
			"mean": 38.512397576915745,
			"stdDev": 12.2023732560484
		},
		"boxTouches": {
			"mean": 5.045944982672357,
			"stdDev": 1.333539908823845
		},
		"padjBoxTouches": {
			"mean": 13.948445115677742,
			"stdDev": 4.070526491508055
		},
		"xa": {
			"mean": 0.12154468953702899,
			"stdDev": 0.06828452941086434
		},
		"padjXA": {
			"mean": 0.32492590598204274,
			"stdDev": 0.1790501754813171
		},
		"ppa": {
			"mean": 0.6975420054981936,
			"stdDev": 0.5174101833910731
		},
		"padjPPA": {
			"mean": 1.7508694417491664,
			"stdDev": 0.8713415278493344
		},
		"succDribbles": {
			"mean": 1.133661122792508,
			"stdDev": 0.6421365288790658
		},
		"padjSuccDribbles": {
			"mean": 2.9488921430074506,
			"stdDev": 1.2793338214175018
		},
		"dribbleSuccRate": {
			"mean": 55.176827939085406,
			"stdDev": 11.32413641777388
		},
		"turnovers": {
			"mean": 4.511750495222621,
			"stdDev": 1.184756051548948
		},
		"padjTurnovers": {
			"mean": 12.402678780451433,
			"stdDev": 3.3692934032229944
		},
		"succPressures": {
			"mean": 3.7737842866758626,
			"stdDev": 1.1182049083390542
		},
		"padjSuccPressures_att": {
			"mean": 3.8420927463287464,
			"stdDev": 1.4346058607251129
		}
	},
	"AM": {
		"npg": {
			"mean": 0.20969648475893551,
			"stdDev": 0.13323659139294028
		},
		"npxg": {
			"mean": 0.19760821606229548,
			"stdDev": 0.10510780399089062
		},
		"npxgPerShot": {
			"mean": 0.10398957074798941,
			"stdDev": 0.03846312269251636
		},
		"xa": {
			"mean": 0.16509834010142166,
			"stdDev": 0.08174799492446246
		},
		"padjXA": {
			"mean": 0.3219353101814469,
			"stdDev": 0.14197922312854383
		},
		"sca": {
			"mean": 2.6870896799879174,
			"stdDev": 0.8916665565128694
		},
		"padjSCA": {
			"mean": 5.279666718314449,
			"stdDev": 1.4360518233739716
		},
		"ppa": {
			"mean": 1.2832802988495235,
			"stdDev": 0.6298524302209678
		},
		"padjPPA": {
			"mean": 2.4697793169341224,
			"stdDev": 0.9123412031069154
		},
		"progDistance": {
			"mean": 248.31253114065967,
			"stdDev": 77.75382747015719
		},
		"padjProgDistance": {
			"mean": 480.51518974841434,
			"stdDev": 88.59900387402428
		},
		"passSuccRate": {
			"mean": 74.09815898827173,
			"stdDev": 7.566412286069921
		},
		"succDribbles": {
			"mean": 1.7991172098105583,
			"stdDev": 0.8948354238908306
		},
		"padjSuccDribbles": {
			"mean": 3.5893802664551253,
			"stdDev": 1.7797931814234358
		},
		"dribbleSuccRate": {
			"mean": 56.778243062621506,
			"stdDev": 9.789560923020552
		},
		"turnovers": {
			"mean": 3.9159180491508,
			"stdDev": 1.1095036756093777
		},
		"padjTurnovers": {
			"mean": 7.9803353505691454,
			"stdDev": 2.738964753787597
		},
		"succPressures": {
			"mean": 4.260651388872297,
			"stdDev": 1.2375942631770593
		},
		"padjSuccPressures": {
			"mean": 4.584281958789804,
			"stdDev": 1.846179380213062
		}
	},
	"CM": {
		"xa": {
			"mean": 0.07961608955043015,
			"stdDev": 0.06305947280578238
		},
		"padjXA": {
			"mean": 0.12542502853903173,
			"stdDev": 0.09287702737606462
		},
		"sca": {
			"mean": 1.765524286915034,
			"stdDev": 0.7659381467841977
		},
		"padjSCA": {
			"mean": 2.8159657483205924,
			"stdDev": 1.1158427957600923
		},
		"pft": {
			"mean": 4.236366452554611,
			"stdDev": 1.8852207574812712
		},
		"padjPFT": {
			"mean": 6.488942927207393,
			"stdDev": 1.6999323165470972
		},
		"progDistance": {
			"mean": 313.6351198645453,
			"stdDev": 108.5975709998574
		},
		"padjProgDistance": {
			"mean": 487.2641021046706,
			"stdDev": 82.97984878652528
		},
		"passSuccRate": {
			"mean": 82.83300005710797,
			"stdDev": 5.426011269199978
		},
		"succDribbles": {
			"mean": 0.9304229306989815,
			"stdDev": 0.5578606923279249
		},
		"padjSuccDribbles": {
			"mean": 1.5166241178778326,
			"stdDev": 0.9210702491818822
		},
		"dribbleSuccRate": {
			"mean": 66.71012464909012,
			"stdDev": 12.734739393895438
		},
		"turnovers": {
			"mean": 1.9882262484529605,
			"stdDev": 0.9191897474688889
		},
		"padjTurnovers": {
			"mean": 3.323233545849481,
			"stdDev": 1.7772331034274218
		},
		"succPressures": {
			"mean": 5.3048137985421935,
			"stdDev": 1.2083849607772463
		},
		"padjSuccPressures": {
			"mean": 5.5727529308176695,
			"stdDev": 1.8775256702738543
		},
		"interceptions": {
			"mean": 1.2542879866528314,
			"stdDev": 0.48022083899940643
		},
		"padjInterceptions": {
			"mean": 1.2990905437233924,
			"stdDev": 0.5636161513751708
		},
		"succTackles": {
			"mean": 2.2750593550161398,
			"stdDev": 0.7863797902527739
		},
		"padjSuccTackles": {
			"mean": 2.384001928304804,
			"stdDev": 1.0123456637734651
		},
		"dribbleTackleRate": {
			"mean": 31.97263671909077,
			"stdDev": 9.227232055195223
		}
	},
	"FB": {
		"xa": {
			"mean": 0.09114352366765133,
			"stdDev": 0.06144142246500203
		},
		"padjXA": {
			"mean": 0.1376614318656032,
			"stdDev": 0.09299195022633819
		},
		"pft": {
			"mean": 2.8546324925544475,
			"stdDev": 1.201929092491202
		},
		"padjPFT": {
			"mean": 4.214178180578247,
			"stdDev": 1.2770440176526983
		},
		"progDistance": {
			"mean": 404.3764747426633,
			"stdDev": 92.65009638833068
		},
		"padjProgDistance": {
			"mean": 608.0271534321715,
			"stdDev": 83.70788272755752
		},
		"passSuccRate": {
			"mean": 77.11857078980283,
			"stdDev": 7.435652331908595
		},
		"succDribbles": {
			"mean": 0.8768700487969595,
			"stdDev": 0.5603683570870994
		},
		"padjSuccDribbles": {
			"mean": 1.3340240662333018,
			"stdDev": 0.8754236439114937
		},
		"dribbleSuccRate": {
			"mean": 57.25347628894278,
			"stdDev": 13.233943153849465
		},
		"turnovers": {
			"mean": 1.6858360143664433,
			"stdDev": 0.6928307096589811
		},
		"padjTurnovers": {
			"mean": 2.608717611337421,
			"stdDev": 1.2391712420822334
		},
		"succPressures": {
			"mean": 3.747493877382387,
			"stdDev": 0.9826761996861859
		},
		"padjSuccPressures": {
			"mean": 3.954697166411146,
			"stdDev": 1.5489522228554842
		},
		"interceptions": {
			"mean": 1.2173538481542274,
			"stdDev": 0.4347672095663141
		},
		"padjInterceptions": {
			"mean": 1.2794934976058496,
			"stdDev": 0.5694443471394633
		},
		"succTackles": {
			"mean": 2.116935705440606,
			"stdDev": 0.7256386692546632
		},
		"padjSuccTackles": {
			"mean": 2.2120022180703502,
			"stdDev": 0.9512152043438621
		},
		"dribbleTackleRate": {
			"mean": 45.1038659567433,
			"stdDev": 10.11936446398874
		},
		"aerialSuccRate": {
			"mean": 50.66311292245022,
			"stdDev": 12.51052110977969
		}
	},
	"CB": {
		"pft": {
			"mean": 3.0804459038251175,
			"stdDev": 1.4383840145229718
		},
		"padjPFT": {
			"mean": 4.57976675368907,
			"stdDev": 1.566286867421516
		},
		"progDistance": {
			"mean": 452.023230990523,
			"stdDev": 129.98645571255082
		},
		"padjProgDistance": {
			"mean": 682.724448388167,
			"stdDev": 98.45331353305818
		},
		"passSuccRate": {
			"mean": 85.29512093513534,
			"stdDev": 5.099786412523027
		},
		"longPassSuccRate": {
			"mean": 69.92753268093584,
			"stdDev": 8.794858353425376
		},
		"succPressures": {
			"mean": 3.134935777894288,
			"stdDev": 0.9158021940100133
		},
		"padjSuccPressures_def": {
			"mean": 3.235484526769127,
			"stdDev": 1.299853287282159
		},
		"interceptions": {
			"mean": 1.2790709162905443,
			"stdDev": 0.4804606917022862
		},
		"padjInterceptions_def": {
			"mean": 1.3076931658993394,
			"stdDev": 0.5600856793785569
		},
		"succTackles": {
			"mean": 1.583328137763828,
			"stdDev": 0.585134903016517
		},
		"padjSuccTackles_def": {
			"mean": 1.6226174182508233,
			"stdDev": 0.7303503405297264
		},
		"dribbleTackleRate": {
			"mean": 46.200680099859824,
			"stdDev": 12.835358322025066
		},
		"fouls": {
			"mean": 1.0829168062126968,