{
	"FW": {
		"npg": {
			"mean": 0.34706262466287124,
			"stdDev": 0.18577982638530088
		},
		"npxg": {
			"mean": 0.33993203963316704,
			"stdDev": 0.1368507425033864
		},
		"npxgPerShot": {
			"mean": 0.14124082428316134,
			"stdDev": 0.03686824026724693
		},
		"succAerials": {
			"mean": 2.380130867358914,
			"stdDev": 1.9028405882847468
		},
		"aerialSuccRate": {
			"mean": 37.47529567520187,
			"stdDev": 12.080498486157047
		},
		"boxTouches": {
			"mean": 4.97016036936103,
			"stdDev": 1.3495070183527913
		},
		"padjBoxTouches": {
			"mean": 13.693619143056694,
			"stdDev": 4.0094776478943075
		},
		"xa": {
			"mean": 0.12345982352130418,
			"stdDev": 0.06990105646090006
		},
		"padjXA": {
			"mean": 0.3262303861831027,
			"stdDev": 0.1653949220965431
		},
		"ppa": {
			"mean": 0.7176539397525626,
			"stdDev": 0.5117877122853214
		},
		"padjPPA": {
			"mean": 1.801005104795446,
			"stdDev": 0.897039874742636
		},
		"succDribbles": {
			"mean": 1.1783682549412164,
			"stdDev": 0.7204039764499887
		},
		"padjSuccDribbles": {
			"mean": 3.056882365239211,
			"stdDev": 1.5088826660373194
		},
		"dribbleSuccRate": {
			"mean": 55.562360919503476,
			"stdDev": 11.008884373036356
		},
		"turnovers": {
			"mean": 4.448520565480042,
			"stdDev": 1.1063387177090378
		},
		"padjTurnovers": {
			"mean": 12.220454249116898,
			"stdDev": 3.2711954210033447
		},
		"succPressures": {
			"mean": 3.8578559384471083,
			"stdDev": 1.0897764939206094
		},
		"padjSuccPressures_att": {
			"mean": 3.974057801198254,
			"stdDev": 1.5000847165253195
		}
	},
	"AM": {
		"npg": {
			"mean": 0.20942610447762397,
			"stdDev": 0.13719068992976352
		},
		"npxg": {
			"mean": 0.19873950589611605,
			"stdDev": 0.10441112697427327
		},
		"npxgPerShot": {
			"mean": 0.1028341211213789,
			"stdDev": 0.03522036961683651
		},
		"xa": {
			"mean": 0.1680790232420791,
			"stdDev": 0.08055395909185814
		},
		"padjXA": {
			"mean": 0.3259093513049455,
			"stdDev": 0.13570834299401105
		},
		"sca": {
			"mean": 2.713322062554672,
			"stdDev": 0.8753669441360914
		},
		"padjSCA": {
			"mean": 5.298764063097681,
			"stdDev": 1.3992872263375395
		},
		"ppa": {
			"mean": 1.3164752452236173,
			"stdDev": 0.6332965579365756
		},
		"padjPPA": {
			"mean": 2.513227314678323,
			"stdDev": 0.8967336798020309
		},
		"progDistance": {
			"mean": 252.25129325289384,
			"stdDev": 78.39280884090907
		},
		"padjProgDistance": {
			"mean": 483.5918199733446,
			"stdDev": 84.98962109312774
		},
		"passSuccRate": {
			"mean": 74.67546560118676,
			"stdDev": 5.9839620008169945
		},
		"succDribbles": {
			"mean": 1.7802934754896855,
			"stdDev": 0.8964547483147508
		},
		"padjSuccDribbles": {
			"mean": 3.5111200630926636,
			"stdDev": 1.6890896550716774
		},
		"dribbleSuccRate": {
			"mean": 56.75617596209372,
			"stdDev": 8.507023659278964
		},
		"turnovers": {
			"mean": 3.8907734474857394,
			"stdDev": 1.123121136363854
		},
		"padjTurnovers": {
			"mean": 7.852671253621192,
			"stdDev": 2.666509964627147
		},
		"succPressures": {
			"mean": 4.43206130210623,
			"stdDev": 1.2089052659312376
		},
		"padjSuccPressures": {
			"mean": 4.766964626567633,
			"stdDev": 1.766918809154377
		}
	},
	"CM": {
		"xa": {
			"mean": 0.0803909531767098,
			"stdDev": 0.05949766831411556
		},
		"padjXA": {
			"mean": 0.12870718309450643,
			"stdDev": 0.08990795161202947
		},
		"sca": {
			"mean": 1.7745006995685861,
			"stdDev": 0.7593908840015622
		},
		"padjSCA": {
			"mean": 2.8678581759963513,
			"stdDev": 1.1502301170940927
		},
		"pft": {
			"mean": 4.141273307682878,
			"stdDev": 1.8298702817247112
		},
		"padjPFT": {
			"mean": 6.4044557441593595,
			"stdDev": 1.657606155097685
		},
		"progDistance": {
			"mean": 313.01746975892337,
			"stdDev": 107.3453895760955
		},
		"padjProgDistance": {
			"mean": 490.7769604359495,
			"stdDev": 82.0273522616448
		},
		"passSuccRate": {
			"mean": 82.86176089592384,
			"stdDev": 5.5205582300678495
		},
		"succDribbles": {
			"mean": 0.9225308764373908,
			"stdDev": 0.5480134038545472
		},
		"padjSuccDribbles": {
			"mean": 1.52082539666483,
			"stdDev": 0.9240992965169705
		},
		"dribbleSuccRate": {
			"mean": 66.60783967195708,
			"stdDev": 12.22510815101005
		},
		"turnovers": {
			"mean": 1.9967285138264972,
			"stdDev": 0.9175102056292597
		},
		"padjTurnovers": {
			"mean": 3.3756967365372597,
			"stdDev": 1.818233986919479
		},
		"succPressures": {
			"mean": 5.371287215957698,
			"stdDev": 1.1969847465658403
		},
		"padjSuccPressures": {
			"mean": 5.6201891720888835,
			"stdDev": 1.8531024382608574
		},
		"interceptions": {
			"mean": 1.3052966315511088,
			"stdDev": 0.4815615276023412
		},
		"padjInterceptions": {
			"mean": 1.3495730426811232,
			"stdDev": 0.570020306874704
		},
		"succTackles": {
			"mean": 2.2096399293495885,
			"stdDev": 0.744117290144359
		},
		"padjSuccTackles": {
			"mean": 2.306975048934049,
			"stdDev": 0.9625430812467537
		},
		"dribbleTackleRate": {
			"mean": 31.546642750358597,
			"stdDev": 8.767090337250668
		}
	},
	"FB": {
		"xa": {
			"mean": 0.0870521315635238,
			"stdDev": 0.05759016096665515
		},
		"padjXA": {
			"mean": 0.13463104581108354,
			"stdDev": 0.08761252442894611
		},
		"pft": {
			"mean": 2.769317819421618,
			"stdDev": 1.1514481661658331
		},
		"padjPFT": {
			"mean": 4.195733594165131,
			"stdDev": 1.2377831819222065
		},
		"progDistance": {
			"mean": 393.7591643450292,
			"stdDev": 92.35794223725571
		},
		"padjProgDistance": {
			"mean": 606.6546033000744,
			"stdDev": 81.54558549985427
		},
		"passSuccRate": {
			"mean": 77.25459757243948,
			"stdDev": 7.224592910774974
		},
		"succDribbles": {
			"mean": 0.8707146699062107,
			"stdDev": 0.5482621480745861
		},
		"padjSuccDribbles": {
			"mean": 1.3598923210299312,
			"stdDev": 0.8785444193061551
		},
		"dribbleSuccRate": {
			"mean": 57.425290609818894,
			"stdDev": 12.450531319261952
		},
		"turnovers": {
			"mean": 1.6834440232666912,
			"stdDev": 0.6835094583722843
		},
		"padjTurnovers": {
			"mean": 2.682461524253812,
			"stdDev": 1.2824849741292443
		},
		"succPressures": {
			"mean": 3.8661982305250056,
			"stdDev": 0.9604344613013449
		},
		"padjSuccPressures": {
			"mean": 4.04495348040434,
			"stdDev": 1.4595409057602715
		},
		"interceptions": {
			"mean": 1.3027172643333402,
			"stdDev": 0.4439946401337873
		},
		"padjInterceptions": {
			"mean": 1.3548050748204319,
			"stdDev": 0.5603152321343824
		},
		"succTackles": {
			"mean": 2.069867326546012,
			"stdDev": 0.6775989510874079
		},
		"padjSuccTackles": {
			"mean": 2.149450775015646,
			"stdDev": 0.8866627942845795
		},
		"dribbleTackleRate": {
			"mean": 44.932584114671045,
			"stdDev": 10.04410207735967
		},
		"aerialSuccRate": {
			"mean": 50.526294820109946,
			"stdDev": 11.968642519198013
		}
	},
	"CB": {
		"pft": {
			"mean": 3.049482495636215,
			"stdDev": 1.4109733115420424
		},
		"padjPFT": {
			"mean": 4.557499513681552,
			"stdDev": 1.5247161996076795
		},
		"progDistance": {
			"mean": 446.0970061827322,
			"stdDev": 123.29193417363688
		},
		"padjProgDistance": {
			"mean": 677.7371696522268,
			"stdDev": 93.22050239322849
		},
		"passSuccRate": {
			"mean": 85.55260584615475,
			"stdDev": 5.034667336614449
		},
		"longPassSuccRate": {
			"mean": 70.0004490433941,
			"stdDev": 8.945114015405672
		},
		"succPressures": {
			"mean": 3.2434007234654105,
			"stdDev": 0.9301555588175151
		},
		"padjSuccPressures_def": {
			"mean": 3.3677445043948198,
			"stdDev": 1.3382154122227525
		},
		"interceptions": {
			"mean": 1.4156684039027931,
			"stdDev": 0.49569964266446287
		},
		"padjInterceptions_def": {
			"mean": 1.4512902905315186,
			"stdDev": 0.5860309737324183
		},
		"succTackles": {
			"mean": 1.6078022889206482,
			"stdDev": 0.5730591632790206
		},
		"padjSuccTackles_def": {
			"mean": 1.654247035562751,
			"stdDev": 0.7046842376915375
		},
		"dribbleTackleRate": {
			"mean": 47.105396086795565,
			"stdDev": 12.023264580632366
		},
		"fouls": {
			"mean": 1.0665273055022606,