{
	"FW": {
		"npg": {
			"mean": 0.34767627863810563,
			"stdDev": 0.18705088862069666,
			"median": 0.3275705186533212
		},
		"npxg": {
			"mean": 0.33999900136137456,
			"stdDev": 0.13618239493108214,
			"median": 0.3257668711656442
		},
		"npxgPerShot": {
			"mean": 0.14131814792257524,
			"stdDev": 0.036951657173973404,
			"median": 0.13421052631578947
		},
		"succAerials": {
			"mean": 2.381993758245295,
			"stdDev": 1.9042476570744644,
			"median": 1.793275217932752
		},
		"aerialSuccRate": {
			"mean": 37.475497436496,
			"stdDev": 12.069937798202258,
			"median": 37.254901960784316
		},
		"boxTouches": {
			"mean": 4.966872603191699,
			"stdDev": 1.3469461075194924,
			"median": 4.967532467532467
		},
		"padjBoxTouches": {
			"mean": 13.67005067502703,
			"stdDev": 3.9445764251484783,
			"median": 13.737075332348597
		},
		"xa": {
			"mean": 0.12335940732041799,
			"stdDev": 0.07018185429918355,
			"median": 0.11358173076923078
		},
		"padjXA": {
			"mean": 0.32551019981726065,
			"stdDev": 0.16405684979240348,
			"median": 0.3125
		},
		"ppr": {
			"mean": 7.599675831914424,
			"stdDev": 1.873294533319666,
			"median": 7.329605033205174
		},
		"padjPPR": {
			"mean": 20.735000014059086,
			"stdDev": 4.882717473778172,
			"median": 20.954907161803714
		},
		"epa": {
			"mean": 1.4102637275092536,
			"stdDev": 0.807607422213699,
			"median": 1.202290076335878
		},
		"padjEPA": {
			"mean": 3.6501273765984186,
			"stdDev": 1.5923817689051245,
			"median": 3.4615384615384617
		},
		"succDribbles": {
			"mean": 1.1804142505790594,
			"stdDev": 0.7219155757279223,
			"median": 1.0443037974683544
		},
		"padjSuccDribbles": {
			"mean": 3.060367736569581,
			"stdDev": 1.5078840624512422,
			"median": 3.018108651911469
		},
		"turnoversBelowExpected": {
			"mean": -0.15684620839617328,
			"stdDev": 1.2462079713175442,
			"median": -0.20205098270207253
		},
		"succPressures": {
			"mean": 3.860745228342832,
			"stdDev": 1.0915885278060544,
			"median": 3.7041800643086815
		},
		"padjSuccPressures_att": {
			"mean": 3.977042360878999,
			"stdDev": 1.5023511764325663,
			"median": 3.8613501455637813
		}
	},
	"AM": {
		"npg": {
			"mean": 0.20934560803362176,
			"stdDev": 0.13672772504210273,
			"median": 0.1817844399022046
		},
		"npxg": {
			"mean": 0.19860751925945497,
			"stdDev": 0.10434623211668134,
			"median": 0.1814071289672894
		},
		"npxgPerShot": {
			"mean": 0.10286443795065192,
			"stdDev": 0.035215170142401345,
			"median": 0.09878031878031879
		},
		"xa": {
			"mean": 0.16819088484111408,
			"stdDev": 0.08077691788384167,
			"median": 0.15700035577394258
		},
		"padjXA": {
			"mean": 0.32606370102071724,
			"stdDev": 0.1358934089020448,
			"median": 0.3200022755717374
		},
		"sca": {
			"mean": 2.7134563155747347,
			"stdDev": 0.875694595959614,
			"median": 2.673893188188795
		},
		"padjSCA": {
			"mean": 5.298910523886116,
			"stdDev": 1.3973647228789163,
			"median": 5.25827664399093
		},
		"epa": {
			"mean": 2.190092599166654,
			"stdDev": 0.9642212013816108,
			"median": 2.014611470453101
		},
		"padjEPA": {
			"mean": 4.271617438598355,
			"stdDev": 1.6405221456472006,
			"median": 4.141996488988189
		},
		"progPasses": {
			"mean": 3.248851555040749,
			"stdDev": 1.3751202969645704,
			"median": 2.9814697034138042
		},
		"padjProgPasses": {
			"mean": 6.140723049392855,
			"stdDev": 1.6785265007833274,
			"median": 5.9917950328909235
		},
		"progCarries": {
			"mean": 5.901009863602258,
			"stdDev": 2.079206372258141,
			"median": 5.541865107916181
		},
		"padjProgCarries": {
			"mean": 11.488080955123955,
			"stdDev": 3.3355146496361736,
			"median": 11.248818525519848
		},
		"passSuccRate": {
			"mean": 74.67412592238031,
			"stdDev": 5.978667833373263,
			"median": 75.12665632145567
		},
		"succDribbles": {
			"mean": 1.7819957599153513,
			"stdDev": 0.8967070488520181,
			"median": 1.6112328942346954
		},
		"padjSuccDribbles": {
			"mean": 3.5140354186441387,
			"stdDev": 1.6890847462886975,
			"median": 3.2917558400933533
		},
		"turnoversBelowExpected": {
			"mean": 0.15218413348410303,
			"stdDev": 1.0739386269742117,
			"median": 0.05818242593281502
		},
		"succPressures": {
			"mean": 4.434934928086724,
			"stdDev": 1.2055273633821122,
			"median": 4.309215148310568
		},
		"padjSuccPressures": {
			"mean": 4.771954217313689,
			"stdDev": 1.7643804436090498,
			"median": 4.466329859771256
		}
	},
	"CM": {
		"xa": {
			"mean": 0.08054847765247679,
			"stdDev": 0.0593201123090607,
			"median": 0.06620689655172414
		},
		"padjXA": {
			"mean": 0.12901226987338216,
			"stdDev": 0.08964508567347564,
			"median": 0.10695187165775401
		},
		"sca": {
			"mean": 1.7735692673248524,
			"stdDev": 0.7582005110120186,
			"median": 1.6551724137931034
		},
		"padjSCA": {
			"mean": 2.8667006151831016,
			"stdDev": 1.1477004169578997,
			"median": 2.6942355889724308
		},
		"eft": {
			"mean": 5.4662307904385194,
			"stdDev": 2.23309163465414,
			"median": 5.156889495225102
		},
		"padjEFT": {
			"mean": 8.513720216794344,
			"stdDev": 1.9985812425052158,
			"median": 8.442408376963352
		},
		"progPasses": {
			"mean": 4.062949059744885,
			"stdDev": 1.5556288121933477,
			"median": 3.8207547169811322
		},
		"padjProgPasses": {
			"mean": 6.384116383756772,
			"stdDev": 1.5506755741745788,
			"median": 6.237424547283703
		},
		"progCarries": {
			"mean": 4.2233398475449615,
			"stdDev": 1.9079763480860896,
			"median": 4.090909090909091
		},
		"padjProgCarries": {
			"mean": 6.674103189193381,
			"stdDev": 2.469152424269572,
			"median": 6.419479800774765
		},
		"passSuccRate": {
			"mean": 82.86741547555545,
			"stdDev": 5.517158828178455,
			"median": 83.85565052231719
		},
		"succDribbles": {
			"mean": 0.9222931892440082,
			"stdDev": 0.5463856695853384,
			"median": 0.8027282266526757
		},
		"padjSuccDribbles": {
			"mean": 1.5209601552266099,
			"stdDev": 0.9220225673373603,
			"median": 1.338255652976465
		},
		"turnoversBelowExpected": {
			"mean": 0.2703697092444271,
			"stdDev": 0.6939634443531849,
			"median": 0.24917764496848882
		},
		"succPressures": {
			"mean": 5.374488591387257,
			"stdDev": 1.193113900231827,
			"median": 5.351900639819345
		},
		"padjSuccPressures": {
			"mean": 5.624051065261703,
			"stdDev": 1.8496960432649137,
			"median": 5.481434468394394
		},
		"interceptions": {
			"mean": 1.308013230661581,
			"stdDev": 0.483742768031524,
			"median": 1.2543554006968642
		},
		"padjInterceptions": {
			"mean": 1.352421456208213,
			"stdDev": 0.5718164761822269,
			"median": 1.2671917076613093
		},
		"succTackles": {
			"mean": 2.2110889510613037,
			"stdDev": 0.7425138890501145,
			"median": 2.122999157540017
		},
		"padjSuccTackles": {
			"mean": 2.3082451241614903,
			"stdDev": 0.9604468498153522,
			"median": 2.173078008633503
		},
		"dribbleTackleRate": {
			"mean": 31.578195197036937,
			"stdDev": 8.730706443971574,
			"median": 31.343283582089555
		}
	},
	"FB": {
		"xa": {
			"mean": 0.08711017464408755,
			"stdDev": 0.05730506847923837,
			"median": 0.0793109198424813
		},
		"padjXA": {
			"mean": 0.13469908387426882,
			"stdDev": 0.08736311444427433,
			"median": 0.12030104722866192
		},
		"eft": {
			"mean": 4.350032792754377,
			"stdDev": 1.4327956337476244,
			"median": 4.205813054678369
		},
		"padjEFT": {
			"mean": 6.626895874032861,
			"stdDev": 1.353268540551875,
			"median": 6.547853549106696
		},
		"progPasses": {
			"mean": 3.768694764878824,
			"stdDev": 1.2448469668463928,
			"median": 3.6067824063747205
		},
		"padjProgPasses": {
			"mean": 5.759369573906751,
			"stdDev": 1.3559913590869475,
			"median": 5.627882177637479
		},
		"progCarries": {
			"mean": 4.661945424645416,
			"stdDev": 1.6835523953577165,
			"median": 4.495147795160901
		},
		"padjProgCarries": {
			"mean": 7.1566572779110285,
			"stdDev": 2.186394550145607,
			"median": 6.9469060887735115
		},
		"passSuccRate": {
			"mean": 77.52637135307901,
			"stdDev": 5.588062714383066,
			"median": 77.99190964380503
		},