{
	"FW": {
		"npg": {
			"mean": 0.3603614826243083,
			"stdDev": 0.22955676031565955
		},
		"npxg": {
			"mean": 0.35759785152810114,
			"stdDev": 0.15914282169232252
		},
		"npxgPerShot": {
			"mean": 0.14497608410645452,
			"stdDev": 0.04440806632735321
		},
		"succAerials": {
			"mean": 2.4505559278361644,
			"stdDev": 1.8609046135062164
		},
		"aerialSuccRate": {
			"mean": 39.73851124448648,
			"stdDev": 12.798556136668031
		},
		"boxTouches": {
			"mean": 5.112561882507661,
			"stdDev": 1.4669776290609473
		},
		"padjBoxTouches": {
			"mean": 14.265356908661916,
			"stdDev": 4.279919909754239
		},
		"xa": {
			"mean": 0.12713338612065223,
			"stdDev": 0.08362335971267745
		},
		"padjXA": {
			"mean": 0.33722360192014433,
			"stdDev": 0.20015636364704265
		},
		"ppa": {
			"mean": 0.6505810349645511,
			"stdDev": 0.6115871673355069
		},
		"padjPPA": {
			"mean": 1.6058939666391372,
			"stdDev": 1.0042031124381685
		},
		"succDribbles": {
			"mean": 1.2490883723888075,
			"stdDev": 0.9026237062165826
		},
		"padjSuccDribbles": {
			"mean": 3.2047924215624652,
			"stdDev": 1.6019524257220326
		},
		"dribbleSuccRate": {
			"mean": 56.58978426947881,
			"stdDev": 14.612578063162688
		},
		"turnovers": {
			"mean": 4.454576011149304,
			"stdDev": 1.350669611511639
		},
		"padjTurnovers": {
			"mean": 12.413712168364277,
			"stdDev": 3.832022569411235
		},
		"succPressures": {
			"mean": 3.765044790365508,
			"stdDev": 1.260183587672547
		},
		"padjSuccPressures": {
			"mean": 3.5233909504382592,
			"stdDev": 1.4209022718094455
		}
	},
	"AM": {
		"npg": {
			"mean": 0.21070858706896192,
			"stdDev": 0.16554274453484338
		},
		"npxg": {
			"mean": 0.204286426423301,
			"stdDev": 0.11729321055833249
		},
		"npxgPerShot": {
			"mean": 0.10584956035695334,
			"stdDev": 0.04536298683101904
		},
		"xa": {
			"mean": 0.1654021639574045,
			"stdDev": 0.09584439975752201
		},
		"padjXA": {
			"mean": 0.3272280840819258,
			"stdDev": 0.1725849223378734
		},
		"sca": {
			"mean": 2.691206351054294,
			"stdDev": 0.8759718171026663
		},
		"padjSCA": {
			"mean": 5.389018091074406,
			"stdDev": 1.5356883955898186
		},
		"ppa": {
			"mean": 1.305545714212747,
			"stdDev": 0.6699894191111562
		},
		"padjPPA": {
			"mean": 2.5619674269121515,
			"stdDev": 1.0430585996543318
		},
		"progDistance": {
			"mean": 272.10819012018305,
			"stdDev": 80.28959002091946
		},
		"padjProgDistance": {
			"mean": 537.0749706914652,
			"stdDev": 96.55922820337825
		},
		"passSuccRate": {
			"mean": 73.95949653699809,
			"stdDev": 6.285746283202588
		},
		"succDribbles": {
			"mean": 1.7198059004978379,
			"stdDev": 0.8118778939282049
		},
		"padjSuccDribbles": {
			"mean": 3.4678491056643908,
			"stdDev": 1.612017956002265
		},
		"dribbleSuccRate": {
			"mean": 57.48609856582374,
			"stdDev": 11.099240524761989
		},
		"turnovers": {
			"mean": 3.952845070756026,
			"stdDev": 1.1569009449584091
		},
		"padjTurnovers": {
			"mean": 8.176287513324722,
			"stdDev": 2.8747391129807305
		},
		"succPressures": {
			"mean": 4.40016185122626,
			"stdDev": 1.305842788328711
		},
		"padjSuccPressures": {
			"mean": 4.516041490361404,
			"stdDev": 2.051769139687625
		}
	},
	"CM": {
		"xa": {
			"mean": 0.0773987385264686,
			"stdDev": 0.06581216970072419
		},
		"padjXA": {
			"mean": 0.12259094066318847,
			"stdDev": 0.10115760315320659
		},
		"sca": {
			"mean": 1.7256499134498378,
			"stdDev": 0.7951630512168495
		},
		"padjSCA": {
			"mean": 2.760673937678383,
			"stdDev": 1.1449995102095873
		},
		"pft": {
			"mean": 4.359480979704233,
			"stdDev": 2.028747260551779
		},
		"padjPFT": {
			"mean": 6.7041426082655216,
			"stdDev": 1.852331733367456
		},
		"progDistance": {
			"mean": 321.22016459436105,
			"stdDev": 114.0430982113037
		},
		"padjProgDistance": {
			"mean": 502.42718741088726,
			"stdDev": 88.20559564997261
		},
		"passSuccRate": {
			"mean": 82.99449179917549,
			"stdDev": 5.485593648500976
		},
		"succDribbles": {
			"mean": 0.9193797087131569,
			"stdDev": 0.5966069419519576
		},
		"padjSuccDribbles": {
			"mean": 1.5035735414711058,
			"stdDev": 0.9753023406839355
		},
		"dribbleSuccRate": {
			"mean": 67.06172991698016,
			"stdDev": 16.3892837317109
		},
		"turnovers": {
			"mean": 1.8790499235780485,
			"stdDev": 0.9315114023193221
		},
		"padjTurnovers": {
			"mean": 3.1626465834487045,
			"stdDev": 1.7598003284569212
		},
		"succPressures": {
			"mean": 5.273418690439453,
			"stdDev": 1.3227612489184986
		},
		"padjSuccPressures": {
			"mean": 5.272324243931801,
			"stdDev": 2.11545525717283
		},
		"interceptions": {
			"mean": 1.0201305473009012,
			"stdDev": 0.41702340603584537
		},
		"padjInterceptions": {
			"mean": 1.0148566569770112,
			"stdDev": 0.5185622664561921
		},
		"succTackles": {
			"mean": 2.3098802177873385,
			"stdDev": 0.8392262694119023
		},
		"padjSuccTackles": {
			"mean": 2.2934447621683147,
			"stdDev": 1.0827950355557159
		},
		"dribbleTackleRate": {
			"mean": 31.64906791550511,
			"stdDev": 10.79164995662403
		}
	},
	"FB": {
		"xa": {
			"mean": 0.09387149985893402,
			"stdDev": 0.0651832274120192
		},
		"padjXA": {
			"mean": 0.1386558622282101,
			"stdDev": 0.09069299363995695
		},
		"pft": {
			"mean": 2.8857882717141465,
			"stdDev": 1.1723085557675248
		},
		"padjPFT": {
			"mean": 4.256192098314487,
			"stdDev": 1.271944686812265
		},
		"progDistance": {
			"mean": 422.74787628221384,
			"stdDev": 96.66997093607029
		},
		"padjProgDistance": {
			"mean": 633.6942246970505,
			"stdDev": 93.03394403112517
		},
		"passSuccRate": {
			"mean": 76.97412041482009,
			"stdDev": 7.945740642522374
		},
		"succDribbles": {
			"mean": 0.8813985824285778,
			"stdDev": 0.5803074170306566
		},
		"padjSuccDribbles": {
			"mean": 1.3259420577974186,
			"stdDev": 0.8680309317520013
		},
		"dribbleSuccRate": {
			"mean": 58.26068479087847,
			"stdDev": 17.74439445239229
		},
		"turnovers": {
			"mean": 1.6417474263058756,
			"stdDev": 0.661146023773939
		},
		"padjTurnovers": {
			"mean": 2.514317581284758,
			"stdDev": 1.0882553920976064
		},
		"succPressures": {
			"mean": 3.7233114109463568,
			"stdDev": 1.03626091264339
		},
		"padjSuccPressures": {
			"mean": 3.7660802596148395,
			"stdDev": 1.7014585241867914
		},
		"interceptions": {
			"mean": 0.965038041997973,
			"stdDev": 0.44796594218053615
		},
		"padjInterceptions": {
			"mean": 0.9550309514311748,
			"stdDev": 0.5471597645019058
		},
		"succTackles": {
			"mean": 2.1590398949059955,
			"stdDev": 0.7846356088113218
		},
		"padjSuccTackles": {
			"mean": 2.160818114491166,
			"stdDev": 1.0660804405608715
		},
		"dribbleTackleRate": {
			"mean": 44.98742914645039,
			"stdDev": 12.848049709305224
		},
		"aerialSuccRate": {
			"mean": 49.66151432256048,
			"stdDev": 14.436845225428952
		}
	},
	"CB": {
		"pft": {
			"mean": 3.0851120897930135,
			"stdDev": 1.4818988973620166
		},
		"padjPFT": {
			"mean": 4.622786000127478,
			"stdDev": 1.7244653442632658
		},
		"progDistance": {
			"mean": 457.80755610735105,
			"stdDev": 136.35433511732077
		},
		"padjProgDistance": {
			"mean": 693.107338376867,
			"stdDev": 101.77312105505393
		},
		"passSuccRate": {
			"mean": 84.92917480398764,
			"stdDev": 5.424865665886514
		},
		"longPassSuccRate": {
			"mean": 70.00249057973662,
			"stdDev": 8.925129519197208
		},
		"succPressures": {
			"mean": 3.042680499455766,
			"stdDev": 0.9818971600040396
		},
		"padjSuccPressures": {
			"mean": 3.0223981326908818,
			"stdDev": 1.4226512238058513
		},
		"interceptions": {
			"mean": 0.9751787794033172,
			"stdDev": 0.447529280945227
		},
		"padjInterceptions": {
			"mean": 0.9593531859096532,
			"stdDev": 0.5175150615621614
		},
		"succTackles": {
			"mean": 1.5801803044061036,
			"stdDev": 0.6329386872126418
		},
		"padjSuccTackles": {
			"mean": 1.5599886235511302,
			"stdDev": 0.8388696762831215
		},
		"dribbleTackleRate": {
			"mean": 46.816041197433684,
			"stdDev": 15.475756047799287
		},
		"fouls": {
			"mean": 1.0620394940138884,