{
	"FW": {
		"npg": {
			"mean": 0.3692423071328598,
			"stdDev": 0.22841143739522696
		},
		"npxg": {
			"mean": 0.36033617795435596,
			"stdDev": 0.16000473649278976
		},
		"npxgPerShot": {
			"mean": 0.14686790784595946,
			"stdDev": 0.045840573199397425
		},
		"succAerials": {
			"mean": 2.379419695881338,
			"stdDev": 1.8451866680423141
		},
		"aerialSuccRate": {
			"mean": 39.34086208227937,
			"stdDev": 13.320261539281537
		},
		"boxTouches": {
			"mean": 5.043935815349575,
			"stdDev": 1.3459403982363376
		},
		"padjBoxTouches": {
			"mean": 14.207336285823366,
			"stdDev": 4.286356604450135
		},
		"xa": {
			"mean": 0.12591692379148586,
			"stdDev": 0.08170269207845267
		},
		"padjXA": {
			"mean": 0.33936469241564216,
			"stdDev": 0.2053799784805595
		},
		"ppa": {
			"mean": 0.6318047690007768,
			"stdDev": 0.5744240952132517
		},
		"padjPPA": {
			"mean": 1.5900980399737088,
			"stdDev": 0.979028241618217
		},
		"succDribbles": {
			"mean": 1.2088580941174905,
			"stdDev": 0.7113634344423285
		},
		"padjSuccDribbles": {
			"mean": 3.1967510410103226,
			"stdDev": 1.4676399003009604
		},
		"dribbleSuccRate": {
			"mean": 57.667845856238884,
			"stdDev": 13.893054028309932
		},
		"turnovers": {
			"mean": 4.445737793114166,
			"stdDev": 1.3912957661637742
		},
		"padjTurnovers": {
			"mean": 12.415986055311441,
			"stdDev": 3.822666770662937
		},
		"succPressures": {
			"mean": 3.7062762914305005,
			"stdDev": 1.1975696673043992
		},
		"padjSuccPressures": {
			"mean": 3.525741305037367,
			"stdDev": 1.4285005432555986
		}
	},
	"AM": {
		"npg": {
			"mean": 0.21421353641871005,
			"stdDev": 0.16941192292691026
		},
		"npxg": {
			"mean": 0.20562904802598653,
			"stdDev": 0.11804115134876433
		},
		"npxgPerShot": {
			"mean": 0.10633058071729005,
			"stdDev": 0.04691081637902958
		},
		"xa": {
			"mean": 0.16689860219764605,
			"stdDev": 0.09660388917647893
		},
		"padjXA": {
			"mean": 0.331214398942435,
			"stdDev": 0.1748602862646367
		},
		"sca": {
			"mean": 2.7036923716859285,
			"stdDev": 0.8807004384468967
		},
		"padjSCA": {
			"mean": 5.425883336055238,
			"stdDev": 1.558487635721264
		},
		"ppa": {
			"mean": 1.3009508285376723,
			"stdDev": 0.6738913818256244
		},
		"padjPPA": {
			"mean": 2.5560943840643606,
			"stdDev": 1.0586189194636766
		},
		"progDistance": {
			"mean": 272.2995422965244,
			"stdDev": 79.11540472756425
		},
		"padjProgDistance": {
			"mean": 538.6144566613914,
			"stdDev": 96.64130534497251
		},
		"passSuccRate": {
			"mean": 73.80897636281439,
			"stdDev": 6.260363420913851
		},
		"succDribbles": {
			"mean": 1.7489223203999458,
			"stdDev": 0.8261984940628803
		},
		"padjSuccDribbles": {
			"mean": 3.530479886254773,
			"stdDev": 1.6486408729720772
		},
		"dribbleSuccRate": {
			"mean": 57.65030697110319,
			"stdDev": 10.955983596857866
		},
		"turnovers": {
			"mean": 3.9648805779679397,
			"stdDev": 1.1691786046007062
		},
		"padjTurnovers": {
			"mean": 8.188743631997937,
			"stdDev": 2.8408789095201072
		},
		"succPressures": {
			"mean": 4.383735978251412,
			"stdDev": 1.3131545422963797
		},
		"padjSuccPressures": {
			"mean": 4.43489243558326,
			"stdDev": 1.9927524608442138
		}
	},
	"CM": {
		"xa": {
			"mean": 0.07725685501849568,
			"stdDev": 0.06612118088159555
		},
		"padjXA": {
			"mean": 0.12334951776767895,
			"stdDev": 0.10357106327860502
		},
		"sca": {
			"mean": 1.7175788077675085,
			"stdDev": 0.7854111932014779
		},
		"padjSCA": {
			"mean": 2.7706694331899073,
			"stdDev": 1.1458205487059046
		},
		"pft": {
			"mean": 4.3154097866901004,
			"stdDev": 1.9849509715910598
		},
		"padjPFT": {
			"mean": 6.680730703462268,
			"stdDev": 1.8349388046893351
		},
		"progDistance": {
			"mean": 319.5851270762538,
			"stdDev": 112.76394400996611
		},
		"padjProgDistance": {
			"mean": 503.062324266849,
			"stdDev": 88.48661494889524
		},
		"passSuccRate": {
			"mean": 82.97436265984223,
			"stdDev": 5.536588734183937
		},
		"succDribbles": {
			"mean": 0.9144534200293252,
			"stdDev": 0.5899141407540126
		},
		"padjSuccDribbles": {
			"mean": 1.5093749474005325,
			"stdDev": 0.9801188939209258
		},
		"dribbleSuccRate": {
			"mean": 67.18888963497194,
			"stdDev": 16.480673399309374
		},
		"turnovers": {
			"mean": 1.8678115765819328,
			"stdDev": 0.92193341904549
		},
		"padjTurnovers": {
			"mean": 3.166295295076408,
			"stdDev": 1.775015214555481
		},
		"succPressures": {
			"mean": 5.272147790506538,
			"stdDev": 1.333702000485398
		},
		"padjSuccPressures": {
			"mean": 5.266153429323345,
			"stdDev": 2.1077855962046548
		},
		"interceptions": {
			"mean": 1.004476210773396,
			"stdDev": 0.41756408970488756
		},
		"padjInterceptions": {
			"mean": 1.0004718303808855,
			"stdDev": 0.5073108917685702
		},
		"succTackles": {
			"mean": 2.313760201458202,
			"stdDev": 0.8483666668002113
		},
		"padjSuccTackles": {
			"mean": 2.2985096351433723,
			"stdDev": 1.0901893731355283
		},
		"dribbleTackleRate": {
			"mean": 31.423846094346494,
			"stdDev": 11.159719582654478
		}
	},
	"FB": {
		"xa": {
			"mean": 0.09542760526777835,
			"stdDev": 0.06563022894294278
		},
		"padjXA": {
			"mean": 0.14089662028861297,
			"stdDev": 0.09134513220704929
		},
		"pft": {
			"mean": 2.894630407682846,
			"stdDev": 1.194979110793
		},
		"padjPFT": {
			"mean": 4.258106577736242,
			"stdDev": 1.292167106328637
		},
		"progDistance": {
			"mean": 423.5993430978515,
			"stdDev": 97.73026710629263
		},
		"padjProgDistance": {
			"mean": 634.0498141139412,
			"stdDev": 93.46196675569765
		},
		"passSuccRate": {
			"mean": 76.9706640765656,
			"stdDev": 7.971436320415237
		},
		"succDribbles": {
			"mean": 0.8842886440460422,
			"stdDev": 0.5730411628350106
		},
		"padjSuccDribbles": {
			"mean": 1.3321257146652006,
			"stdDev": 0.8616015400084844
		},
		"dribbleSuccRate": {
			"mean": 58.22731786401696,
			"stdDev": 17.951792310629074
		},
		"turnovers": {
			"mean": 1.635452470312236,
			"stdDev": 0.6595093551539247
		},
		"padjTurnovers": {
			"mean": 2.5076769593875925,
			"stdDev": 1.1021930156525408
		},
		"succPressures": {
			"mean": 3.7360477354095165,
			"stdDev": 1.0303239791725942
		},
		"padjSuccPressures": {
			"mean": 3.784729718995544,
			"stdDev": 1.6919757628044272
		},
		"interceptions": {
			"mean": 0.9486066454000442,
			"stdDev": 0.44832241083693364
		},
		"padjInterceptions": {
			"mean": 0.938331568743119,
			"stdDev": 0.5344520299988096
		},
		"succTackles": {
			"mean": 2.1514184456861267,
			"stdDev": 0.7719046395925561
		},
		"padjSuccTackles": {
			"mean": 2.163951187263743,
			"stdDev": 1.0751902707539094
		},
		"dribbleTackleRate": {
			"mean": 45.04941486871765,
			"stdDev": 13.108656482349373
		},
		"aerialSuccRate": {
			"mean": 49.543211506703805,
			"stdDev": 14.872646935708884
		}
	},
	"CB": {
		"pft": {
			"mean": 3.0538214355861895,
			"stdDev": 1.4778348346084544
		},
		"padjPFT": {
			"mean": 4.576400376738502,
			"stdDev": 1.7372756547716819
		},
		"progDistance": {
			"mean": 456.4181141495586,
			"stdDev": 134.9385170626609
		},
		"padjProgDistance": {
			"mean": 691.36758798429,
			"stdDev": 103.33483776415976
		},
		"passSuccRate": {
			"mean": 84.95579004502856,
			"stdDev": 5.414106115312658
		},
		"longPassSuccRate": {
			"mean": 70.11622186280323,
			"stdDev": 8.803540825046387
		},
		"succPressures": {
			"mean": 3.0481112856324817,
			"stdDev": 0.9836094915066736
		},
		"padjSuccPressures": {
			"mean": 3.014467554505167,
			"stdDev": 1.3957633521489357
		},
		"interceptions": {
			"mean": 0.970741330006923,
			"stdDev": 0.45565789838361526
		},
		"padjInterceptions": {
			"mean": 0.9502100005102088,
			"stdDev": 0.5164681861241439
		},
		"succTackles": {
			"mean": 1.5797753223642181,
			"stdDev": 0.6446967992304117
		},
		"padjSuccTackles": {
			"mean": 1.5527818099865265,
			"stdDev": 0.8326720748161431
		},
		"dribbleTackleRate": {
			"mean": 47.015238345679286,
			"stdDev": 15.174180162840138
		},
		"fouls": {
			"mean": 1.0709873135773331,