{
	"FW": {
		"npg": {
			"mean": 0.34767627863810563,
			"stdDev": 0.18705088862069666
		},
		"npxg": {
			"mean": 0.33999900136137456,
			"stdDev": 0.13618239493108214
		},
		"npxgPerShot": {
			"mean": 0.14131814792257524,
			"stdDev": 0.036951657173973404
		},
		"succAerials": {
			"mean": 2.381993758245295,
			"stdDev": 1.9042476570744644
		},
		"aerialSuccRate": {
			"mean": 37.475497436496,
			"stdDev": 12.069937798202258
		},
		"boxTouches": {
			"mean": 4.966746070921049,
			"stdDev": 1.346773564677454
		},
		"padjBoxTouches": {
			"mean": 13.669694805165575,
			"stdDev": 3.9443580317415448
		},
		"xa": {
			"mean": 0.12335940732041799,
			"stdDev": 0.07018185429918355
		},
		"padjXA": {
			"mean": 0.32550706012721975,
			"stdDev": 0.16405085937386835
		},
		"ppr": {
			"mean": 7.602086664486084,
			"stdDev": 1.8753107670262728
		},
		"padjPPR": {
			"mean": 20.74037315621631,
			"stdDev": 4.88047598161831
		},
		"epa": {
			"mean": 1.4102637275092536,
			"stdDev": 0.807607422213699
		},
		"padjEPA": {
			"mean": 3.6500985347512107,
			"stdDev": 1.592316620594799
		},
		"succDribbles": {
			"mean": 1.1804142505790594,
			"stdDev": 0.7219155757279223
		},
		"padjSuccDribbles": {
			"mean": 3.06035810812709,
			"stdDev": 1.5078885856495508
		},
		"turnovers": {
			"mean": 5.375357290526912,
			"stdDev": 1.4295680329146083
		},
		"padjTurnovers": {
			"mean": 14.664768664804708,
			"stdDev": 3.8289067377765504
		},
		"succPressures": {
			"mean": 3.860745228342832,
			"stdDev": 1.0915885278060544
		},
		"padjSuccPressures_att": {
			"mean": 3.977042360878999,
			"stdDev": 1.5023511764325663
		}
	},
	"AM": {
		"npg": {
			"mean": 0.20934560803362176,
			"stdDev": 0.13672772504210273
		},
		"npxg": {
			"mean": 0.19860751925945497,
			"stdDev": 0.10434623211668134
		},
		"npxgPerShot": {
			"mean": 0.10286443795065192,
			"stdDev": 0.035215170142401345
		},
		"xa": {
			"mean": 0.16819088484111408,
			"stdDev": 0.08077691788384167
		},
		"padjXA": {
			"mean": 0.3260630130388251,
			"stdDev": 0.1358916697787448
		},
		"sca": {
			"mean": 2.7136278127450315,
			"stdDev": 0.8755626247864658
		},
		"padjSCA": {
			"mean": 5.299233393334669,
			"stdDev": 1.3970046908083054
		},
		"epa": {
			"mean": 2.190092599166654,
			"stdDev": 0.9642212013816108
		},
		"padjEPA": {
			"mean": 4.27161485148931,
			"stdDev": 1.640495280936292
		},
		"progPasses": {
			"mean": 3.248851555040749,
			"stdDev": 1.3751202969645704
		},
		"padjProgPasses": {
			"mean": 6.1407252083061765,
			"stdDev": 1.6785179037152287
		},
		"progCarries": {
			"mean": 5.901009863602258,
			"stdDev": 2.079206372258141
		},
		"padjProgCarries": {
			"mean": 11.488103932105588,
			"stdDev": 3.335571494297287
		},
		"passSuccRate": {
			"mean": 74.67412592238031,
			"stdDev": 5.978667833373263
		},
		"succDribbles": {
			"mean": 1.7819957599153513,
			"stdDev": 0.8967070488520181
		},
		"padjSuccDribbles": {
			"mean": 3.514055746123237,
			"stdDev": 1.6891558818144077
		},
		"turnovers": {
			"mean": 5.227981149879931,
			"stdDev": 1.603978797339098
		},
		"padjTurnovers": {
			"mean": 10.524932629470284,
			"stdDev": 3.638185671213832
		},
		"succPressures": {
			"mean": 4.434814596935395,
			"stdDev": 1.2054772571932446
		},
		"padjSuccPressures": {
			"mean": 4.771864494899496,
			"stdDev": 1.764311860874501
		}
	},
	"CM": {
		"xa": {
			"mean": 0.08054847765247679,
			"stdDev": 0.0593201123090607
		},
		"padjXA": {
			"mean": 0.12901267175541364,
			"stdDev": 0.08964624348613867
		},
		"sca": {
			"mean": 1.7737247458141823,
			"stdDev": 0.7582499606901346
		},
		"padjSCA": {
			"mean": 2.8668908653074303,
			"stdDev": 1.147601233852466
		},
		"eft": {
			"mean": 5.4662307904385194,
			"stdDev": 2.23309163465414
		},
		"padjEFT": {
			"mean": 8.513738008853213,
			"stdDev": 1.9986580154370288
		},
		"progPasses": {
			"mean": 4.062949059744885,
			"stdDev": 1.5556288121933477
		},
		"padjProgPasses": {
			"mean": 6.38412964976558,
			"stdDev": 1.5507302734266952
		},
		"progCarries": {
			"mean": 4.2233398475449615,
			"stdDev": 1.9079763480860896
		},
		"padjProgCarries": {
			"mean": 6.674118210997471,
			"stdDev": 2.469199857463824
		},
		"passSuccRate": {
			"mean": 82.86741547555545,
			"stdDev": 5.517158828178455
		},
		"succDribbles": {
			"mean": 0.9222931892440082,
			"stdDev": 0.5463856695853384
		},
		"padjSuccDribbles": {
			"mean": 1.5209624962869877,
			"stdDev": 0.9220244282007461
		},
		"turnovers": {
			"mean": 2.4722487568519784,
			"stdDev": 1.2052573603896672
		},
		"padjTurnovers": {
			"mean": 4.1857888479820895,
			"stdDev": 2.3696894196411056
		},
		"succPressures": {
			"mean": 5.374488591387257,
			"stdDev": 1.193113900231827
		},
		"padjSuccPressures": {
			"mean": 5.624051065261703,
			"stdDev": 1.8496960432649137
		},
		"interceptions": {
			"mean": 1.308013230661581,
			"stdDev": 0.483742768031524
		},
		"padjInterceptions": {
			"mean": 1.352421456208213,
			"stdDev": 0.5718164761822269
		},
		"succTackles": {
			"mean": 2.2110889510613037,
			"stdDev": 0.7425138890501145
		},
		"padjSuccTackles": {
			"mean": 2.3082451241614903,
			"stdDev": 0.9604468498153522
		},
		"dribbleTackleRate": {
			"mean": 31.578195197036937,
			"stdDev": 8.730706443971574
		}
	},
	"FB": {
		"xa": {
			"mean": 0.08709976494131927,
			"stdDev": 0.05728268128390791
		},
		"padjXA": {
			"mean": 0.13468242592526214,
			"stdDev": 0.08732461073191995
		},
		"eft": {
			"mean": 4.350032792754377,
			"stdDev": 1.4327956337476244
		},
		"padjEFT": {
			"mean": 6.626895874032861,
			"stdDev": 1.353268540551875
		},
		"progPasses": {
			"mean": 3.768694764878824,
			"stdDev": 1.2448469668463928
		},
		"padjProgPasses": {
			"mean": 5.759369573906751,
			"stdDev": 1.3559913590869475
		},
		"progCarries": {
			"mean": 4.661945424645416,
			"stdDev": 1.6835523953577165
		},
		"padjProgCarries": {
			"mean": 7.1566572779110285,
			"stdDev": 2.186394550145607
		},
		"passSuccRate": {
			"mean": 77.52637135307901,
			"stdDev": 5.588062714383066
		},
		"succDribbles": {
			"mean": 0.8719504152671205,
			"stdDev": 0.5470466054018588
		},
		"padjSuccDribbles": {
			"mean": 1.3613286847349937,
			"stdDev": 0.8768878782117405
		},
		"turnovers": {
			"mean": 2.318286452697364,
			"stdDev": 0.9702413889980078
		},
		"padjTurnovers": {
			"mean": 3.692944748916409,
			"stdDev": 1.8114093594212575
		},
		"succPressures": {
			"mean": 3.8804074251199867,
			"stdDev": 0.9334068443061054
		},
		"padjSuccPressures": {
			"mean": 4.062133414448273,
			"stdDev": 1.4413894470086226
		},
		"interceptions": {
			"mean": 1.3018006753849423,
			"stdDev": 0.4458173759289903
		},
		"padjInterceptions": {
			"mean": 1.353727752543303,
			"stdDev": 0.5614657552303168
		},
		"succTackles": {
			"mean": 2.077898375819952,
			"stdDev": 0.6668942930752234
		},
		"padjSuccTackles": {
			"mean": 2.1589916648216407,
			"stdDev": 0.8783275661090687
		},
		"dribbleTackleRate": {
			"mean": 45.082436282803606,
			"stdDev": 9.695721091632413
		},
		"aerialSuccRate": {
			"mean": 50.7363072891401,
			"stdDev": 11.587179148012746
		}
	},
	"CB": {
		"eft": {
			"mean": 3.5801578726035106,
			"stdDev": 1.7377834803714216
		},
		"padjEFT": {
			"mean": 5.3400455007329946,
			"stdDev": 1.9443669256115181
		},
		"progPasses": {
			"mean": 2.878036857290104,
			"stdDev": 1.1690655699078827
		},
		"padjProgPasses": {
			"mean": 4.355337568015857,
			"stdDev": 1.3375029927001134
		},
		"progCarries": {
			"mean": 2.9180053629080205,
			"stdDev": 1.6229000049227638
		},
		"padjProgCarries": {
			"mean": 4.298070536752067,
			"stdDev": 1.8751489781680917
		},
		"passSuccRate": {
			"mean": 85.55720410157329,
			"stdDev": 5.034473932847425
		},
		"longPassSuccRate": {
			"mean": 70.00344579465296,
			"stdDev": 8.955583204586691
		},
		"succPressures": {
			"mean": 3.2441528283937284,
			"stdDev": 0.9286304977483643
		},
		"padjSuccPressures_def": {
			"mean": 3.367179070177851,
			"stdDev": 1.3358941237996376
		},