{
	"FW": {
		"npg": {
			"mean": 0.35530022636692477,
			"stdDev": 0.21383927081681098
		},
		"npxg": {
			"mean": 0.35315038683086014,
			"stdDev": 0.14544313280458968
		},
		"npxgPerShot": {
			"mean": 0.14350622908827954,
			"stdDev": 0.044393221588078936
		},
		"succAerials": {
			"mean": 2.4302012535850097,
			"stdDev": 1.8810928535381697
		},
		"aerialSuccRate": {
			"mean": 38.731282122270194,
			"stdDev": 12.739434317683125
		},
		"boxTouches": {
			"mean": 5.054036406654886,
			"stdDev": 1.393378874562975
		},
		"padjBoxTouches": {
			"mean": 14.053769220366538,
			"stdDev": 4.3970777455745
		},
		"xa": {
			"mean": 0.12212508797879289,
			"stdDev": 0.07551031417692824
		},
		"padjXA": {
			"mean": 0.3224095768906273,
			"stdDev": 0.18231138545977846
		},
		"ppa": {
			"mean": 0.6567550280199598,
			"stdDev": 0.5374921665112734
		},
		"padjPPA": {
			"mean": 1.636406318310088,
			"stdDev": 0.9436823369683802
		},
		"succDribbles": {
			"mean": 1.1555593435613594,
			"stdDev": 0.6754699115735409
		},
		"padjSuccDribbles": {
			"mean": 3.013003131416414,
			"stdDev": 1.3908417470015588
		},
		"dribbleSuccRate": {
			"mean": 56.02310114356624,
			"stdDev": 13.108251742732822
		},
		"turnovers": {
			"mean": 4.495552539797543,
			"stdDev": 1.2439538060320008
		},
		"padjTurnovers": {
			"mean": 12.44252432863366,
			"stdDev": 3.7212549476696264
		},
		"succPressures": {
			"mean": 3.7884866166498865,
			"stdDev": 1.2104195069780148
		},
		"padjSuccPressures_att": {
			"mean": 3.7533030967513787,
			"stdDev": 1.5475770081349511
		}
	},
	"AM": {
		"npg": {
			"mean": 0.21195562403871634,
			"stdDev": 0.14556066596206702
		},
		"npxg": {
			"mean": 0.20218243669329364,
			"stdDev": 0.11269488000755148
		},
		"npxgPerShot": {
			"mean": 0.10326288871871725,
			"stdDev": 0.03910074340152909
		},
		"xa": {
			"mean": 0.16560041428358951,
			"stdDev": 0.09403108762869387
		},
		"padjXA": {
			"mean": 0.3224098271327473,
			"stdDev": 0.1661546610575268
		},
		"sca": {
			"mean": 2.737372521758067,
			"stdDev": 0.9108997754343597
		},
		"padjSCA": {
			"mean": 5.399668776968656,
			"stdDev": 1.5060901443816368
		},
		"ppa": {
			"mean": 1.3094217477530856,
			"stdDev": 0.6868066793628316
		},
		"padjPPA": {
			"mean": 2.5198074634513654,
			"stdDev": 1.0196895825622376
		},
		"progDistance": {
			"mean": 248.46504034683653,
			"stdDev": 82.13727476309909
		},
		"padjProgDistance": {
			"mean": 479.8558684148098,
			"stdDev": 92.64181361717094
		},
		"passSuccRate": {
			"mean": 74.35858888673809,
			"stdDev": 6.392646240177077
		},
		"succDribbles": {
			"mean": 1.8341230803651023,
			"stdDev": 0.930958124728684
		},
		"padjSuccDribbles": {
			"mean": 3.650212499790664,
			"stdDev": 1.7956681201889468
		},
		"dribbleSuccRate": {
			"mean": 57.473680613330465,
			"stdDev": 10.212973177245306
		},
		"turnovers": {
			"mean": 3.9218379449124585,
			"stdDev": 1.143922861627106
		},
		"padjTurnovers": {
			"mean": 8.022388752176424,
			"stdDev": 2.828940248153018
		},
		"succPressures": {
			"mean": 4.3112288604135305,
			"stdDev": 1.2883751884246792
		},
		"padjSuccPressures": {
			"mean": 4.605529635657868,
			"stdDev": 1.9519608640811161
		}
	},
	"CM": {
		"xa": {
			"mean": 0.0794156406835741,
			"stdDev": 0.06720079747984754
		},
		"padjXA": {
			"mean": 0.1253264782474032,
			"stdDev": 0.10084006346541341
		},
		"sca": {
			"mean": 1.7386243730533577,
			"stdDev": 0.8002027930514438
		},
		"padjSCA": {
			"mean": 2.7864274634795136,
			"stdDev": 1.1811451785053266
		},
		"pft": {
			"mean": 4.278202217642128,
			"stdDev": 1.987290143200581
		},
		"padjPFT": {
			"mean": 6.563723296130472,
			"stdDev": 1.8148386627555795
		},
		"progDistance": {
			"mean": 313.04086532743037,
			"stdDev": 112.21270984436404
		},
		"padjProgDistance": {
			"mean": 487.6837693021064,
			"stdDev": 84.99366705819246
		},
		"passSuccRate": {
			"mean": 82.83676193570422,
			"stdDev": 5.733657433597671
		},
		"succDribbles": {
			"mean": 0.9088708906008944,
			"stdDev": 0.5667780249261655
		},
		"padjSuccDribbles": {
			"mean": 1.4928155412093473,
			"stdDev": 0.9497346490444868
		},
		"dribbleSuccRate": {
			"mean": 67.75224758979293,
			"stdDev": 14.62054630686007
		},
		"turnovers": {
			"mean": 1.9536142074584262,
			"stdDev": 0.976949988342894
		},
		"padjTurnovers": {
			"mean": 3.292617415248324,
			"stdDev": 1.8760970334913976
		},
		"succPressures": {
			"mean": 5.242663562501337,
			"stdDev": 1.3320463808076348
		},
		"padjSuccPressures": {
			"mean": 5.42996530205413,
			"stdDev": 2.0253038945255595
		},
		"interceptions": {
			"mean": 1.1129282602819135,
			"stdDev": 0.4403156728257763
		},
		"padjInterceptions": {
			"mean": 1.137265287846688,
			"stdDev": 0.5230436900236082
		},
		"succTackles": {
			"mean": 2.26298974217729,
			"stdDev": 0.8240516766254422
		},
		"padjSuccTackles": {
			"mean": 2.330523239712959,
			"stdDev": 1.0565912881256574
		},
		"dribbleTackleRate": {
			"mean": 31.178738854619564,
			"stdDev": 9.712840042066777
		}
	},
	"FB": {
		"xa": {
			"mean": 0.09124344536975182,
			"stdDev": 0.06163340268757416
		},
		"padjXA": {
			"mean": 0.13688950246142248,
			"stdDev": 0.09150625569908942
		},
		"pft": {
			"mean": 2.8240805299751295,
			"stdDev": 1.1929715579916815
		},
		"padjPFT": {
			"mean": 4.173390156551951,
			"stdDev": 1.2944386613875036
		},
		"progDistance": {
			"mean": 403.99949838909885,
			"stdDev": 93.55550356073962
		},
		"padjProgDistance": {
			"mean": 607.6900876424893,
			"stdDev": 85.68546186194695
		},
		"passSuccRate": {
			"mean": 77.13165593782102,
			"stdDev": 7.5431741330154995
		},
		"succDribbles": {
			"mean": 0.8771085023775154,
			"stdDev": 0.5744626428369889
		},
		"padjSuccDribbles": {
			"mean": 1.33283472814632,
			"stdDev": 0.8842136336674755
		},
		"dribbleSuccRate": {
			"mean": 58.01693073865044,
			"stdDev": 16.27083012958933
		},
		"turnovers": {
			"mean": 1.6781027375954043,
			"stdDev": 0.7258296872313199
		},
		"padjTurnovers": {
			"mean": 2.5979613947091447,
			"stdDev": 1.28816441480385
		},
		"succPressures": {
			"mean": 3.7043604146971845,
			"stdDev": 1.0303815475847244
		},
		"padjSuccPressures": {
			"mean": 3.899147148207823,
			"stdDev": 1.6302746738014164
		},
		"interceptions": {
			"mean": 1.0412837803588562,
			"stdDev": 0.45866578402131436
		},
		"padjInterceptions": {
			"mean": 1.0850332774842073,
			"stdDev": 0.5765816242559276
		},
		"succTackles": {
			"mean": 2.1353579488910306,
			"stdDev": 0.7402512877651293
		},
		"padjSuccTackles": {
			"mean": 2.2216911946958042,
			"stdDev": 0.9978688817256107
		},
		"dribbleTackleRate": {
			"mean": 45.33841190322698,
			"stdDev": 12.131537654920574
		},
		"aerialSuccRate": {
			"mean": 50.006864093276114,
			"stdDev": 13.911175717157576
		}
	},
	"CB": {
		"pft": {
			"mean": 3.06659378552663,
			"stdDev": 1.4593687034415526
		},
		"padjPFT": {
			"mean": 4.587218861028817,
			"stdDev": 1.6386252737507732
		},
		"progDistance": {
			"mean": 451.9353562198883,
			"stdDev": 134.62462469944808
		},
		"padjProgDistance": {
			"mean": 684.2093156864727,
			"stdDev": 101.34795726921634
		},
		"passSuccRate": {
			"mean": 84.8308815366354,
			"stdDev": 5.560907936872988
		},
		"longPassSuccRate": {
			"mean": 70.02273813159775,
			"stdDev": 9.014038633299924
		},
		"succPressures": {
			"mean": 3.0848042092425634,
			"stdDev": 0.9511251217698841
		},
		"padjSuccPressures_def": {
			"mean": 3.163764426600559,
			"stdDev": 1.3738792470134358
		},
		"interceptions": {
			"mean": 1.102778687689763,
			"stdDev": 0.49204318313456435
		},
		"padjInterceptions_def": {
			"mean": 1.11849465314458,
			"stdDev": 0.5743994281517378
		},
		"succTackles": {
			"mean": 1.6004689258706764,
			"stdDev": 0.6249958089284608
		},
		"padjSuccTackles_def": {
			"mean": 1.6272502775142894,
			"stdDev": 0.7872222359263394
		},
		"dribbleTackleRate": {
			"mean": 46.5759510687623,
			"stdDev": 15.004942971384235
		},
		"fouls": {
			"mean": 1.0823376568921264,