{
	"FW": {
		"npg": {
			"mean": 0.3609908984957952,
			"stdDev": 0.21335608648314358
		},
		"npxg": {
			"mean": 0.35002089580658996,
			"stdDev": 0.14536115909328906
		},
		"npxgPerShot": {
			"mean": 0.14173685498939212,
			"stdDev": 0.03858864134520521
		},
		"succAerials": {
			"mean": 2.4182327030106734,
			"stdDev": 1.8696782303804287
		},
		"aerialSuccRate": {
			"mean": 38.59807181546034,
			"stdDev": 11.991055407985908
		},
		"boxTouches": {
			"mean": 5.001812644063166,
			"stdDev": 1.3245658943613747
		},
		"padjBoxTouches": {
			"mean": 14.023208448509195,
			"stdDev": 4.1074215992582745
		},
		"xa": {
			"mean": 0.12025522816497855,
			"stdDev": 0.06962800775195639
		},
		"padjXA": {
			"mean": 0.3258568342271312,
			"stdDev": 0.1859130557763376
		},
		"ppa": {
			"mean": 0.6850103686884529,
			"stdDev": 0.5119220061957448
		},
		"padjPPA": {
			"mean": 1.7456244903511042,
			"stdDev": 0.8948439428107525
		},
		"succDribbles": {
			"mean": 1.1096800269342526,
			"stdDev": 0.6359917153569229
		},
		"padjSuccDribbles": {
			"mean": 2.9225522040761995,
			"stdDev": 1.2823185895213889
		},
		"dribbleSuccRate": {
			"mean": 55.22637287257969,
			"stdDev": 11.779264391382473
		},
		"turnovers": {
			"mean": 4.4351294110456205,
			"stdDev": 1.1884780514873607
		},
		"padjTurnovers": {
			"mean": 12.377610016566683,
			"stdDev": 3.4477666244624707
		},
		"succPressures": {
			"mean": 3.678595777244923,
			"stdDev": 1.1137737185699241
		},
		"padjSuccPressures_att": {
			"mean": 3.8117405414366057,
			"stdDev": 1.432936330436639
		}
	},
	"AM": {
		"npg": {
			"mean": 0.20566346030095245,
			"stdDev": 0.1306196736271271
		},
		"npxg": {
			"mean": 0.19317603865659294,
			"stdDev": 0.10118089182177353
		},
		"npxgPerShot": {
			"mean": 0.10204044734801533,
			"stdDev": 0.03824221730400852
		},
		"xa": {
			"mean": 0.16171859746195025,
			"stdDev": 0.07934758225015992
		},
		"padjXA": {
			"mean": 0.3202765936167488,
			"stdDev": 0.14326981754793244
		},
		"sca": {
			"mean": 2.658581016956487,
			"stdDev": 0.833512200854674
		},
		"padjSCA": {
			"mean": 5.3109197110155435,
			"stdDev": 1.4212848808834995
		},
		"ppa": {
			"mean": 1.2657602292498171,
			"stdDev": 0.6033534158659839
		},
		"padjPPA": {
			"mean": 2.4746246354355,
			"stdDev": 0.9180611631805499
		},
		"progDistance": {
			"mean": 245.16562288670536,
			"stdDev": 74.46594449099847
		},
		"padjProgDistance": {
			"mean": 481.62570611544214,
			"stdDev": 84.89318605858246
		},
		"passSuccRate": {
			"mean": 74.28554343840815,
			"stdDev": 5.893527202579738
		},
		"succDribbles": {
			"mean": 1.7950683057176406,
			"stdDev": 0.8731757131203866
		},
		"padjSuccDribbles": {
			"mean": 3.6364308208096103,
			"stdDev": 1.7884001673626762
		},
		"dribbleSuccRate": {
			"mean": 57.1127524344227,
			"stdDev": 9.064192736151751
		},
		"turnovers": {
			"mean": 3.8763991444373564,
			"stdDev": 1.0589397218588794
		},
		"padjTurnovers": {
			"mean": 8.006902221196922,
			"stdDev": 2.653343725671458
		},
		"succPressures": {
			"mean": 4.1778622253623885,
			"stdDev": 1.1783920800216887
		},
		"padjSuccPressures": {
			"mean": 4.53523079995737,
			"stdDev": 1.7520638530312773
		}
	},
	"CM": {
		"xa": {
			"mean": 0.07911039989383901,
			"stdDev": 0.06310661890342502
		},
		"padjXA": {
			"mean": 0.12601256156661064,
			"stdDev": 0.09374721516297983
		},
		"sca": {
			"mean": 1.733748521009634,
			"stdDev": 0.7728520422403209
		},
		"padjSCA": {
			"mean": 2.7954696976243025,
			"stdDev": 1.1278336340905988
		},
		"pft": {
			"mean": 4.1993957839098615,
			"stdDev": 1.8572365397389978
		},
		"padjPFT": {
			"mean": 6.5133488110918805,
			"stdDev": 1.6694937385696276
		},
		"progDistance": {
			"mean": 309.63178200705323,
			"stdDev": 108.80609495189559
		},
		"padjProgDistance": {
			"mean": 486.3772192282617,
			"stdDev": 83.12183134791104
		},
		"passSuccRate": {
			"mean": 82.89374940306274,
			"stdDev": 5.411150961610865
		},
		"succDribbles": {
			"mean": 0.9100113934440661,
			"stdDev": 0.5510901747263001
		},
		"padjSuccDribbles": {
			"mean": 1.4993249153566255,
			"stdDev": 0.9166053507147404
		},
		"dribbleSuccRate": {
			"mean": 67.20790772790141,
			"stdDev": 12.36833199183783
		},
		"turnovers": {
			"mean": 1.9509361590135308,
			"stdDev": 0.9008630044292207
		},
		"padjTurnovers": {
			"mean": 3.297219382804209,
			"stdDev": 1.7421758619819248
		},
		"succPressures": {
			"mean": 5.205361443478274,
			"stdDev": 1.1993506805739695
		},
		"padjSuccPressures": {
			"mean": 5.559685658322856,
			"stdDev": 1.865330774833572
		},
		"interceptions": {
			"mean": 1.234179011280433,
			"stdDev": 0.4726684954611452
		},
		"padjInterceptions": {
			"mean": 1.295930250773595,
			"stdDev": 0.5471618522384563
		},
		"succTackles": {
			"mean": 2.2496859659211217,
			"stdDev": 0.7817512685924224
		},
		"padjSuccTackles": {
			"mean": 2.392979346806213,
			"stdDev": 1.0074888619346376
		},
		"dribbleTackleRate": {
			"mean": 32.08737226398793,
			"stdDev": 9.379710197213837
		}
	},
	"FB": {
		"xa": {
			"mean": 0.09117728123115179,
			"stdDev": 0.06147748280395695
		},
		"padjXA": {
			"mean": 0.1391015498600728,
			"stdDev": 0.09392988150674084
		},
		"pft": {
			"mean": 2.8269489553280587,
			"stdDev": 1.1898774087389548
		},
		"padjPFT": {
			"mean": 4.218249094089856,
			"stdDev": 1.2620208584376353
		},
		"progDistance": {
			"mean": 400.92113251712254,
			"stdDev": 87.966211668606
		},
		"padjProgDistance": {
			"mean": 609.6079803732067,
			"stdDev": 72.95856172150098
		},
		"passSuccRate": {
			"mean": 77.47665362267992,
			"stdDev": 5.450944992401872
		},
		"succDribbles": {
			"mean": 0.8681629641522343,
			"stdDev": 0.5512840061879193
		},
		"padjSuccDribbles": {
			"mean": 1.3337035372813861,
			"stdDev": 0.860063943473068
		},
		"dribbleSuccRate": {
			"mean": 57.657228871855324,
			"stdDev": 13.01872708405533
		},
		"turnovers": {
			"mean": 1.6818174739674008,
			"stdDev": 0.6776988952354144
		},
		"padjTurnovers": {
			"mean": 2.629726817723657,
			"stdDev": 1.2257798655492687
		},
		"succPressures": {
			"mean": 3.689181680963278,
			"stdDev": 0.9271929631460383
		},
		"padjSuccPressures": {
			"mean": 3.975811678570229,
			"stdDev": 1.5075450953673872
		},
		"interceptions": {
			"mean": 1.1948359398981143,
			"stdDev": 0.4269853487755034
		},
		"padjInterceptions": {
			"mean": 1.27876759390636,
			"stdDev": 0.5608040671129454
		},
		"succTackles": {
			"mean": 2.0859806219073755,
			"stdDev": 0.6983305442088562
		},
		"padjSuccTackles": {
			"mean": 2.222916126666683,
			"stdDev": 0.9288957687652121
		},
		"dribbleTackleRate": {
			"mean": 45.22142775132092,
			"stdDev": 10.034767796226825
		},
		"aerialSuccRate": {
			"mean": 50.702662571164346,
			"stdDev": 12.090790056901803
		}
	},
	"CB": {
		"pft": {
			"mean": 3.0333137595215094,
			"stdDev": 1.4352292506841173
		},
		"padjPFT": {
			"mean": 4.563868579761356,
			"stdDev": 1.5765859130769753
		},
		"progDistance": {
			"mean": 447.1876284849953,
			"stdDev": 129.14944712226108
		},
		"padjProgDistance": {
			"mean": 683.5638572287712,
			"stdDev": 97.45028070162196
		},
		"passSuccRate": {
			"mean": 85.325182307465,
			"stdDev": 5.1037945866870436
		},
		"longPassSuccRate": {
			"mean": 70.0996203805424,
			"stdDev": 8.85305273498257
		},
		"succPressures": {
			"mean": 3.05951862140958,
			"stdDev": 0.9014338286678804
		},
		"padjSuccPressures_def": {
			"mean": 3.1899898240841633,
			"stdDev": 1.2814390206616846
		},
		"interceptions": {
			"mean": 1.2616739033170659,
			"stdDev": 0.48285795660217967
		},
		"padjInterceptions_def": {
			"mean": 1.3030150413317747,
			"stdDev": 0.5707798088592277
		},
		"succTackles": {
			"mean": 1.5501955597695176,
			"stdDev": 0.5739479538932373
		},
		"padjSuccTackles_def": {
			"mean": 1.606984457271596,
			"stdDev": 0.7265814014188506
		},
		"dribbleTackleRate": {
			"mean": 45.9659139531962,
			"stdDev": 12.82795156227089
		},
		"fouls": {
			"mean": 1.07563264850238,