{
	"FW": {
		"npg": {
			"mean": 0.34767627863810563,
			"stdDev": 0.18705088862069666,
			"median": 0.3275705186533212
		},
		"npxg": {
			"mean": 0.33999900136137456,
			"stdDev": 0.13618239493108214,
			"median": 0.3257668711656442
		},
		"npxgPerShot": {
			"mean": 0.14131814792257524,
			"stdDev": 0.036951657173973404,
			"median": 0.13421052631578947
		},
		"succAerials": {
			"mean": 2.381993758245295,
			"stdDev": 1.9042476570744644,
			"median": 1.793275217932752
		},
		"aerialSuccRate": {
			"mean": 37.475497436496,
			"stdDev": 12.069937798202258,
			"median": 37.254901960784316
		},
		"boxTouches": {
			"mean": 4.966746070921049,
			"stdDev": 1.346773564677454,
			"median": 4.967532467532467
		},
		"padjBoxTouches": {
			"mean": 13.669694805165575,
			"stdDev": 3.9443580317415448,
			"median": 13.737075332348597
		},
		"xa": {
			"mean": 0.12335940732041799,
			"stdDev": 0.07018185429918355,
			"median": 0.11358173076923078
		},
		"padjXA": {
			"mean": 0.32550706012721975,
			"stdDev": 0.16405085937386835,
			"median": 0.3125
		},
		"ppr": {
			"mean": 7.602086664486084,
			"stdDev": 1.8753107670262728,
			"median": 7.329605033205174
		},
		"padjPPR": {
			"mean": 20.74037315621631,
			"stdDev": 4.88047598161831,
			"median": 20.954907161803714
		},
		"epa": {
			"mean": 1.4102637275092536,
			"stdDev": 0.807607422213699,
			"median": 1.202290076335878
		},
		"padjEPA": {
			"mean": 3.6500985347512107,
			"stdDev": 1.592316620594799,
			"median": 3.4615384615384617
		},
		"succDribbles": {
			"mean": 1.1804142505790594,
			"stdDev": 0.7219155757279223,
			"median": 1.0443037974683544
		},
		"padjSuccDribbles": {
			"mean": 3.06035810812709,
			"stdDev": 1.5078885856495508,
			"median": 3.018108651911469
		},
		"turnoversBelowExpected": {
			"mean": -0.156870705238065,
			"stdDev": 1.2461263295966056,
			"median": -0.20203804459497635
		},
		"succPressures": {
			"mean": 3.860745228342832,
			"stdDev": 1.0915885278060544,
			"median": 3.7041800643086815
		},
		"padjSuccPressures_att": {
			"mean": 3.977042360878999,
			"stdDev": 1.5023511764325663,
			"median": 3.8613501455637813
		}
	},
	"AM": {
		"npg": {
			"mean": 0.20934560803362176,
			"stdDev": 0.13672772504210273,
			"median": 0.1817844399022046
		},
		"npxg": {
			"mean": 0.19860751925945497,
			"stdDev": 0.10434623211668134,
			"median": 0.1814071289672894
		},
		"npxgPerShot": {
			"mean": 0.10286443795065192,
			"stdDev": 0.035215170142401345,
			"median": 0.09878031878031879
		},
		"xa": {
			"mean": 0.16819088484111408,
			"stdDev": 0.08077691788384167,
			"median": 0.15700035577394258
		},
		"padjXA": {
			"mean": 0.3260630130388251,
			"stdDev": 0.1358916697787448,
			"median": 0.3200022755717374
		},
		"sca": {
			"mean": 2.7136278127450315,
			"stdDev": 0.8755626247864658,
			"median": 2.673893188188795
		},
		"padjSCA": {
			"mean": 5.299233393334669,
			"stdDev": 1.3970046908083054,
			"median": 5.25827664399093
		},
		"epa": {
			"mean": 2.190092599166654,
			"stdDev": 0.9642212013816108,
			"median": 2.014611470453101
		},
		"padjEPA": {
			"mean": 4.27161485148931,
			"stdDev": 1.640495280936292,
			"median": 4.141996488988189
		},
		"progPasses": {
			"mean": 3.248851555040749,
			"stdDev": 1.3751202969645704,
			"median": 2.9814697034138042
		},
		"padjProgPasses": {
			"mean": 6.1407252083061765,
			"stdDev": 1.6785179037152287,
			"median": 5.9917950328909235
		},
		"progCarries": {
			"mean": 5.901009863602258,
			"stdDev": 2.079206372258141,
			"median": 5.541865107916181
		},
		"padjProgCarries": {
			"mean": 11.488103932105588,
			"stdDev": 3.335571494297287,
			"median": 11.248818525519848
		},
		"passSuccRateAboveExpected": {
			"mean": 0.05642730518236121,
			"stdDev": 2.3804021183548425,
			"median": 0.04308827800782487
		},
		"succDribbles": {
			"mean": 1.7819957599153513,
			"stdDev": 0.8967070488520181,
			"median": 1.6112328942346954
		},
		"padjSuccDribbles": {
			"mean": 3.514055746123237,
			"stdDev": 1.6891558818144077,
			"median": 3.2917558400933533
		},
		"turnoversBelowExpected": {
			"mean": 0.1521597466566546,
			"stdDev": 1.0738408872618068,
			"median": 0.05814487843490692
		},
		"succPressures": {
			"mean": 4.434814596935395,
			"stdDev": 1.2054772571932446,
			"median": 4.309215148310568
		},
		"padjSuccPressures": {
			"mean": 4.771864494899496,
			"stdDev": 1.764311860874501,
			"median": 4.466329859771256
		}
	},
	"CM": {
		"xa": {
			"mean": 0.08054847765247679,
			"stdDev": 0.0593201123090607,
			"median": 0.06620689655172414
		},
		"padjXA": {
			"mean": 0.12901267175541364,
			"stdDev": 0.08964624348613867,
			"median": 0.10695187165775401
		},
		"sca": {
			"mean": 1.7737247458141823,
			"stdDev": 0.7582499606901346,
			"median": 1.6551724137931034
		},
		"padjSCA": {
			"mean": 2.8668908653074303,
			"stdDev": 1.147601233852466,
			"median": 2.6962252846015575
		},
		"eft": {
			"mean": 5.4662307904385194,
			"stdDev": 2.23309163465414,
			"median": 5.156889495225102
		},
		"padjEFT": {
			"mean": 8.513738008853213,
			"stdDev": 1.9986580154370288,
			"median": 8.442408376963352
		},
		"progPasses": {
			"mean": 4.062949059744885,
			"stdDev": 1.5556288121933477,
			"median": 3.8207547169811322
		},
		"padjProgPasses": {
			"mean": 6.38412964976558,
			"stdDev": 1.5507302734266952,
			"median": 6.237424547283703
		},
		"progCarries": {
			"mean": 4.2233398475449615,
			"stdDev": 1.9079763480860896,
			"median": 4.090909090909091
		},
		"padjProgCarries": {
			"mean": 6.674118210997471,
			"stdDev": 2.469199857463824,
			"median": 6.419479800774765
		},
		"passSuccRateAboveExpected": {
			"mean": 0.5361631044978209,
			"stdDev": 1.9699766432266026,
			"median": 0.5597465176257719
		},
		"succDribbles": {
			"mean": 0.9222931892440082,
			"stdDev": 0.5463856695853384,
			"median": 0.8027282266526757
		},
		"padjSuccDribbles": {
			"mean": 1.5209624962869877,
			"stdDev": 0.9220244282007461,
			"median": 1.338255652976465
		},
		"turnoversBelowExpected": {
			"mean": 0.2703454777480915,
			"stdDev": 0.6939488204252028,
			"median": 0.24916552569821826
		},
		"succPressures": {
			"mean": 5.374488591387257,
			"stdDev": 1.193113900231827,
			"median": 5.351900639819345
		},
		"padjSuccPressures": {
			"mean": 5.624051065261703,
			"stdDev": 1.8496960432649137,
			"median": 5.481434468394394
		},
		"interceptions": {
			"mean": 1.308013230661581,
			"stdDev": 0.483742768031524,
			"median": 1.2543554006968642
		},
		"padjInterceptions": {
			"mean": 1.352421456208213,
			"stdDev": 0.5718164761822269,
			"median": 1.2671917076613093
		},
		"succTackles": {
			"mean": 2.2110889510613037,
			"stdDev": 0.7425138890501145,
			"median": 2.122999157540017
		},
		"padjSuccTackles": {
			"mean": 2.3082451241614903,
			"stdDev": 0.9604468498153522,
			"median": 2.173078008633503
		},
		"dribbleTackleRate": {
			"mean": 31.578195197036937,
			"stdDev": 8.730706443971574,
			"median": 31.343283582089555
		}
	},
	"FB": {
		"xa": {
			"mean": 0.08709976494131927,
			"stdDev": 0.05728268128390791,
			"median": 0.0793109198424813
		},
		"padjXA": {
			"mean": 0.13468242592526214,
			"stdDev": 0.08732461073191995,
			"median": 0.12030104722866192
		},
		"eft": {
			"mean": 4.350032792754377,
			"stdDev": 1.4327956337476244,
			"median": 4.205813054678369
		},
		"padjEFT": {
			"mean": 6.626895874032861,
			"stdDev": 1.353268540551875,
			"median": 6.547853549106696
		},
		"progPasses": {
			"mean": 3.768694764878824,
			"stdDev": 1.2448469668463928,
			"median": 3.6067824063747205
		},
		"padjProgPasses": {
			"mean": 5.759369573906751,
			"stdDev": 1.3559913590869475,
			"median": 5.627882177637479
		},
		"progCarries": {
			"mean": 4.661945424645416,
			"stdDev": 1.6835523953577165,
			"median": 4.495147795160901
		},
		"padjProgCarries": {
			"mean": 7.1566572779110285,
			"stdDev": 2.186394550145607,
			"median": 6.9469060887735115
		},
		"passSuccRateAboveExpected": {
			"mean": 0.5416843075127731,
			"stdDev": 2.0262133398755195,