{
	"FW": {
		"npg": {
			"mean": 0.3611119847732665,
			"stdDev": 0.22821110905038045
		},
		"npxg": {
			"mean": 0.35900129214410625,
			"stdDev": 0.15408171060029752
		},
		"npxgPerShot": {
			"mean": 0.14283875014396027,
			"stdDev": 0.04218307398493794
		},
		"succAerials": {
			"mean": 2.465079098544473,
			"stdDev": 1.9313647404692518
		},
		"aerialSuccRate": {
			"mean": 39.125369470969915,
			"stdDev": 13.120196814643965
		},
		"boxTouches": {
			"mean": 5.130090249762252,
			"stdDev": 1.4808365906327932
		},
		"padjBoxTouches": {
			"mean": 14.147867487692645,
			"stdDev": 4.338402969550466
		},
		"xa": {
			"mean": 0.1265232921126355,
			"stdDev": 0.0815911633949588
		},
		"padjXA": {
			"mean": 0.32958412001034065,
			"stdDev": 0.18851809886627452
		},
		"ppa": {
			"mean": 0.6679577159500404,
			"stdDev": 0.5901182113402307
		},
		"padjPPA": {
			"mean": 1.6291199411719788,
			"stdDev": 0.9794245506623739
		},
		"succDribbles": {
			"mean": 1.2348011928127585,
			"stdDev": 0.8624267667823633
		},
		"padjSuccDribbles": {
			"mean": 3.150946477597104,
			"stdDev": 1.563390355781141
		},
		"dribbleSuccRate": {
			"mean": 56.376762883975566,
			"stdDev": 13.678067756441099
		},
		"turnovers": {
			"mean": 4.504767179805919,
			"stdDev": 1.2954255074662786
		},
		"padjTurnovers": {
			"mean": 12.43125284881999,
			"stdDev": 3.8456295753291077
		},
		"succPressures": {
			"mean": 3.761430673555382,
			"stdDev": 1.2252791854375966
		},
		"padjSuccPressures": {
			"mean": 3.537532496087742,
			"stdDev": 1.4071070467107505
		}
	},
	"AM": {
		"npg": {
			"mean": 0.20935226947649804,
			"stdDev": 0.15326004558982834
		},
		"npxg": {
			"mean": 0.20344485402415333,
			"stdDev": 0.11219884025977228
		},
		"npxgPerShot": {
			"mean": 0.10415344097414966,
			"stdDev": 0.04144175306859503
		},
		"xa": {
			"mean": 0.16874861011180933,
			"stdDev": 0.09758466510854825
		},
		"padjXA": {
			"mean": 0.3276198010747651,
			"stdDev": 0.17379028697100182
		},
		"sca": {
			"mean": 2.747556393482261,
			"stdDev": 0.935129073869386
		},
		"padjSCA": {
			"mean": 5.391086760073031,
			"stdDev": 1.5473054489934144
		},
		"ppa": {
			"mean": 1.3133824875269067,
			"stdDev": 0.6950743397765111
		},
		"padjPPA": {
			"mean": 2.5165901395365533,
			"stdDev": 1.01486790587089
		},
		"progDistance": {
			"mean": 251.32050501196926,
			"stdDev": 82.39474639015366
		},
		"padjProgDistance": {
			"mean": 483.38396721438727,
			"stdDev": 90.94839046246747
		},
		"passSuccRate": {
			"mean": 74.35577452936815,
			"stdDev": 6.2735732566200975
		},
		"succDribbles": {
			"mean": 1.8086660237517276,
			"stdDev": 0.9037392779803702
		},
		"padjSuccDribbles": {
			"mean": 3.5856216033583745,
			"stdDev": 1.761243347228667
		},
		"dribbleSuccRate": {
			"mean": 57.526773712065726,
			"stdDev": 10.531156733826808
		},
		"turnovers": {
			"mean": 3.927429341698254,
			"stdDev": 1.1289853135338668
		},
		"padjTurnovers": {
			"mean": 8.012994138969542,
			"stdDev": 2.8674837189815054
		},
		"succPressures": {
			"mean": 4.330320871860727,
			"stdDev": 1.296716305560018
		},
		"padjSuccPressures": {
			"mean": 4.514946049877699,
			"stdDev": 2.030430458505619
		}
	},
	"CM": {
		"xa": {
			"mean": 0.07931774028781385,
			"stdDev": 0.06764272656448636
		},
		"padjXA": {
			"mean": 0.12470344355032519,
			"stdDev": 0.10120159346416263
		},
		"sca": {
			"mean": 1.7377246553361219,
			"stdDev": 0.8005940833496242
		},
		"padjSCA": {
			"mean": 2.775881057626155,
			"stdDev": 1.1687002500442072
		},
		"pft": {
			"mean": 4.31037887809443,
			"stdDev": 1.9758324880854623
		},
		"padjPFT": {
			"mean": 6.618864439359531,
			"stdDev": 1.8162186157201654
		},
		"progDistance": {
			"mean": 314.4013747862215,
			"stdDev": 113.10375111368586
		},
		"padjProgDistance": {
			"mean": 489.33298917390243,
			"stdDev": 86.34469184471007
		},
		"passSuccRate": {
			"mean": 82.93715309736481,
			"stdDev": 5.555600724754901
		},
		"succDribbles": {
			"mean": 0.9070177980726155,
			"stdDev": 0.5772214657191579
		},
		"padjSuccDribbles": {
			"mean": 1.4856542082812023,
			"stdDev": 0.953148801687784
		},
		"dribbleSuccRate": {
			"mean": 67.31848798709655,
			"stdDev": 15.673629712504992
		},
		"turnovers": {
			"mean": 1.9166370224218345,
			"stdDev": 0.9324166702713632
		},
		"padjTurnovers": {
			"mean": 3.2204790410579887,
			"stdDev": 1.7708783502936625
		},
		"succPressures": {
			"mean": 5.243787907787267,
			"stdDev": 1.2996631278640067
		},
		"padjSuccPressures": {
			"mean": 5.2522822449719735,
			"stdDev": 2.070307705104578
		},
		"interceptions": {
			"mean": 1.072258308860216,
			"stdDev": 0.4184456511796489
		},
		"padjInterceptions": {
			"mean": 1.0680863951077302,
			"stdDev": 0.5222545035501927
		},
		"succTackles": {
			"mean": 2.2727127611782523,
			"stdDev": 0.8158329910140657
		},
		"padjSuccTackles": {
			"mean": 2.2638472469476802,
			"stdDev": 1.063139793585874
		},
		"dribbleTackleRate": {
			"mean": 31.31479118916912,
			"stdDev": 9.848843638448383
		}
	},
	"FB": {
		"xa": {
			"mean": 0.09208940652325971,
			"stdDev": 0.06281409452878847
		},
		"padjXA": {
			"mean": 0.1358486993303915,
			"stdDev": 0.0875262251953979
		},
		"pft": {
			"mean": 2.869211825824013,
			"stdDev": 1.1776988618532076
		},
		"padjPFT": {
			"mean": 4.2156635041414825,
			"stdDev": 1.2669421411014081
		},
		"progDistance": {
			"mean": 407.9180845445943,
			"stdDev": 93.54641060256107
		},
		"padjProgDistance": {
			"mean": 609.0140792739378,
			"stdDev": 86.8886949509902
		},
		"passSuccRate": {
			"mean": 77.29648261324427,
			"stdDev": 7.7353253852982595
		},
		"succDribbles": {
			"mean": 0.881970101415242,
			"stdDev": 0.5364299199353167
		},
		"padjSuccDribbles": {
			"mean": 1.325740786940645,
			"stdDev": 0.7991298099316143
		},
		"dribbleSuccRate": {
			"mean": 58.807705397520515,
			"stdDev": 15.956139734737558
		},
		"turnovers": {
			"mean": 1.6648283818447052,
			"stdDev": 0.6644977819855846
		},
		"padjTurnovers": {
			"mean": 2.543519793805507,
			"stdDev": 1.0909809533992525
		},
		"succPressures": {
			"mean": 3.715423249321379,
			"stdDev": 1.0333200838854664
		},
		"padjSuccPressures": {
			"mean": 3.775847681438022,
			"stdDev": 1.6423545741900512
		},
		"interceptions": {
			"mean": 0.9963963385452383,
			"stdDev": 0.4481362455424589
		},
		"padjInterceptions": {
			"mean": 0.9970609081636322,
			"stdDev": 0.5447416652041384
		},
		"succTackles": {
			"mean": 2.1611483166901113,
			"stdDev": 0.725916171638827
		},
		"padjSuccTackles": {
			"mean": 2.1752557374819337,
			"stdDev": 0.996336132428414
		},
		"dribbleTackleRate": {
			"mean": 45.422401240776715,
			"stdDev": 12.362780428133094
		},
		"aerialSuccRate": {
			"mean": 49.361406953319594,
			"stdDev": 14.382838116254065
		}
	},
	"CB": {
		"pft": {
			"mean": 3.0868388592847738,
			"stdDev": 1.4727779905728853
		},
		"padjPFT": {
			"mean": 4.600223236471108,
			"stdDev": 1.6770330873120152
		},
		"progDistance": {
			"mean": 456.16965670981205,
			"stdDev": 134.93404073993457
		},
		"padjProgDistance": {
			"mean": 687.8672133449485,
			"stdDev": 101.80023810313608
		},
		"passSuccRate": {
			"mean": 85.08999917528514,
			"stdDev": 5.350555630343589
		},
		"longPassSuccRate": {
			"mean": 70.21112109985478,
			"stdDev": 8.921770720583716
		},
		"succPressures": {
			"mean": 3.070772629269503,
			"stdDev": 0.9631322815312823
		},
		"padjSuccPressures": {
			"mean": 3.0696167040437876,
			"stdDev": 1.4228920509706326
		},
		"interceptions": {
			"mean": 1.0350430812184874,
			"stdDev": 0.45059245733140435
		},
		"padjInterceptions": {
			"mean": 1.026662702922744,
			"stdDev": 0.5522138912612464
		},
		"succTackles": {
			"mean": 1.5898562609002052,
			"stdDev": 0.6292186457864546
		},
		"padjSuccTackles": {
			"mean": 1.5788515415811,
			"stdDev": 0.8310357591327462
		},
		"dribbleTackleRate": {
			"mean": 46.74993070672032,
			"stdDev": 15.970316111414846
		},
		"fouls": {
			"mean": 1.0757409571221592,