{
	"FW": {
		"npg": {
			"mean": 0.34767627863810563,
			"stdDev": 0.18705088862069666
		},
		"npxg": {
			"mean": 0.33999900136137456,
			"stdDev": 0.13618239493108214
		},
		"npxgPerShot": {
			"mean": 0.14131814792257524,
			"stdDev": 0.036951657173973404
		},
		"succAerials": {
			"mean": 2.381993758245295,
			"stdDev": 1.9042476570744644
		},
		"aerialSuccRate": {
			"mean": 37.475497436496,
			"stdDev": 12.069937798202258
		},
		"boxTouches": {
			"mean": 4.966746070921049,
			"stdDev": 1.346773564677454
		},
		"padjBoxTouches": {
			"mean": 13.669694805165575,
			"stdDev": 3.9443580317415448
		},
		"xa": {
			"mean": 0.12335940732041799,
			"stdDev": 0.07018185429918355
		},
		"padjXA": {
			"mean": 0.32550706012721975,
			"stdDev": 0.16405085937386835
		},
		"ppa": {
			"mean": 0.718299427289998,
			"stdDev": 0.5116049358357244
		},
		"padjPPA": {
			"mean": 1.8024007668170892,
			"stdDev": 0.8962552401241818
		},
		"succDribbles": {
			"mean": 1.1804142505790594,
			"stdDev": 0.7219155757279223
		},
		"padjSuccDribbles": {
			"mean": 3.06035810812709,
			"stdDev": 1.5078885856495508
		},
		"dribbleSuccRate": {
			"mean": 55.65204538587107,
			"stdDev": 11.018123603166524
		},
		"turnovers": {
			"mean": 4.453234224603586,
			"stdDev": 1.1062451220102667
		},
		"padjTurnovers": {
			"mean": 12.230294866422687,
			"stdDev": 3.2747102209282204
		},
		"succPressures": {
			"mean": 3.860745228342832,
			"stdDev": 1.0915885278060544
		},
		"padjSuccPressures_att": {
			"mean": 3.977042360878999,
			"stdDev": 1.5023511764325663
		}
	},
	"AM": {
		"npg": {
			"mean": 0.20934560803362176,
			"stdDev": 0.13672772504210273
		},
		"npxg": {
			"mean": 0.19860751925945497,
			"stdDev": 0.10434623211668134
		},
		"npxgPerShot": {
			"mean": 0.10286443795065192,
			"stdDev": 0.035215170142401345
		},
		"xa": {
			"mean": 0.16819088484111408,
			"stdDev": 0.08077691788384167
		},
		"padjXA": {
			"mean": 0.3260630130388251,
			"stdDev": 0.1358916697787448
		},
		"sca": {
			"mean": 2.7136278127450315,
			"stdDev": 0.8755626247864658
		},
		"padjSCA": {
			"mean": 5.299233393334669,
			"stdDev": 1.3970046908083054
		},
		"ppa": {
			"mean": 1.3165701537874528,
			"stdDev": 0.6335946828329393
		},
		"padjPPA": {
			"mean": 2.5134438391767358,
			"stdDev": 0.8981392944403916
		},
		"progDistance": {
			"mean": 252.20272638385654,
			"stdDev": 78.38682911829432
		},
		"padjProgDistance": {
			"mean": 483.5011987580066,
			"stdDev": 85.02177187111012
		},
		"passSuccRate": {
			"mean": 74.67412592238031,
			"stdDev": 5.978667833373263
		},
		"succDribbles": {
			"mean": 1.7819957599153513,
			"stdDev": 0.8967070488520181
		},
		"padjSuccDribbles": {
			"mean": 3.514055746123237,
			"stdDev": 1.6891558818144077
		},
		"dribbleSuccRate": {
			"mean": 56.79142011825605,
			"stdDev": 8.538959791719773
		},
		"turnovers": {
			"mean": 3.8940189055619063,
			"stdDev": 1.1220215704514025
		},
		"padjTurnovers": {
			"mean": 7.8591072883844415,
			"stdDev": 2.665437839600443
		},
		"succPressures": {
			"mean": 4.434814596935395,
			"stdDev": 1.2054772571932446
		},
		"padjSuccPressures": {
			"mean": 4.771864494899496,
			"stdDev": 1.764311860874501
		}
	},
	"CM": {
		"xa": {
			"mean": 0.08054847765247679,
			"stdDev": 0.0593201123090607
		},
		"padjXA": {
			"mean": 0.12901267175541364,
			"stdDev": 0.08964624348613867
		},
		"sca": {
			"mean": 1.7737247458141823,
			"stdDev": 0.7582499606901346
		},
		"padjSCA": {
			"mean": 2.8668908653074303,
			"stdDev": 1.147601233852466
		},
		"pft": {
			"mean": 4.1396940804433635,
			"stdDev": 1.8276237703694143
		},
		"padjPFT": {
			"mean": 6.404302652258488,
			"stdDev": 1.656924638735508
		},
		"progDistance": {
			"mean": 312.9051979538808,
			"stdDev": 107.07045251273945
		},
		"padjProgDistance": {
			"mean": 490.7992072012731,
			"stdDev": 81.92555399670312
		},
		"passSuccRate": {
			"mean": 82.86741547555545,
			"stdDev": 5.517158828178455
		},
		"succDribbles": {
			"mean": 0.9222931892440082,
			"stdDev": 0.5463856695853384
		},
		"padjSuccDribbles": {
			"mean": 1.5209624962869877,
			"stdDev": 0.9220244282007461
		},
		"dribbleSuccRate": {
			"mean": 66.61206979470339,
			"stdDev": 12.22543632753053
		},
		"turnovers": {
			"mean": 1.99655406879245,
			"stdDev": 0.9188971340043818
		},
		"padjTurnovers": {
			"mean": 3.3755686098442133,
			"stdDev": 1.81671630930256
		},
		"succPressures": {
			"mean": 5.374488591387257,
			"stdDev": 1.193113900231827
		},
		"padjSuccPressures": {
			"mean": 5.624051065261703,
			"stdDev": 1.8496960432649137
		},
		"interceptions": {
			"mean": 1.308013230661581,
			"stdDev": 0.483742768031524
		},
		"padjInterceptions": {
			"mean": 1.352421456208213,
			"stdDev": 0.5718164761822269
		},
		"succTackles": {
			"mean": 2.2110889510613037,
			"stdDev": 0.7425138890501145
		},
		"padjSuccTackles": {
			"mean": 2.3082451241614903,
			"stdDev": 0.9604468498153522
		},
		"dribbleTackleRate": {
			"mean": 31.578195197036937,
			"stdDev": 8.730706443971574
		}
	},
	"FB": {
		"xa": {
			"mean": 0.08709976494131927,
			"stdDev": 0.05728268128390791
		},
		"padjXA": {
			"mean": 0.13468242592526214,
			"stdDev": 0.08732461073191995
		},
		"pft": {
			"mean": 2.7789203309419017,
			"stdDev": 1.1385725124445913
		},
		"padjPFT": {
			"mean": 4.208552863136414,
			"stdDev": 1.2121251439833671
		},
		"progDistance": {
			"mean": 395.25703885922024,
			"stdDev": 89.3646002945898
		},
		"padjProgDistance": {
			"mean": 608.5907213914015,
			"stdDev": 72.97315937864616
		},
		"passSuccRate": {
			"mean": 77.52637135307901,
			"stdDev": 5.588062714383066
		},
		"succDribbles": {
			"mean": 0.8719504152671205,
			"stdDev": 0.5470466054018588
		},
		"padjSuccDribbles": {
			"mean": 1.3613286847349937,
			"stdDev": 0.8768878782117405
		},
		"dribbleSuccRate": {
			"mean": 57.60847182300992,
			"stdDev": 12.036872342496636
		},
		"turnovers": {
			"mean": 1.68989529111423,
			"stdDev": 0.6766470438709438
		},
		"padjTurnovers": {
			"mean": 2.6913252726839816,
			"stdDev": 1.2741282532522373
		},
		"succPressures": {
			"mean": 3.8804074251199867,
			"stdDev": 0.9334068443061054
		},
		"padjSuccPressures": {
			"mean": 4.062133414448273,
			"stdDev": 1.4413894470086226
		},
		"interceptions": {
			"mean": 1.3018006753849423,
			"stdDev": 0.4458173759289903
		},
		"padjInterceptions": {
			"mean": 1.353727752543303,
			"stdDev": 0.5614657552303168
		},
		"succTackles": {
			"mean": 2.077898375819952,
			"stdDev": 0.6668942930752234
		},
		"padjSuccTackles": {
			"mean": 2.1589916648216407,
			"stdDev": 0.8783275661090687
		},
		"dribbleTackleRate": {
			"mean": 45.082436282803606,
			"stdDev": 9.695721091632413
		},
		"aerialSuccRate": {
			"mean": 50.7363072891401,
			"stdDev": 11.587179148012746
		}
	},
	"CB": {
		"pft": {
			"mean": 3.050483667280683,
			"stdDev": 1.4084870388645057
		},
		"padjPFT": {
			"mean": 4.559616460179615,
			"stdDev": 1.5212190851094642
		},
		"progDistance": {
			"mean": 446.1964554455695,
			"stdDev": 123.17229098148441
		},
		"padjProgDistance": {
			"mean": 677.9592118748752,
			"stdDev": 93.01253011769558
		},
		"passSuccRate": {
			"mean": 85.55720410157329,
			"stdDev": 5.034473932847425
		},
		"longPassSuccRate": {
			"mean": 70.00344579465296,
			"stdDev": 8.955583204586691
		},
		"succPressures": {
			"mean": 3.2441528283937284,
			"stdDev": 0.9286304977483643
		},
		"padjSuccPressures_def": {
			"mean": 3.367179070177851,
			"stdDev": 1.3358941237996376
		},
		"interceptions": {
			"mean": 1.4179062584013733,
			"stdDev": 0.49431405596170763
		},
		"padjInterceptions_def": {
			"mean": 1.4532273222432313,
			"stdDev": 0.584376444282114
		},
		"succTackles": {
			"mean": 1.6081391105721035,
			"stdDev": 0.5730363492950684
		},
		"padjSuccTackles_def": {
			"mean": 1.654544693706906,
			"stdDev": 0.7064589296019228
		},
		"dribbleTackleRate": {
			"mean": 46.9338836314413,
			"stdDev": 11.653521562304247
		},
		"fouls": {
			"mean": 1.1691771802945052,