{
	"FW": {
		"npg": {
			"mean": 0.3423918349707575,
			"stdDev": 0.18246415675955413,
			"median": 0.32104682728198164
		},
		"npxg": {
			"mean": 0.33130802966304107,
			"stdDev": 0.12240575555897744,
			"median": 0.31222783723038394
		},
		"npxgPerShot": {
			"mean": 0.13107443333572064,
			"stdDev": 0.03365106146510536,
			"median": 0.1300943396226415
		},
		"succAerials": {
			"mean": 2.3834115096266832,
			"stdDev": 2.0240137917582612,
			"median": 1.919936744898091
		},
		"aerialSuccRate": {
			"mean": 37.10943450555223,
			"stdDev": 12.584424011350043,
			"median": 37.2093023255814
		},
		"boxTouches": {
			"mean": 5.2404414864161355,
			"stdDev": 1.2949419054998268,
			"median": 5.033933624903524
		},
		"padjBoxTouches": {
			"mean": 14.475091468018354,
			"stdDev": 3.9050299074923496,
			"median": 14.058239346854478
		},
		"xa": {
			"mean": 0.12279761738463654,
			"stdDev": 0.06733886731196677,
			"median": 0.1065353051425497
		},
		"padjXA": {
			"mean": 0.3215590439705332,
			"stdDev": 0.13804550222666678,
			"median": 0.3011524916669611
		},
		"ppr": {
			"mean": 7.319149303315498,
			"stdDev": 1.7749691902894726,
			"median": 7.074026516961299
		},
		"padjPPR": {
			"mean": 20.029031325227468,
			"stdDev": 4.60983798099554,
			"median": 19.606336883914064
		},
		"epa": {
			"mean": 1.533392141399974,
			"stdDev": 0.8135913838436715,
			"median": 1.3259419244105566
		},
		"padjEPA": {
			"mean": 4.038391943819297,
			"stdDev": 1.6842979868978858,
			"median": 3.8804229689339733
		},
		"succDribbles": {
			"mean": 1.0132063512505223,
			"stdDev": 0.6473849888977043,
			"median": 0.8741792396517301
		},
		"padjSuccDribbles": {
			"mean": 2.673485099939854,
			"stdDev": 1.4774694257830485,
			"median": 2.4490203918432627
		},
		"turnoversBelowExpected": {
			"mean": -0.17592621609995865,
			"stdDev": 1.3698894040858511,
			"median": -0.1322917781547965
		},
		"succPressures": {
			"mean": 4.0994980489801165,
			"stdDev": 1.173563827259437,
			"median": 4.050286484664644
		},
		"padjSuccPressures_att": {
			"mean": 4.199395402534333,
			"stdDev": 1.613926835179608,
			"median": 3.922335103123526
		}
	},
	"AM": {
		"npg": {
			"mean": 0.21995190135519874,
			"stdDev": 0.14593283773001525,
			"median": 0.20501245330012452
		},
		"npxg": {
			"mean": 0.2074179119449834,
			"stdDev": 0.1038498520302676,
			"median": 0.18744289005289508
		},
		"npxgPerShot": {
			"mean": 0.10071396721049597,
			"stdDev": 0.03664146470301192,
			"median": 0.09404761904761905
		},
		"xa": {
			"mean": 0.1694352371963161,
			"stdDev": 0.07691317792254813,
			"median": 0.1573214776967105
		},
		"padjXA": {
			"mean": 0.32904048273829845,
			"stdDev": 0.1300604563551271,
			"median": 0.3207347780445664
		},
		"sca": {
			"mean": 2.8153022484164842,
			"stdDev": 0.8157197415368262,
			"median": 2.7663212183028634
		},
		"padjSCA": {
			"mean": 5.577925203240112,
			"stdDev": 1.413157182572641,
			"median": 5.5742374221068385
		},
		"epa": {
			"mean": 2.3707069922043957,
			"stdDev": 0.969143003951101,
			"median": 2.2091285907075378
		},
		"padjEPA": {
			"mean": 4.691843932775348,
			"stdDev": 1.815582715198521,
			"median": 4.353053532752357
		},
		"progPasses": {
			"mean": 3.283435356708632,
			"stdDev": 1.2917867234921323,
			"median": 3.153760251341615
		},
		"padjProgPasses": {
			"mean": 6.271008157880163,
			"stdDev": 1.6720497780321033,
			"median": 6.246902874132805
		},
		"progCarries": {
			"mean": 6.012685134484305,
			"stdDev": 1.957050196539301,
			"median": 5.882778745107128
		},
		"padjProgCarries": {
			"mean": 11.860438436536263,
			"stdDev": 3.476033258549329,
			"median": 11.478031748785565
		},
		"passSuccRateAboveExpected": {
			"mean": 0.5937959992945699,
			"stdDev": 2.96747748453425,
			"median": 0.35530586652751356
		},
		"succDribbles": {
			"mean": 1.597363092760431,
			"stdDev": 0.7746174751018942,
			"median": 1.506795232965077
		},
		"padjSuccDribbles": {
			"mean": 3.2081814220689657,
			"stdDev": 1.6266830457435069,
			"median": 3.1061896193475143
		},
		"turnoversBelowExpected": {
			"mean": 0.2620934195159449,
			"stdDev": 1.193724014854282,
			"median": 0.2671207287701239
		},
		"succPressures": {
			"mean": 4.627113224568033,
			"stdDev": 1.1801609214320543,
			"median": 4.599761118056795
		},
		"padjSuccPressures": {
			"mean": 5.027818188812462,
			"stdDev": 1.6545828348116454,
			"median": 4.979709851487597
		}
	},
	"CM": {
		"xa": {
			"mean": 0.08135723006818668,
			"stdDev": 0.05925481287682282,
			"median": 0.07038317691059205
		},
		"padjXA": {
			"mean": 0.13333349765159896,
			"stdDev": 0.09229033011192003,
			"median": 0.11467455593635595
		},
		"sca": {
			"mean": 1.817562170235744,
			"stdDev": 0.7166527496301952,
			"median": 1.752835485682201
		},
		"padjSCA": {
			"mean": 3.0214752862956713,
			"stdDev": 1.1282545131152806,
			"median": 2.9127535704429626
		},
		"eft": {
			"mean": 5.1436896392480635,
			"stdDev": 1.973803518207773,
			"median": 4.835986937308103
		},
		"padjEFT": {
			"mean": 8.268401098924866,
			"stdDev": 1.900477807155993,
			"median": 8.203585824925065
		},
		"progPasses": {
			"mean": 3.9138102056495,
			"stdDev": 1.4083021701827294,
			"median": 3.7780244341428872
		},
		"padjProgPasses": {
			"mean": 6.352361132354791,
			"stdDev": 1.5342589467367396,
			"median": 6.29036827687858
		},
		"progCarries": {
			"mean": 3.872206321392969,
			"stdDev": 1.7377490339151906,
			"median": 3.638409065061632
		},
		"padjProgCarries": {
			"mean": 6.321981544372148,
			"stdDev": 2.385472571363261,
			"median": 5.95355177954136
		},
		"passSuccRateAboveExpected": {
			"mean": 0.32948578041155036,
			"stdDev": 2.092494728363534,
			"median": 0.38364494835297347
		},
		"succDribbles": {
			"mean": 0.8079676825380679,
			"stdDev": 0.44971998700326066,
			"median": 0.7175616919028185
		},
		"padjSuccDribbles": {
			"mean": 1.3695138957217179,
			"stdDev": 0.7906850990331477,
			"median": 1.2773447219536869
		},
		"turnoversBelowExpected": {
			"mean": 0.3142935521381472,
			"stdDev": 0.7463888267092218,
			"median": 0.31475259554693436
		},
		"succPressures": {
			"mean": 5.671321711113369,
			"stdDev": 1.3186133082597635,
			"median": 5.54541462469785
		},
		"padjSuccPressures": {
			"mean": 5.95826351999996,
			"stdDev": 2.121207021232668,
			"median": 5.629990610387925
		},
		"interceptions": {
			"mean": 1.757808565141365,
			"stdDev": 0.598593120750765,
			"median": 1.6998451022595258
		},
		"padjInterceptions": {
			"mean": 1.8127261009152063,
			"stdDev": 0.7038539451963535,
			"median": 1.7120430593467288
		},
		"succTackles": {
			"mean": 2.296240891373956,
			"stdDev": 0.7182122898428646,
			"median": 2.2683011453669533
		},
		"padjSuccTackles": {
			"mean": 2.3893534554019102,
			"stdDev": 0.9230898468059541,
			"median": 2.233230174590527
		},
		"dribbleTackleRate": {
			"mean": 36.9771277272429,
			"stdDev": 9.444190611623762,
			"median": 36.28526645768025
		}
	},
	"FB": {
		"xa": {
			"mean": 0.09343206203438789,
			"stdDev": 0.05891637344580011,
			"median": 0.08339034147954891
		},
		"padjXA": {
			"mean": 0.14273411186238522,
			"stdDev": 0.08358861428279143,
			"median": 0.12264566523051798
		},
		"eft": {
			"mean": 4.365452040998455,
			"stdDev": 1.4128887475122665,
			"median": 4.1324972737186485
		},
		"padjEFT": {
			"mean": 6.64836239214512,
			"stdDev": 1.3359175304203728,
			"median": 6.523102228045508
		},
		"progPasses": {
			"mean": 3.7880696072573485,
			"stdDev": 1.228373080190167,
			"median": 3.627433461193788
		},
		"padjProgPasses": {
			"mean": 5.800615895171514,
			"stdDev": 1.4021478316232068,
			"median": 5.784868272316487
		},
		"progCarries": {
			"mean": 4.674796347324778,
			"stdDev": 1.6849679401861457,
			"median": 4.554898170491507
		},
		"padjProgCarries": {
			"mean": 7.1731986559090215,
			"stdDev": 2.185049064778062,
			"median": 6.9422745876093135
		},
		"passSuccRateAboveExpected": {
			"mean": 0.664628940823901,
			"stdDev": 2.0139575306833173,