{
	"FW": {
		"npg": {
			"mean": 0.3423918349707575,
			"stdDev": 0.18246415675955413
		},
		"npxg": {
			"mean": 0.33130802966304107,
			"stdDev": 0.12240575555897744
		},
		"npxgPerShot": {
			"mean": 0.13107443333572064,
			"stdDev": 0.03365106146510536
		},
		"succAerials": {
			"mean": 2.3834115096266832,
			"stdDev": 2.0240137917582612
		},
		"aerialSuccRate": {
			"mean": 37.10943450555223,
			"stdDev": 12.584424011350043
		},
		"boxTouches": {
			"mean": 5.2404414864161355,
			"stdDev": 1.2949419054998268
		},
		"padjBoxTouches": {
			"mean": 14.475091468018354,
			"stdDev": 3.9050299074923496
		},
		"xa": {
			"mean": 0.12279761738463654,
			"stdDev": 0.06733886731196677
		},
		"padjXA": {
			"mean": 0.3215590439705332,
			"stdDev": 0.13804550222666678
		},
		"ppa": {
			"mean": 0.7794385642177011,
			"stdDev": 0.47214587804080227
		},
		"padjPPA": {
			"mean": 2.0151437176878817,
			"stdDev": 0.9236326559632186
		},
		"succDribbles": {
			"mean": 1.0132063512505223,
			"stdDev": 0.6473849888977043
		},
		"padjSuccDribbles": {
			"mean": 2.673485099939854,
			"stdDev": 1.4774694257830485
		},
		"dribbleSuccRate": {
			"mean": 48.602723043410336,
			"stdDev": 10.804804364943465
		},
		"turnovers": {
			"mean": 4.692548954695101,
			"stdDev": 1.3692287845193845
		},
		"padjTurnovers": {
			"mean": 12.93739208603725,
			"stdDev": 3.884975206569606
		},
		"succPressures": {
			"mean": 4.0994980489801165,
			"stdDev": 1.173563827259437
		},
		"padjSuccPressures_att": {
			"mean": 4.199395402534333,
			"stdDev": 1.613926835179608
		}
	},
	"AM": {
		"npg": {
			"mean": 0.21995190135519874,
			"stdDev": 0.14593283773001525
		},
		"npxg": {
			"mean": 0.2074179119449834,
			"stdDev": 0.1038498520302676
		},
		"npxgPerShot": {
			"mean": 0.10071396721049597,
			"stdDev": 0.03664146470301192
		},
		"xa": {
			"mean": 0.1694352371963161,
			"stdDev": 0.07691317792254813
		},
		"padjXA": {
			"mean": 0.32904048273829845,
			"stdDev": 0.1300604563551271
		},
		"sca": {
			"mean": 2.8153022484164842,
			"stdDev": 0.8157197415368262
		},
		"padjSCA": {
			"mean": 5.577925203240112,
			"stdDev": 1.413157182572641
		},
		"ppa": {
			"mean": 1.3753568361669608,
			"stdDev": 0.5435031690157301
		},
		"padjPPA": {
			"mean": 2.675123393187637,
			"stdDev": 0.8763272526843627
		},
		"progDistance": {
			"mean": 250.51159999703702,
			"stdDev": 77.2335749492188
		},
		"padjProgDistance": {
			"mean": 484.6498628245434,
			"stdDev": 84.19355311855645
		},
		"passSuccRate": {
			"mean": 74.63196564754465,
			"stdDev": 6.575798428721107
		},
		"succDribbles": {
			"mean": 1.597363092760431,
			"stdDev": 0.7746174751018942
		},
		"padjSuccDribbles": {
			"mean": 3.2081814220689657,
			"stdDev": 1.6266830457435069
		},
		"dribbleSuccRate": {
			"mean": 51.47551722657288,
			"stdDev": 8.217770914238859
		},
		"turnovers": {
			"mean": 4.0681064718449,
			"stdDev": 1.2226243766350875
		},
		"padjTurnovers": {
			"mean": 8.346685230165022,
			"stdDev": 3.106091224259671
		},
		"succPressures": {
			"mean": 4.627113224568033,
			"stdDev": 1.1801609214320543
		},
		"padjSuccPressures": {
			"mean": 5.027818188812462,
			"stdDev": 1.6545828348116454
		}
	},
	"CM": {
		"xa": {
			"mean": 0.08135723006818668,
			"stdDev": 0.05925481287682282
		},
		"padjXA": {
			"mean": 0.13333349765159896,
			"stdDev": 0.09229033011192003
		},
		"sca": {
			"mean": 1.817562170235744,
			"stdDev": 0.7166527496301952
		},
		"padjSCA": {
			"mean": 3.0214752862956713,
			"stdDev": 1.1282545131152806
		},
		"pft": {
			"mean": 3.9065306808683196,
			"stdDev": 1.6220171629722422
		},
		"padjPFT": {
			"mean": 6.2366029565998815,
			"stdDev": 1.5573634626834947
		},
		"progDistance": {
			"mean": 298.4859791659489,
			"stdDev": 99.0258704783078
		},
		"padjProgDistance": {
			"mean": 482.20271440425284,
			"stdDev": 80.0810171948826
		},
		"passSuccRate": {
			"mean": 81.89060733585778,
			"stdDev": 5.793468075441888
		},
		"succDribbles": {
			"mean": 0.8079676825380679,
			"stdDev": 0.44971998700326066
		},
		"padjSuccDribbles": {
			"mean": 1.3695138957217179,
			"stdDev": 0.7906850990331477
		},
		"dribbleSuccRate": {
			"mean": 61.19827075708838,
			"stdDev": 11.890137870180462
		},
		"turnovers": {
			"mean": 2.066784030299034,
			"stdDev": 0.8717666403763096
		},
		"padjTurnovers": {
			"mean": 3.591114365916406,
			"stdDev": 1.7639474303611262
		},
		"succPressures": {
			"mean": 5.671321711113369,
			"stdDev": 1.3186133082597635
		},
		"padjSuccPressures": {
			"mean": 5.95826351999996,
			"stdDev": 2.121207021232668
		},
		"interceptions": {
			"mean": 1.757808565141365,
			"stdDev": 0.598593120750765
		},
		"padjInterceptions": {
			"mean": 1.8127261009152063,
			"stdDev": 0.7038539451963535
		},
		"succTackles": {
			"mean": 2.296240891373956,
			"stdDev": 0.7182122898428646
		},
		"padjSuccTackles": {
			"mean": 2.3893534554019102,
			"stdDev": 0.9230898468059541
		},
		"dribbleTackleRate": {
			"mean": 36.9771277272429,
			"stdDev": 9.444190611623762
		}
	},
	"FB": {
		"xa": {
			"mean": 0.09343206203438789,
			"stdDev": 0.05891637344580011
		},
		"padjXA": {
			"mean": 0.14273411186238522,
			"stdDev": 0.08358861428279143
		},
		"pft": {
			"mean": 2.7791480620198956,
			"stdDev": 1.169290856645221
		},
		"padjPFT": {
			"mean": 4.203084062718694,
			"stdDev": 1.2303998962530258
		},
		"progDistance": {
			"mean": 398.1857087279663,
			"stdDev": 84.7776600056162
		},
		"padjProgDistance": {
			"mean": 612.7016836778149,
			"stdDev": 69.3168145070701
		},
		"passSuccRate": {
			"mean": 76.93035722036907,
			"stdDev": 5.88201391366615
		},
		"succDribbles": {
			"mean": 0.8475486599493783,
			"stdDev": 0.5104046484037231
		},
		"padjSuccDribbles": {
			"mean": 1.3302419993560761,
			"stdDev": 0.7755911572945773
		},
		"dribbleSuccRate": {
			"mean": 52.849248073159096,
			"stdDev": 11.951854127134268
		},
		"turnovers": {
			"mean": 1.8200145579728648,
			"stdDev": 0.7511535137471737
		},
		"padjTurnovers": {
			"mean": 2.895785008629592,
			"stdDev": 1.3211913572387215
		},
		"succPressures": {
			"mean": 4.077920704843422,
			"stdDev": 1.033952944344527
		},
		"padjSuccPressures": {
			"mean": 4.311691842527204,
			"stdDev": 1.5244402497065141
		},
		"interceptions": {
			"mean": 1.8944572849416361,
			"stdDev": 0.5697467252718049
		},
		"padjInterceptions": {
			"mean": 1.9650245198230902,
			"stdDev": 0.6722052868516702
		},
		"succTackles": {
			"mean": 2.199889916041863,
			"stdDev": 0.7005841378986348
		},
		"padjSuccTackles": {
			"mean": 2.3048877174269244,
			"stdDev": 0.8831345542551008
		},
		"dribbleTackleRate": {
			"mean": 48.07416632024109,
			"stdDev": 10.434742358868244
		},
		"aerialSuccRate": {
			"mean": 49.939556006591076,
			"stdDev": 11.193014132418588
		}
	},
	"CB": {
		"pft": {
			"mean": 2.8970507503296057,
			"stdDev": 1.4447982951364453
		},
		"padjPFT": {
			"mean": 4.476025414591786,
			"stdDev": 1.5648554457656925
		},
		"progDistance": {
			"mean": 423.7682569638772,
			"stdDev": 129.55822886331077
		},
		"padjProgDistance": {
			"mean": 666.5310190035232,
			"stdDev": 101.48276135590967
		},
		"passSuccRate": {
			"mean": 84.60828874560225,
			"stdDev": 5.422698024336776
		},
		"longPassSuccRate": {
			"mean": 68.98346560692265,
			"stdDev": 9.465181276426293
		},
		"succPressures": {
			"mean": 3.366295522675331,
			"stdDev": 1.0892251499021384
		},
		"padjSuccPressures_def": {
			"mean": 3.4933599072212567,
			"stdDev": 1.4883590264703237
		},
		"interceptions": {
			"mean": 2.11684109499825,
			"stdDev": 0.6105394011848366
		},
		"padjInterceptions_def": {
			"mean": 2.1748734767085742,
			"stdDev": 0.8056532126808615
		},
		"succTackles": {
			"mean": 1.6634238773399168,
			"stdDev": 0.5959620344793135
		},
		"padjSuccTackles_def": {
			"mean": 1.7141450621768444,
			"stdDev": 0.7410816543010806
		},
		"dribbleTackleRate": {
			"mean": 52.23053032330002,
			"stdDev": 11.21105260359071
		},
		"fouls": {
			"mean": 1.0729907748320018,