{
	"FW": {
		"npg": {
			"mean": 0.3423918349707575,
			"stdDev": 0.18246415675955413
		},
		"npxg": {
			"mean": 0.33130802966304107,
			"stdDev": 0.12240575555897744
		},
		"npxgPerShot": {
			"mean": 0.13107443333572064,
			"stdDev": 0.03365106146510536
		},
		"succAerials": {
			"mean": 2.3834115096266832,
			"stdDev": 2.0240137917582612
		},
		"aerialSuccRate": {
			"mean": 37.10943450555223,
			"stdDev": 12.584424011350043
		},
		"boxTouches": {
			"mean": 5.2404414864161355,
			"stdDev": 1.2949419054998268
		},
		"padjBoxTouches": {
			"mean": 14.475091468018354,
			"stdDev": 3.9050299074923496
		},
		"xa": {
			"mean": 0.12279761738463654,
			"stdDev": 0.06733886731196677
		},
		"padjXA": {
			"mean": 0.3215590439705332,
			"stdDev": 0.13804550222666678
		},
		"ppr": {
			"mean": 7.319149303315498,
			"stdDev": 1.7749691902894726
		},
		"padjPPR": {
			"mean": 20.029031325227468,
			"stdDev": 4.60983798099554
		},
		"epa": {
			"mean": 1.533392141399974,
			"stdDev": 0.8135913838436715
		},
		"padjEPA": {
			"mean": 4.038391943819297,
			"stdDev": 1.6842979868978858
		},
		"succDribbles": {
			"mean": 1.0132063512505223,
			"stdDev": 0.6473849888977043
		},
		"padjSuccDribbles": {
			"mean": 2.673485099939854,
			"stdDev": 1.4774694257830485
		},
		"turnovers": {
			"mean": 5.742461167576495,
			"stdDev": 1.7474122959382643
		},
		"padjTurnovers": {
			"mean": 15.764649124236003,
			"stdDev": 4.667824266199862
		},
		"succPressures": {
			"mean": 4.0994980489801165,
			"stdDev": 1.173563827259437
		},
		"padjSuccPressures_att": {
			"mean": 4.199395402534333,
			"stdDev": 1.613926835179608
		}
	},
	"AM": {
		"npg": {
			"mean": 0.21995190135519874,
			"stdDev": 0.14593283773001525
		},
		"npxg": {
			"mean": 0.2074179119449834,
			"stdDev": 0.1038498520302676
		},
		"npxgPerShot": {
			"mean": 0.10071396721049597,
			"stdDev": 0.03664146470301192
		},
		"xa": {
			"mean": 0.1694352371963161,
			"stdDev": 0.07691317792254813
		},
		"padjXA": {
			"mean": 0.32904048273829845,
			"stdDev": 0.1300604563551271
		},
		"sca": {
			"mean": 2.8153022484164842,
			"stdDev": 0.8157197415368262
		},
		"padjSCA": {
			"mean": 5.577925203240112,
			"stdDev": 1.413157182572641
		},
		"epa": {
			"mean": 2.3707069922043957,
			"stdDev": 0.969143003951101
		},
		"padjEPA": {
			"mean": 4.691843932775348,
			"stdDev": 1.815582715198521
		},
		"progPasses": {
			"mean": 3.283435356708632,
			"stdDev": 1.2917867234921323
		},
		"padjProgPasses": {
			"mean": 6.271008157880163,
			"stdDev": 1.6720497780321033
		},
		"progCarries": {
			"mean": 6.012685134484305,
			"stdDev": 1.957050196539301
		},
		"padjProgCarries": {
			"mean": 11.860438436536263,
			"stdDev": 3.476033258549329
		},
		"passSuccRate": {
			"mean": 74.63196564754465,
			"stdDev": 6.575798428721107
		},
		"succDribbles": {
			"mean": 1.597363092760431,
			"stdDev": 0.7746174751018942
		},
		"padjSuccDribbles": {
			"mean": 3.2081814220689657,
			"stdDev": 1.6266830457435069
		},
		"turnovers": {
			"mean": 5.557932753748046,
			"stdDev": 1.732526736544549
		},
		"padjTurnovers": {
			"mean": 11.391506358964234,
			"stdDev": 4.296661483255766
		},
		"succPressures": {
			"mean": 4.627113224568033,
			"stdDev": 1.1801609214320543
		},
		"padjSuccPressures": {
			"mean": 5.027818188812462,
			"stdDev": 1.6545828348116454
		}
	},
	"CM": {
		"xa": {
			"mean": 0.08135723006818668,
			"stdDev": 0.05925481287682282
		},
		"padjXA": {
			"mean": 0.13333349765159896,
			"stdDev": 0.09229033011192003
		},
		"sca": {
			"mean": 1.817562170235744,
			"stdDev": 0.7166527496301952
		},
		"padjSCA": {
			"mean": 3.0214752862956713,
			"stdDev": 1.1282545131152806
		},
		"eft": {
			"mean": 5.1436896392480635,
			"stdDev": 1.973803518207773
		},
		"padjEFT": {
			"mean": 8.268401098924866,
			"stdDev": 1.900477807155993
		},
		"progPasses": {
			"mean": 3.9138102056495,
			"stdDev": 1.4083021701827294
		},
		"padjProgPasses": {
			"mean": 6.352361132354791,
			"stdDev": 1.5342589467367396
		},
		"progCarries": {
			"mean": 3.872206321392969,
			"stdDev": 1.7377490339151906
		},
		"padjProgCarries": {
			"mean": 6.321981544372148,
			"stdDev": 2.385472571363261
		},
		"passSuccRate": {
			"mean": 81.89060733585778,
			"stdDev": 5.793468075441888
		},
		"succDribbles": {
			"mean": 0.8079676825380679,
			"stdDev": 0.44971998700326066
		},
		"padjSuccDribbles": {
			"mean": 1.3695138957217179,
			"stdDev": 0.7906850990331477
		},
		"turnovers": {
			"mean": 2.585441694870389,
			"stdDev": 1.126187638365653
		},
		"padjTurnovers": {
			"mean": 4.494525067880746,
			"stdDev": 2.279768804487437
		},
		"succPressures": {
			"mean": 5.671321711113369,
			"stdDev": 1.3186133082597635
		},
		"padjSuccPressures": {
			"mean": 5.95826351999996,
			"stdDev": 2.121207021232668
		},
		"interceptions": {
			"mean": 1.757808565141365,
			"stdDev": 0.598593120750765
		},
		"padjInterceptions": {
			"mean": 1.8127261009152063,
			"stdDev": 0.7038539451963535
		},
		"succTackles": {
			"mean": 2.296240891373956,
			"stdDev": 0.7182122898428646
		},
		"padjSuccTackles": {
			"mean": 2.3893534554019102,
			"stdDev": 0.9230898468059541
		},
		"dribbleTackleRate": {
			"mean": 36.9771277272429,
			"stdDev": 9.444190611623762
		}
	},
	"FB": {
		"xa": {
			"mean": 0.09343206203438789,
			"stdDev": 0.05891637344580011
		},
		"padjXA": {
			"mean": 0.14273411186238522,
			"stdDev": 0.08358861428279143
		},
		"eft": {
			"mean": 4.365452040998455,
			"stdDev": 1.4128887475122665
		},
		"padjEFT": {
			"mean": 6.64836239214512,
			"stdDev": 1.3359175304203728
		},
		"progPasses": {
			"mean": 3.7880696072573485,
			"stdDev": 1.228373080190167
		},
		"padjProgPasses": {
			"mean": 5.800615895171514,
			"stdDev": 1.4021478316232068
		},
		"progCarries": {
			"mean": 4.674796347324778,
			"stdDev": 1.6849679401861457
		},
		"padjProgCarries": {
			"mean": 7.1731986559090215,
			"stdDev": 2.185049064778062
		},
		"passSuccRate": {
			"mean": 76.93035722036907,
			"stdDev": 5.88201391366615
		},
		"succDribbles": {
			"mean": 0.8475486599493783,
			"stdDev": 0.5104046484037231
		},
		"padjSuccDribbles": {
			"mean": 1.3302419993560761,
			"stdDev": 0.7755911572945773
		},
		"turnovers": {
			"mean": 2.568347467701302,
			"stdDev": 1.1259133495901799
		},
		"padjTurnovers": {
			"mean": 4.075077373836491,
			"stdDev": 1.9149691414284933
		},
		"succPressures": {
			"mean": 4.077920704843422,
			"stdDev": 1.033952944344527
		},
		"padjSuccPressures": {
			"mean": 4.311691842527204,
			"stdDev": 1.5244402497065141
		},
		"interceptions": {
			"mean": 1.8944572849416361,
			"stdDev": 0.5697467252718049
		},
		"padjInterceptions": {
			"mean": 1.9650245198230902,
			"stdDev": 0.6722052868516702
		},
		"succTackles": {
			"mean": 2.199889916041863,
			"stdDev": 0.7005841378986348
		},
		"padjSuccTackles": {
			"mean": 2.3048877174269244,
			"stdDev": 0.8831345542551008
		},
		"dribbleTackleRate": {
			"mean": 48.07416632024109,
			"stdDev": 10.434742358868244
		},
		"aerialSuccRate": {
			"mean": 49.939556006591076,
			"stdDev": 11.193014132418588
		}
	},
	"CB": {
		"eft": {
			"mean": 3.3902342013565314,
			"stdDev": 1.766547451652018
		},
		"padjEFT": {
			"mean": 5.2313016550975275,
			"stdDev": 1.9636316397311302
		},
		"progPasses": {
			"mean": 2.685605504696524,
			"stdDev": 1.139856976645076
		},
		"padjProgPasses": {
			"mean": 4.20890468471145,
			"stdDev": 1.2996957712567074
		},
		"progCarries": {
			"mean": 2.5367912253389315,
			"stdDev": 1.544551514180101
		},
		"padjProgCarries": {
			"mean": 3.8774440506071453,
			"stdDev": 1.7930327731206044
		},
		"passSuccRate": {
			"mean": 84.60828874560225,
			"stdDev": 5.422698024336776
		},
		"longPassSuccRate": {
			"mean": 68.98346560692265,
			"stdDev": 9.465181276426293
		},
		"succPressures": {
			"mean": 3.366295522675331,
			"stdDev": 1.0892251499021384
		},
		"padjSuccPressures_def": {
			"mean": 3.4933599072212567,
			"stdDev": 1.4883590264703237
		},