{
	"FW": {
		"npg": {
			"mean": 0.34354935153743094,
			"stdDev": 0.16969835921821852,
			"median": 0.3155762808986544
		},
		"npxg": {
			"mean": 0.3358300676544254,
			"stdDev": 0.11624106953133834,
			"median": 0.31277021354652723
		},
		"npxgPerShot": {
			"mean": 0.13175805078954475,
			"stdDev": 0.033012602934245606,
			"median": 0.13074336604870956
		},
		"succAerials": {
			"mean": 2.3743623152837396,
			"stdDev": 2.019868738193112,
			"median": 1.9533693897397328
		},
		"aerialSuccRate": {
			"mean": 37.18432458594477,
			"stdDev": 12.224999833287919,
			"median": 37.78923253150057
		},
		"boxTouches": {
			"mean": 5.299542146748329,
			"stdDev": 1.2875587082206845,
			"median": 5.118795005918779
		},
		"padjBoxTouches": {
			"mean": 14.631542343875743,
			"stdDev": 3.9235903008035233,
			"median": 14.35842370879416
		},
		"xa": {
			"mean": 0.12636038854338774,
			"stdDev": 0.06735920557221539,
			"median": 0.1109004119531812
		},
		"padjXA": {
			"mean": 0.33113382728478397,
			"stdDev": 0.13789388302442854,
			"median": 0.30171143017188007
		},
		"ppr": {
			"mean": 7.297071550572213,
			"stdDev": 1.7422451981668041,
			"median": 6.99035414459105
		},
		"padjPPR": {
			"mean": 19.95937433975495,
			"stdDev": 4.585015174997916,
			"median": 19.588453661034308
		},
		"epa": {
			"mean": 1.5516662023850598,
			"stdDev": 0.826366130848562,
			"median": 1.3654457992113072
		},
		"padjEPA": {
			"mean": 4.072496465794098,
			"stdDev": 1.6699394890009074,
			"median": 3.8974723906230757
		},
		"succDribbles": {
			"mean": 1.0002041920733464,
			"stdDev": 0.6431023562929079,
			"median": 0.8631083765588787
		},
		"padjSuccDribbles": {
			"mean": 2.6344099539462875,
			"stdDev": 1.4566809419589732,
			"median": 2.3925081040695084
		},
		"turnoversBelowExpected": {
			"mean": -0.28104899010997525,
			"stdDev": 1.2712269868599442,
			"median": -0.22118711241058508
		},
		"succPressures": {
			"mean": 4.133478216903143,
			"stdDev": 1.1189824474520416,
			"median": 4.022362349385185
		},
		"padjSuccPressures_att": {
			"mean": 4.244574620689161,
			"stdDev": 1.5420120014473562,
			"median": 3.9453465267338195
		}
	},
	"AM": {
		"npg": {
			"mean": 0.2201989207118883,
			"stdDev": 0.14522453271083788,
			"median": 0.20311306340718105
		},
		"npxg": {
			"mean": 0.20672812817523864,
			"stdDev": 0.10424213809996816,
			"median": 0.18502168124895174
		},
		"npxgPerShot": {
			"mean": 0.10109500781852468,
			"stdDev": 0.03683546172257698,
			"median": 0.09534965034965034
		},
		"xa": {
			"mean": 0.1699664222847147,
			"stdDev": 0.0735053553062532,
			"median": 0.16089892583799578
		},
		"padjXA": {
			"mean": 0.33038998867292796,
			"stdDev": 0.12318527645550456,
			"median": 0.3220170870809946
		},
		"sca": {
			"mean": 2.837047223922413,
			"stdDev": 0.7868484885553101,
			"median": 2.7615562169713908
		},
		"padjSCA": {
			"mean": 5.620958007731561,
			"stdDev": 1.3393307545322504,
			"median": 5.574768375179633
		},
		"epa": {
			"mean": 2.3474534203740376,
			"stdDev": 0.9364841633920692,
			"median": 2.2241387623164974
		},
		"padjEPA": {
			"mean": 4.6495176497412745,
			"stdDev": 1.7618857601285591,
			"median": 4.357566798838017
		},
		"progPasses": {
			"mean": 3.2653032956484145,
			"stdDev": 1.2712896379836767,
			"median": 3.131164769124953
		},
		"padjProgPasses": {
			"mean": 6.23469304468097,
			"stdDev": 1.6030298509077978,
			"median": 6.19113288150564
		},
		"progCarries": {
			"mean": 5.987439966618571,
			"stdDev": 1.945978901640581,
			"median": 5.845323942212387
		},
		"padjProgCarries": {
			"mean": 11.814308527028121,
			"stdDev": 3.4742603672023993,
			"median": 11.570282598704146
		},
		"passSuccRate": {
			"mean": 74.77103377635906,
			"stdDev": 6.531940989452588,
			"median": 75.23014713046868
		},
		"succDribbles": {
			"mean": 1.5654130955652017,
			"stdDev": 0.7589776114571672,
			"median": 1.5073158187883158
		},
		"padjSuccDribbles": {
			"mean": 3.148800284736468,
			"stdDev": 1.6163316544068975,
			"median": 3.020390641288715
		},
		"turnoversBelowExpected": {
			"mean": 0.12948164263094136,
			"stdDev": 1.1381342727167985,
			"median": 0.07535923064645574
		},
		"succPressures": {
			"mean": 4.642612454836932,
			"stdDev": 1.1794557972389177,
			"median": 4.5882346615028675
		},
		"padjSuccPressures": {
			"mean": 5.076431095613009,
			"stdDev": 1.677956468964729,
			"median": 5.023152603532312
		}
	},
	"CM": {
		"xa": {
			"mean": 0.08277906100537906,
			"stdDev": 0.05816651321813972,
			"median": 0.07126759283450525
		},
		"padjXA": {
			"mean": 0.13570000425050482,
			"stdDev": 0.09022011842395969,
			"median": 0.11624907224937936
		},
		"sca": {
			"mean": 1.8284230192241882,
			"stdDev": 0.6949157372958009,
			"median": 1.741312058757196
		},
		"padjSCA": {
			"mean": 3.0337073380305304,
			"stdDev": 1.0854098412973756,
			"median": 2.8678445072286705
		},
		"eft": {
			"mean": 5.13616286835999,
			"stdDev": 1.9316499132995744,
			"median": 4.840805481983956
		},
		"padjEFT": {
			"mean": 8.246867662189604,
			"stdDev": 1.834594711727691,
			"median": 8.09995051954478
		},
		"progPasses": {
			"mean": 3.924120375248465,
			"stdDev": 1.3713519184152687,
			"median": 3.821686576684135
		},
		"padjProgPasses": {
			"mean": 6.361524837189524,
			"stdDev": 1.4837029093524856,
			"median": 6.2795036752518305
		},
		"progCarries": {
			"mean": 3.884590858948311,
			"stdDev": 1.7109160887243877,
			"median": 3.630950328489058
		},
		"padjProgCarries": {
			"mean": 6.333306172394519,
			"stdDev": 2.370094231805282,
			"median": 6.021714759878694
		},
		"passSuccRate": {
			"mean": 81.9850912387949,
			"stdDev": 5.694554279634439,
			"median": 82.50317837946703
		},
		"succDribbles": {
			"mean": 0.7827035724405937,
			"stdDev": 0.426317729674831,
			"median": 0.672693943151511
		},
		"padjSuccDribbles": {
			"mean": 1.3238804270286373,
			"stdDev": 0.7490997868705899,
			"median": 1.2028066828844854
		},
		"turnoversBelowExpected": {
			"mean": 0.2093230915212912,
			"stdDev": 0.7004391167595885,
			"median": 0.24005006515303984
		},
		"succPressures": {
			"mean": 5.65427540542633,
			"stdDev": 1.2689009279054357,
			"median": 5.567518955407648
		},
		"padjSuccPressures": {
			"mean": 5.967068275110264,
			"stdDev": 2.0691575848978743,
			"median": 5.56751478466537
		},
		"interceptions": {
			"mean": 1.7323062424143865,
			"stdDev": 0.5633111388210893,
			"median": 1.6854691136496882
		},
		"padjInterceptions": {
			"mean": 1.8000073897240831,
			"stdDev": 0.6844841473965154,
			"median": 1.6994303646031619
		},
		"succTackles": {
			"mean": 2.2773330791609214,
			"stdDev": 0.6864340507114581,
			"median": 2.223122571880724
		},
		"padjSuccTackles": {
			"mean": 2.3836596044509832,
			"stdDev": 0.903770626345198,
			"median": 2.2214718552399697
		},
		"dribbleTackleRate": {
			"mean": 37.112464130153825,
			"stdDev": 8.834383994271546,
			"median": 36.971411554496726
		}
	},
	"FB": {
		"xa": {
			"mean": 0.09486625420888421,
			"stdDev": 0.05797612759871007,
			"median": 0.0842905452717514
		},
		"padjXA": {
			"mean": 0.14552299417082853,
			"stdDev": 0.08285110219256155,
			"median": 0.13165433335098675
		},
		"eft": {
			"mean": 4.352608749216196,
			"stdDev": 1.407174027437343,
			"median": 4.115552179992111
		},
		"padjEFT": {
			"mean": 6.642268312066196,
			"stdDev": 1.2984727750412046,
			"median": 6.566691981024448
		},
		"progPasses": {
			"mean": 3.7618651312227582,
			"stdDev": 1.191832945718208,
			"median": 3.6255044262984035
		},
		"padjProgPasses": {
			"mean": 5.774500783093439,
			"stdDev": 1.3218418879872749,
			"median": 5.7703712657394455
		},
		"progCarries": {
			"mean": 4.6409394314643295,
			"stdDev": 1.6360350480294994,
			"median": 4.50499524262607
		},
		"padjProgCarries": {
			"mean": 7.14215728880489,
			"stdDev": 2.1247731710988167,
			"median": 6.93020259463302
		},
		"passSuccRate": {
			"mean": 77.07428130046635,
			"stdDev": 5.743094566159353,
			"median": 76.75895830640147
		},